Post,Link,Posting Date,Image,Reactions,Comments,Shares
,https://web.facebook.com//notes/axa-philippines/axa-covid-19-advisories/10157063051028148/?__xts__%5B0%5D=68.ARCwIphr8rpxmtFBjoGgvelwOUKG1-MgkJQOz5o8xjQ2rn5o8smr37urXg2O4ZDNOLYbz4JnMlrUSPvog6Ls-IVUFAaLDLyBeEwbz0oUCucFXJVT9Hv8xrVdJBekD3zY1KfWRXOJzKWC5gxEOujWlhOUnI9lWonF38Vcj6rTB_zDQ-NurxibFqGF2jeQYsWXq94rcdUYnT33rJJ9pSyX11oh8IdsDgssJrVCpIX1QJNcHAbVNf0zt_DQvn5UdPuYnKlr1LALC6JZNMskOGd1xHQeSjpUaA9Azw2GHpeOAQJEg7gGfY_qwJvU_9r3dozxE0vD7jQN6-fflRxM0lo&__tn__=-R,2020-03-24 12:30:52,,"{'Total': '342', 'Like': '295', 'Love': '44', 'Wow': '3'}","{'Ricky Suarez': {'text': ""Dear AXA,I just realized that I'm losing 440k from my investment! Since your myaxa was down for the past week, it's only now that I had access. During the stock free fall, you were too pre-occupied with the covid-19 neglecting your single-pay  invest‚Ä¶See More"", 'post_date': '1585478968'}, 'Nita Carreon Oevretveit': {'text': 'I can no longer send an epost to my agent. Why? I wonder if there is something wrong going on with our investments.', 'post_date': '1585138509'}, 'Eleese De Quen': {'text': ""If worldwide many policy holder died,  a big budget of AXA needed to be released for their policy holder. For me, I don't care of my AXA insurance all I need is I am still alive."", 'post_date': '1585063189'}, 'Joan Espina': {'text': 'Can‚Äôt access my accnt.', 'post_date': '1585057034'}, 'Mikay Jean': {'text': 'Included ADA for retire smart 2030?', 'post_date': '1585054997'}, 'Angelica Magtibay': {'text': 'Hello why cant i still get into my account? It keep saying i am not registered but im a member since april 2018 ü§¶üèº\u200d‚ôÄÔ∏èüò≠', 'post_date': '1585191070'}, 'Chen Reyes Pascua': {'text': 'Thank you..but does auto debit from BDO included???', 'post_date': '1585055530'}, 'Leesh Vertudazo Cortes-Estrella': {'text': 'Hi axa, is the extension of policy payment also applicable here in Visayas?  Thanks!', 'post_date': '1585643188'}, 'Regor Atsitaub Retnemerg': {'text': 'My due date is on march 28, 2020. I still have 60days grace period. That would be on may28. Am i correct?', 'post_date': '1585053939'}, 'James Jemenez': {'text': 'Thank you', 'post_date': '1585053114'}, 'Gina Gajelloma Elopre': {'text': 'üôèüôèüôè', 'post_date': '1585057924'}, 'Roth Schneider': {'text': ""I thought life was so hard, But when I found out about binary, life became easy. Binary option trading is reliable when you invest with the right account manager like Mr Johnny Godfrey he's legit and reliable. I invested with him and got my withdrawal in just 7days. Mr Johnny Godfrey is 100% reliable. If you're interested you can contact him onhttps://www.facebook.com/Johnny.Godfrey.0"", 'post_date': '1585977116'}, 'Che Reyes': {'text': 'Can‚Äôt access my account po!', 'post_date': '1585181801'}}",235
Got a question about your health insurance coverage in relation to COVID-19? We have compiled the commonly asked questions. Stay safe and informed! Learn more here: bit.ly/3aKJTiY,https://web.facebook.com//AXA.Philippines/photos/a.422772563147/10157106400398148/?type=3&__xts__%5B0%5D=68.ARCtI65lsoMMg4wxWV_ul-TNiSSEYq6zTaMMH9PVoXONvGR410LGQpFN1DeglBA6dN97NvUr74SaxIwSrxc5P2HvaepkTOCxhAHUVYl3Uamo4sm5mZlQzajMDkbZrQD1Nx3Is0lh0_OC7jhG5zmVsCPMXpRHHVHIK3Vx9_-2_k0MlJYSTPr3hxOMyAylf5CDN_f8-zrMymOZNod6mH0ED34LtKrIbwDXayLByUdGmeGgizEsUbEGieg5Hn5nRQvnPP3afky_BUE2fgGcovR0ucPZrb0LNApyXKYWo4IL5R5r3-2cF0VnhQVQDQn7dF9bdr5-2gnCvga5iAkQFx0R&__tn__=-R,2020-04-06 08:30:00,https://scontent.fmnl5-1.fna.fbcdn.net/v/t1.0-9/s1080x2048/92024439_10157106400408148_6401532807750877184_o.jpg?_nc_cat=107&_nc_sid=8024bb&_nc_eui2=AeGxeq0cIcgedZZMoFoFKkx5PodcjVramyg-h1yNWtqbKMY0jD-DSpEmqLdasZGvUdP-Ub1WXXZCb1EnICC2XOeX&_nc_ohc=zV6UXWFq5VMAX9n5Y7a&_nc_ht=scontent.fmnl5-1.fna&_nc_tp=7&oh=4734194cd7f3d2b08bf4703aca5f8a7f&oe=5EB0A386,"{'Total': '134', 'Like': '119', 'Love': '15'}","{'Flo Maguisa': {'text': 'Thanks for the update!', 'post_date': '1586164033'}, 'Mhell Alngig': {'text': 'Wow', 'post_date': '1586186094'}, 'ÂäâÂ∑≤Áá¶': {'post_date': '1586201233'}, 'Cess Villanueva': {'text': 'Got health insurance when I was 21 years old. Never regret to have one. In these times, we need to prepare for the unexpected events. One step to financial security üòâ', 'post_date': '1586188602'}}",66
,https://web.facebook.com//AXA.Philippines/posts/10157106333653148?__xts__%5B0%5D=68.ARAskMxApH2c_1JPxWeu7mAcOqnommkGhXoo7TzFu0DMG4vdrCRmdMxqX52D-KOm5tb2Ef-vde6B8Rpqg6GPNwG0IxguHy9h_Q1FE1HV1ykDH1k3Mtyejiu7xkx8bnDXaL-OoD8n6jwc8kvZNYt8evlsQtFNO7NnPwEh7YtGn0VLoRy7EZ5j-tXGfoWPaNEz-9yAmsMlBouJtjmNd6pnEyjZxV9tll_I26qWvFJXtpcDScCYrcLwFLWaaJdPqupYwlu_2E_kEoYCu44fGm1T8vpWQYpQI410xEaai_WmEcskV_IdAhHqHV5Q2utTj1PfOpMA6yChNX3nNOlubTqk&__tn__=-R,2020-04-06 07:20:56,https://scontent.fmnl5-1.fna.fbcdn.net/v/t1.0-0/c147.0.597.313a/s526x296/74493645_10156708003258148_441169823645302784_n.png?_nc_cat=101&_nc_sid=dd9801&_nc_eui2=AeEszggcY_0Ol7PMY29kyGqwwcCGQgga3hrBwIZCCBreGlj5KS8I3rznO6y-ZTvsOCqHvI1FGUMP-xRNu4FRGPPl&_nc_ohc=9Fs1dYUlGH0AX_mURIj&_nc_ht=scontent.fmnl5-1.fna&oh=cbab320a80e3945f5799216c483f9df6&oe=5EB27A42,"{'Total': '44', 'Like': '42', 'Love': '2'}",{},
"The Philippine stock market, like the rest of the world, was affected by the COVID-19 pandemic. If you're worried about your investment, here's what you can do.  This applies to variable unit-linked (VUL) policies such as aXelerator, life basiX, Asset Master, Retire Smart, etc. For a more detailed discussion, contact your financial partner. Keep calm and stay safe!",https://web.facebook.com//AXA.Philippines/posts/10157097368788148?__xts__%5B0%5D=68.ARAgTcmheXDt6fh6yTCaYbpGrMJlU2tR3IJgcIK1tLAIH3g_ikra8gWvO3u3BkBUyRSnWEWea1GOOoj_a2wxlXp7uSCNliNERwl3i5nWUUVhyGXdjHPpJbuTrHoccY4-KG_Fpjikl23K_lHPTEjibIfFRSjNVZQ5gLNR7r6n190wXugSHkHYuz_PoR-z_1CHwQ3uzR52kNdL-M8LPQRdUCQk9ptZjdX8VZDbFtbh2tamVC-t9fzTxxREYTTxL-jrbqL2tS4TiVJ-z9kh7SpUl3RuAseoqr1hxd77fhXR7JaU7_I5TL3LMKi2JLOmEwL6KWLlQgZJwz2LqqonRdJD&__tn__=-R,2020-04-03 12:16:00,https://scontent.fmnl5-1.fna.fbcdn.net/v/t1.0-0/p235x350/92217375_10157097486383148_258519360061046784_n.jpg?_nc_cat=100&_nc_sid=8024bb&_nc_eui2=AeGX0aVkfX8zieJTXiGR9MxfmlvKjuVZYk-aW8qO5VliT9QVIHfQvAcZZx88iA6m7SU96j7TB3tfHNm0pfgYTyUX&_nc_ohc=liN8hAfFCe8AX88oqD6&_nc_ht=scontent.fmnl5-1.fna&_nc_tp=6&oh=bbd7bba7d1224de71b3e6b0089f9bdc0&oe=5EB22739,"{'Total': '485', 'Like': '393', 'Love': '81', 'Sad': '7'}","{'Erik Jan Lape Apartado': {'text': ""I'm still keeping my 6 policies. :) after all in this time na we can be infected anytime, protection is what matters most."", 'post_date': '1586214628'}, 'Razel Kathrine Rufino': {'text': 'My advisor‚Äôs ignoring me,. Didn‚Äôt bother to explain.', 'post_date': '1586163109'}, 'Lyz Esma': {'text': ""can't connect my agent ..axelerator  policies"", 'post_date': '1585917658'}, 'Jessica Dela Torre': {'text': 'Mgsilabasan kyu mga fa asikasuhin nyu mga cliente nyu,Anu ngttgo n kyu sa palda ng nanay nyu ks bgsak n Ang market,Ang galing NYU lng s una', 'post_date': '1585951729'}, 'Azon D. Ostonal': {'text': 'Stay calm stay safe..Sana maayos din ang lahat after crisis pray lang po tayo. Keep safe everyone!', 'post_date': '1585968567'}, 'Leynes Fernando': {'text': 'Pls update and call me on my investment.ty', 'post_date': '1586135084'}, 'Flo Maguisa': {'text': 'Stay safe. üòä', 'post_date': '1586088071'}, 'Neth Sison': {'text': 'Naku kawawa mga nabiktima nyan AXA n yn', 'post_date': '1585917271'}, 'Marites F. Cagungun': {'text': 'üôèüèªüôèüèªüôèüèª maging maayos lahat.', 'post_date': '1585926168'}, 'Via Viacrucis Gonzales': {'text': 'üò™', 'post_date': '1585916920'}, 'JC Caba√±es': {'text': 'üòîüòîüòî', 'post_date': '1585920166'}, 'Austin Go': {'text': 'üòâ', 'post_date': '1585999830'}, 'Dahil Quio Japin': {'text': 'Wag kaung matakot makukuha nyo rin ung pera nyo ....', 'post_date': '1585972795'}, 'Arnel Castillon': {'text': 'ask ko lang bakit nag bawas kayo ngayon insurance policy ko two months pa kinuha nyo eh crisis ngayon bakit?', 'post_date': '1586159316'}, 'Amie Baranda': {'text': 'Gusto ko po withdraw ung pera ko ng may magamit po kami .', 'post_date': '1586213668'}, 'Des Brecia Basco Ballesteros': {'text': 'Yong pera namin palaguin nyo..kung di nyo kaya ibalik sa amin..', 'post_date': '1585921274'}, 'Roth Schneider': {'text': ""I thought life was so hard, But when I found out about binary, life became easy. Binary option trading is reliable when you invest with the right account manager like Mr Johnny Godfrey he's legit and reliable. I invested with him and got my withdrawal in just 7days. Mr Johnny Godfrey is 100% reliable. If you're interested you can contact him onhttps://www.facebook.com/Johnny.Godfrey.0"", 'post_date': '1585977141'}, 'Chio Chen': {'text': 'D n nga macontact ang FA nio d p nmin mkita ngyayari sa policy nmin.', 'post_date': '1585989466'}, 'Renbert Bayo': {'text': 'Ano maganda policy para kay mama??', 'post_date': '1585937672'}}",626
It's Friday! Do this one-minute breathing exercise to reduce your stress. Watch the video below for a quick guide.,https://web.facebook.com//AXA.Philippines/videos/219616746046052/?__xts__%5B0%5D=68.ARBDPtNBTSIl-My-SUGoAfWDf70CnGBMwXbAgOCkvRDnPgd1R2nqFGC0h7ozg1aYa41vUQP6VtQ9NrVEGuFqILepIOPT2yNbX-yjje_sFN4sjPL82FznYrVqmlFUtHxbzle2cNBcctMseo3jqFr32ihmyg-LROLujYaBZouMql71L-6u4BtbUPG8YhhWrAS_u7mJAm0RiAXnnYhONXPQFv3fCarb6hnWAYk0A01kVfn_EtnqKN_dga1hHQaQtCJJtFavXm5c6BGjyDL_9Hfr8iKeixpdbOSBH1mUTup7xQMWG5TlR8FmFGTFhQEK9t1rfZe2UcwO3D_r7GTtCvksYD1ubzpV08-F&__tn__=-R,2020-04-03 05:30:00,,"{'Total': '163', 'Like': '128', 'Love': '33', 'Haha': '1'}","{'Geng Ferdie Padua': {'text': 'Im feeling good.', 'post_date': '1585906808'}, 'Roth Schneider': {'text': ""I thought life was so hard, But when I found out about binary, life became easy. Binary option trading is reliable when you invest with the right account manager like Mr Johnny Godfrey he's legit and reliable. I invested with him and got my withdrawal in just 7days. Mr Johnny Godfrey is 100% reliable. If you're interested you can contact him onhttps://www.facebook.com/Johnny.Godfrey.0"", 'post_date': '1585977148'}}",141
"When you feel alone, don‚Äôt be afraid to reach out to your family or your friends. You may also want to contact these support groups who can help you: Mental Health Support Group by Kylie Versoza: https://www.facebook.com/groups/MHSupportGroupbyKylie  Depression & Anxiety Care Philippines: https://www.facebook.com/groups/571300533213786/  Psychoeduc8 Philippines: https://www.facebook.com/groups/psychoeduc8/  Schizophrenia and Bipolar Philippines: https://www.facebook.com/groups/282482295107313/  Anxiety and Depression Support Philippines: https://www.facebook.com/ADSPpage/",https://web.facebook.com//AXA.Philippines/photos/a.422772563147/10157094192008148/?type=3&__xts__%5B0%5D=68.ARBIZQPW-j4YNLrxN1ws7iM3p4GJL0vnGBnf0tOLPY4ZI6CEDtyDeVR2_1GAF2WfEBkWH-mXSPkSajKjqDed7aM7zdpO5YMpO6WDLXD7Muk9wrk4bMQGc979vIWReIPbt2H6MeV2dBSM_gJJPSjZ0NZ4b0kOm7_JFW_k4WOtC4GOj2vhcG2o8HRCIyiFXzez6_zT5ECTfDk7ne5Givj3hV63u9OlX1SMF8-PkH2DClj9FwbQLuuDd7jQuYbHk_29g5hGgCfBEDjyK3fvE0YWvmwST9OJufn_kwougEpTR4KlPyVyq8V28pWwD4LM3qDYcDqzGudldqx90PTFHuLe&__tn__=-R,2020-04-02 12:31:00,https://scontent.fmnl5-1.fna.fbcdn.net/v/t1.0-9/s1080x2048/92460330_10157094192018148_2452403141782536192_o.jpg?_nc_cat=111&_nc_sid=8024bb&_nc_eui2=AeFVDkq5hpNpixLYFc4cQO6d65YynUAo1n3rljKdQCjWfRboPWR9uHFE2DZ_1FLzzQ9jR5djKUl9jokbbaRNGiby&_nc_ohc=nUPx267ojC4AX_utDe7&_nc_ht=scontent.fmnl5-1.fna&_nc_tp=7&oh=84308bf2ac6b483ade96e27320148934&oe=5EB1FBE5,"{'Total': '254', 'Like': '205', 'Love': '47', 'Haha': '2'}","{'Misty Tac-an': {'text': 'Can I copy my axa family?  :)', 'post_date': '1586100490'}, 'Nheri Lacson Barrun': {'text': 'üòçüëç', 'post_date': '1585833966'}, 'Roth Schneider': {'text': ""I thought life was so hard, But when I found out about binary, life became easy. Binary option trading is reliable when you invest with the right account manager like Mr Johnny Godfrey he's legit and reliable. I invested with him and got my withdrawal in just 7days. Mr Johnny Godfrey is 100% reliable. If you're interested you can contact him onhttps://www.facebook.com/Johnny.Godfrey.0"", 'post_date': '1585977153'}}",150
"During this quarantine period, you may be experiencing higher anxiety. Take care of your mental health with these helpful tips. Always check your health status by taking AXA‚Äôs Health Risk Score here https://www.axa.com.ph/healthriskscore.",https://web.facebook.com//AXA.Philippines/posts/10157090906613148?__xts__%5B0%5D=68.ARDHt-tE6QINr8xWgpPI2yCHBExdhVFJGzVmuZFRcsbfqbMtH1eBCF4dGzve_WZu1dQ7ThbXPLNf1rpQ3TcrOH_bOJdNHmWuffetvCOC12TIAJXrhXmuVn7G-WKHKxolcuYNo3Sy6bYmZjdKbXCH970VKQOK3-nANFi2ztp98KIZfQ421YepnLKj5vJbmOK4M_6Wg_-eyu8VuDiZ4obZ0TE2CTc4ktVEVaOIEidLjtQQL6k7-qECTRx0Vb1H7RXB-UQwg1suSSXWWDWtxJP43bSaZciHPrjF-WntaxeiJuJPy11BMNux7v3eqxi3Fw3EHFk18YWRhgtT0j1N096n&__tn__=-R,2020-04-01 10:59:29,https://scontent.fmnl5-1.fna.fbcdn.net/v/t1.0-0/p526x296/92200770_10157090897423148_7146744938238050304_o.png?_nc_cat=109&_nc_sid=8024bb&_nc_eui2=AeEdeu0WdDcKZsVx5p907Z5f-OrLLVXbQFP46sstVdtAU9mHDG8JLLva11M1twsUY3UWdN3eUgEYZzXdFnQqTXQw&_nc_ohc=dkqMLyn3cuMAX8m5OGF&_nc_ht=scontent.fmnl5-1.fna&oh=e98bff98482d75d089cc0e71d7cef501&oe=5EB136B6,"{'Total': '258', 'Like': '198', 'Love': '56', 'Angry': '3'}","{'Roth Schneider': {'text': ""I thought life was so hard, But when I found out about binary, life became easy. Binary option trading is reliable when you invest with the right account manager like Mr Johnny Godfrey he's legit and reliable. I invested with him and got my withdrawal in just 7days. Mr Johnny Godfrey is 100% reliable. If you're interested you can contact him onhttps://www.facebook.com/Johnny.Godfrey.0"", 'post_date': '1585977164'}}",322
"Get free 24/7 access to emergency services such as medical, roadside, fire or police assistance anytime, anywhere with AXA Rescue Line. Get Rescue Line through the Emma by AXA app here: bit.ly/emmaaxa",https://web.facebook.com//AXA.Philippines/photos/a.422772563147/10157090611958148/?type=3&__xts__%5B0%5D=68.ARA6qrp7voWIdTiqE7I4uPO196P3fVTx7oFDTUuDcthMZvENz7tcGkFBXSdSDt2NtVkuPuj-53qPGkfxnJs1dD9f9uKvb_vmGcBF_YW9x4w3gXZwIvgZs1FjzWvqsIX0uk_MAfhU7xsO_tQ5z3AAd0TcuFvhWekTum5PoH6myU1tj-PVUWoXNKhpMeodbdG9hgebuigSWAFkYq4SKSUAQces0uR2T2wi5-hrZOc4jvnvhezBjqtb86jKYXPqN0JJgfInNAuTeMV9Q8r7M3yV3WCam67RYX0DuIqg1OLlJBeZDVLhEpKZgKbdxsM-3lVmi9wGon4NK-SrKhv4Fj4R&__tn__=-R,2020-04-01 07:28:50,https://scontent.fmnl5-1.fna.fbcdn.net/v/t1.0-9/91803231_10157090611968148_2046707342820507648_o.jpg?_nc_cat=107&_nc_sid=8024bb&_nc_eui2=AeGyevs2ecEHOGDOSaymNm7KKHKoxV-OQL4ocqjFX45AvnElIXRGbBP2V4zgoGSg8BVQiDTw0s5femChjcXsohQc&_nc_ohc=mgUZGIVn9bMAX-4n9m0&_nc_ht=scontent.fmnl5-1.fna&oh=c8786acfa4a30bf909a9bce59a6dd208&oe=5EB036E7,"{'Total': '113', 'Like': '100', 'Love': '13'}","{'Roth Schneider': {'text': ""I thought life was so hard, But when I found out about binary, life became easy. Binary option trading is reliable when you invest with the right account manager like Mr Johnny Godfrey he's legit and reliable. I invested with him and got my withdrawal in just 7days. Mr Johnny Godfrey is 100% reliable. If you're interested you can contact him onhttps://www.facebook.com/Johnny.Godfrey.0"", 'post_date': '1585977170'}}",97
"The Emma by AXA app is up! You can now monitor your investments, check your policy, and pay your premiums online! Download the app here: bit.ly/emmaaxa",https://web.facebook.com//AXA.Philippines/photos/a.422772563147/10157084445608148/?type=3&__xts__%5B0%5D=68.ARDFCgkjyI8yJvhFHTDZc1T3yjQVuxKSaSfpCZYBAZEy9QTMtus7GghH1H1bSZLjapeyfG2BOt1_rpi5UWx4ml1pUst7k9flqyi2ZpSOlXE5edfwZOtawZS4tnV8sylm6w5IJM_hrZiJ0bG43P2Mhf28F4QpuVJx9jqfwtLjEtIzQyWl9q5oG9VfKc6bVokFRzSw4ahIlvwse41KykWoBj_z7kta6YIx2My8ZzDhbel24qXP1HvE0ShOhiT3zP2CL9xvlUtsdMYxqLpRVf__JRd4wddMCzmiO6MNmsCVD-kB9Zk2VUuL_dERBCW8vdsGBFjQTxRykv9j9EGMnjvG&__tn__=-R,2020-03-30 11:00:00,https://scontent.fmnl5-1.fna.fbcdn.net/v/t1.0-9/s1080x2048/91593160_10157084445628148_3100754048823853056_o.jpg?_nc_cat=104&_nc_sid=8024bb&_nc_eui2=AeEtc9nBQ0ygB2ijdgdJQIFfVu-pj8YSucdW76mPxhK5x5lgxc7M7Ht9R40knm8XwLQIwC_EpOn6bxWxs0IB4QZx&_nc_ohc=CTD_BkqVuIYAX-CtS00&_nc_ht=scontent.fmnl5-1.fna&_nc_tp=7&oh=ba72bb5662e5d1d2be7ac76b43ffffb9&oe=5EB0ED08,"{'Total': '237', 'Like': '211', 'Love': '25', 'Wow': '1'}","{'HA IZ': {'text': 'I cant download it im in the Philippines.. where the famous chocolate hills is located u know..', 'post_date': '1585644456'}, 'Elysa Mendoza': {'text': ""Hi ma'am I'm elisa g. Mendoza"", 'post_date': '1585647104'}, 'Randy Dumaoal': {'text': 'I try but not possible...as an international company MUST access where ever you are right,??? Please activate!!! We are waiting.', 'image': 'https://scontent.fmnl5-1.fna.fbcdn.net/v/t1.0-0/p240x240/91185859_10212993176344172_8758955659770200064_o.jpg?_nc_cat=109&_nc_sid=dbeb18&_nc_eui2=AeHA6on5lBMoAtjSsfEStJXIlsOCSsVL9eaWw4JKxUv15qXcsIa1zbd7dTmuhGEY7T6HvXFMQralSD9A_DOxNSeb&_nc_ohc=pRfhZ6-4zdAAX8Wvi3h&_nc_ht=scontent.fmnl5-1.fna&_nc_tp=6&oh=bd1e51e3a4639c999ae163eba3f875fb&oe=5EB24541', 'post_date': '1585570001'}, 'Louiegie Carlo': {'text': 'Not available in UAE, how convenient', 'post_date': '1585574171'}, 'Mylene Monteza': {'text': 'With Covid-19 contiues to escalate, uncertainties of economy, Please atleast STOP charging us with Admin & COI fees. Yun man lang tulong nyo sa amin. Kayo naman ang mag ""Charge"" Holiday.570k premium to date‚Ä¶See More', 'post_date': '1585715833'}, 'Marilou Peralta': {'text': ""Also here in thailand app can't  download  maam sir"", 'post_date': '1585577094'}, 'Rhecxie Teves': {'text': 'Accessable in South Korea . Thanks', 'post_date': '1585831812'}, 'Roy Raul Mendiola': {'text': 'Loading lang until now', 'image': 'https://scontent.fmnl5-1.fna.fbcdn.net/v/t1.0-0/p200x200/90926841_10218918795953436_8738310830015119360_o.jpg?_nc_cat=107&_nc_sid=dbeb18&_nc_eui2=AeEuI1SpOjfFdO5BoPTSjBtodPV9BsgVCZl09X0GyBUJmWbH9B0V5Dr2gQkFYI8js3SANNLgRsB4vyvzo0DEwxEg&_nc_ohc=vE3tHOzw7NMAX-LDUDW&_nc_ht=scontent.fmnl5-1.fna&_nc_tp=6&oh=624d7dba8a0f0a5ea5194e402b0c08b8&oe=5EB08D58', 'post_date': '1585569008'}, 'Jerry Paglinawan': {'text': 'Dko kc alm google eh', 'post_date': '1585720955'}, 'Joan Lopez': {'text': 'Bumagsak ang market.  Laki din nabawas .üò§', 'post_date': '1585629431'}, 'John Paul Monteza Aquino': {'text': 'Palaging under maintenance yung app üòí', 'post_date': '1585573106'}, 'Roth Schneider': {'text': ""I thought life was so hard, But when I found out about binary, life became easy. Binary option trading is reliable when you invest with the right account manager like Mr Johnny Godfrey he's legit and reliable. I invested with him and got my withdrawal in just 7days. Mr Johnny Godfrey is 100% reliable. If you're interested you can contact him onhttps://www.facebook.com/Johnny.Godfrey.0"", 'post_date': '1585977176'}}",113
"With the recent events, now would be a good time to review your current insurance coverage to better understand what is and isn‚Äôt covered in your policy. Contact your financial partner today to get started!",https://web.facebook.com//AXA.Philippines/posts/10157084139533148?__xts__%5B0%5D=68.ARA9M5VdnPNWWRPSytq5V-D8KOWuVHz_3g-NKo1ENRs9mEV9quYvsoMVe8VMgA8-BnCv-K_1KStFwqVhYmlP1dbEOdoXTAsKmB8gZ-cgeo6It8EI8ct0GMJBOWFQp4qq6CXsBeSYCbmlPdaqEf8hP9T6wr_3C4HAGHvbTzcHJSyRl5ZKXZafljcecBBPArE5QLqe35TdarRSC4ezhk61A5xwm_zp7vk52ueiZj_vA_LKn6vdkasN2tfrwPNNe6jsBEWEDPDBnn0GFsLqhRk7Junrd_c1neLkGSrej-MjPj9cA2vgUuKUI71YYNZoid1BT1bNgpJQU3Oh20mhjNeu&__tn__=-R,2020-03-30 09:30:00,https://scontent.fmnl5-1.fna.fbcdn.net/v/t1.0-0/p526x296/91625846_10157084139228148_2563113590353559552_o.png?_nc_cat=104&_nc_sid=8024bb&_nc_eui2=AeEJmUTnDRRCVoLrDaqua7DXUKgzNyMPkvVQqDM3Iw-S9W71UTkl4Jd85IXkQlymy-hXaocRwPGPnBuBVm3I7Aje&_nc_ohc=WcUbZJ7PCOIAX9Xv75s&_nc_ht=scontent.fmnl5-1.fna&oh=2c9f4e1ff217509e3217c14ea74c0333&oe=5EAFB8B2,"{'Total': '217', 'Like': '189', 'Love': '25', 'Angry': '2'}","{'MariElla F. Malabanan': {'text': 'Yung financial advisor ko, hindi na makontak. No response sa texts and emails.', 'post_date': '1586014425'}, 'Muhammad Yusuf': {'text': 'Meron po kc tayong bnabayaran.. premium charge , admin at coi n Hindi nmn pinaliwanag ni advisor.. kya nmn bumaba ung pera ntin dhil bumaba rin ung market dhil nrin sa corona virus.... sna makabawi agad ang pilipinas üò≠üò≠üò≠', 'image': 'https://scontent.fmnl5-1.fna.fbcdn.net/v/t1.0-0/s480x480/91110954_10222288911959627_6206790696968388608_n.jpg?_nc_cat=101&_nc_sid=dbeb18&_nc_eui2=AeE__wCYliW7tSUDChyjvIct3pVPmhwTJq3elU-aHBMmrcsCrkP0ulg-5d0LWeGk_z14FdBgqN2ro6Fln9KIPlaG&_nc_ohc=n3Eh6h0VkfEAX8Je_gl&_nc_ht=scontent.fmnl5-1.fna&_nc_tp=7&oh=79c2a710957743e1f4ea9ed4d3b100f4&oe=5EB16E2B', 'post_date': '1585570765'}, 'Connie Reclusado': {'text': 'What is happening to our investment?Nauubos na ang pera ko sana kinuha kona last year', 'post_date': '1585562624'}, 'Kryts Ruben Bermundo': {'text': 'Nakowww. Wag na wag kayu mag invest s axa... sayaplng perang pinaghirapan nyo dto....', 'post_date': '1585561400'}, 'Arlene Suerte Dumayas': {'text': 'üò≠üò≠üò≠üò≠', 'post_date': '1585922094'}, 'Maureen Kato': {'text': 'D ko ma contact FA ko, natatakot ako sa investment ko!!!! Please Axa balik n nio pera ko!!!', 'post_date': '1585925488'}, 'Roth Schneider': {'text': ""I thought life was so hard, But when I found out about binary, life became easy. Binary option trading is reliable when you invest with the right account manager like Mr Johnny Godfrey he's legit and reliable. I invested with him and got my withdrawal in just 7days. Mr Johnny Godfrey is 100% reliable. If you're interested you can contact him onhttps://www.facebook.com/Johnny.Godfrey.0"", 'post_date': '1585977187'}, 'Maricel Zoleta': {'text': 'Baka po pwede wala muna deduction sa account nmn kase wala kami kita ngayon', 'post_date': '1585620252'}}",170
MyAXA and Emma by AXA are back online! We appreciate your patience.,https://web.facebook.com//AXA.Philippines/photos/a.422772563147/10157073220323148/?type=3&__xts__%5B0%5D=68.ARDi8l8YZCyyLygKwH170qWijrAEwhRob_7Om8saBhodOigptyT4tunS-91AwH2fMzpiE7QTaSInjmHzRtwfmE6QcA43pMmyBBNR50pGv2tHQy_zZNHZLJjtWgnA3t4mHI--LzEy2Ss2lh5RMRfzofsOhxFUI15qDfvguBUuoPOBBM8_DdK-Hk1AfX7_FFHU9B7wFL7bejT9g4BzjGhBBsy8z3O9vrA2otMg4za2EvT14ltgl1o7DBIV-PEYL3qNgusDxvRp_aJf14K-xuKC7HTdtr0I0ITLUv_RH08rI7n7c5Aa1kp1mJwy__iNJfrn-2r3q5KXOw2Mm3r0eS5S&__tn__=-R,2020-03-27 10:00:00,https://scontent.fmnl5-1.fna.fbcdn.net/v/t1.0-9/s1080x2048/91013180_10157073220333148_5899492830685954048_o.jpg?_nc_cat=102&_nc_sid=8024bb&_nc_eui2=AeFE8FYjv_BPT8hyNA8nbm3BiXsiTw4IsJiJeyJPDgiwmAg-8doma0pD4aJF-RJ4UqPgIX60IUjH1JsUmjIn-qP0&_nc_ohc=U8BapRWSoiYAX9dXygF&_nc_ht=scontent.fmnl5-1.fna&_nc_tp=7&oh=0fcb92c2be733310cf64efd232b2cf3d&oe=5EB074DF,"{'Total': '376', 'Like': '317', 'Love': '51', 'Wow': '3'}","{'Jenafrille Daria': {'text': 'It is just a paper loss. This is true to all. The market crashed down due to the pandemic issue. Call your FA to enlighten you. Thanks! :)', 'post_date': '1585305845'}, 'Joyce Villariasa-Hernaez': {'text': 'i expected na mag down ang account value ko.. worldwide ba nmn ang fall ng stock market.. but im positive that the economy will bounce back and will just keep my policy as it is because it is for long term also and im after with the life insurance benefits..', 'post_date': '1585982014'}, 'Sammy Lim': {'text': 'They are back after you lose alot on your investment just not to let you suffer from anxiety so they dont want to let you see you are losing, ""only a paper lost""? thats the usual term for an investment agent. I almost lost my investment before it start‚Ä¶See More', 'post_date': '1585334264'}, 'Ira Aguilar Rozal': {'text': 'dko ma download ung app dito s UAE', 'post_date': '1585310449'}, 'Eurl Callada': {'text': 'Looks like it not good and practical to enroll AXA with these issues, ano ba benefits nito with those big money you invested and pulled out later?', 'post_date': '1585578256'}, 'Roy Raul Mendiola': {'text': 'Loading lang', 'post_date': '1585455522'}, 'Cen Tel Ley': {'text': 'finally', 'post_date': '1585306808'}, 'Erik Jan Lape Apartado': {'text': ""I'm still keeping my policies with AXA. This is for my long term goal and most especially for my protection. ;)"", 'post_date': '1585914223'}, 'Fernandez Perdiliza': {'text': 'But when I check my account I‚Äôm feel sad the savings is 50%down ,hope to recover soon ..üò¢I just pray that this crisis will be over soon.üôè', 'post_date': '1585415838'}, 'Sophie Lonogan': {'text': 'Thank you so much üòä AXA Philippines.', 'post_date': '1585310121'}, 'Cora V. Ines': {'text': 'Good ngayon makapag check na ,sa paninigil ng premium Ang bilis nyo pero sa service so disappointing kayo', 'post_date': '1585304922'}, 'Maiah Daymiel': {'text': 'wala naman pinakita history view sa account value natin paano nag loss ng ganun kalaki para maunawaan nating lahat na mga policy holders...pag check ko kanina nag increase ng konti mga P500+ pero 16k+ yun loss sa account value..', 'post_date': '1585314030'}, 'JE RIel': {'text': 'True..', 'post_date': '1585311997'}, 'Ricky Suarez': {'text': ""Dear AXA,I just realized that I'm losing 440k from my investment! Since your myaxa was down for the past week, it's only now that I had access. During the stock free fall, you were too pre-occupied with the covid-19 neglecting your single-pay  invest‚Ä¶See More"", 'post_date': '1585479580'}, 'Roth Schneider': {'text': ""I thought life was so hard, But when I found out about binary, life became easy. Binary option trading is reliable when you invest with the right account manager like Mr Johnny Godfrey he's legit and reliable. I invested with him and got my withdrawal in just 7days. Mr Johnny Godfrey is 100% reliable. If you're interested you can contact him onhttps://www.facebook.com/Johnny.Godfrey.0"", 'post_date': '1585977202'}, 'Hameed Ansari': {'text': ""Binary option is an online forex trading (stocks, currencies and gold), it's one of the highest paid investment treasury in the world right nowüëáüëáüëáüëáhttps://t.me/joinchat/AAAAAFgsO33fa5OMxX2XOwhttps://t.me/joinchat/AAAAAFgsO33fa5OMxX2XOw"", 'link': 'https://l.facebook.com/l.php?u=https%3A%2F%2Ft.me%2Fjoinchat%2FAAAAAFgsO33fa5OMxX2XOw%3Ffbclid%3DIwAR3lPZutMLDEVyhyv2IJiGvnK1nwX9VosNnidd8RRnvuZE0E0tO7r9GUHwA&h=AT1EcMC8PE0iihBUFeUVKiJDFKoNeIdpCfmmhw4c7QucbConv7M1_WXykx-Vi5EQEAlmnSNqBulW3svB9shrdXVnRA2udscwd1q9HCaELUZe2hY8H4wdIkFo0_gN9U8m6T00S6-2n25Uu7MCi-Dl2Q', 'post_date': '1586218039'}, 'Perla Bautista Jaro': {'text': 'is dr any.problem wdaza', 'post_date': '1585539735'}, 'Chazel Camille Belleza': {'text': 'Loading Lang po.', 'post_date': '1585368767'}}",143
Thank you to all our brave and selfless frontliners who are leading the fight against this pandemic! We are one with you and appreciate your efforts to keep everyone safe. Maraming salamat!,https://web.facebook.com//AXA.Philippines/photos/a.422772563147/10157072914828148/?type=3&__xts__%5B0%5D=68.ARAC3NqBwXcOIeXD0Aehz-oAbTJjUKbSuJ7K3B8yKgnwpjl_FFCe_eNgleYA5ekIssCe8T6ZokW1UUA99qFhoDoLvyjZga2MzUoKdC7ZNlNESo2RxEwJEPDUgEs0PIH_oogRVXvOpKN8HDkQwlT7sRsiF5ShxtKkWz_HrW2Y8SZ0iX2YY2FUddjhrkyQ0M_jnxuRqgnMMmwIm5SCRW_ZScV7APYFiwPsDuYSnKtDT6c3x_BBdLk0VeohVn18Xgjyri92nl0Re_eAn0aT9RX4yPduqaoPrieusEdWNMeE0egjGe2LqmC8dblLjhHTEfhIGLw5YARJR8FmW7fSaoJZ&__tn__=-R,2020-03-27 06:04:00,https://scontent.fmnl5-1.fna.fbcdn.net/v/t1.0-9/90819825_10157072914833148_8384256618308567040_n.jpg?_nc_cat=105&_nc_sid=8024bb&_nc_eui2=AeFvWVkv_akcK_5S7K1QFSQKxsiIfSuWJLXGyIh9K5YktU0ElIGyeITMdoHks70UsJDwuNx5Gugzj47K2ho4URut&_nc_ohc=3DZAoOVeGyUAX9-mN1r&_nc_ht=scontent.fmnl5-1.fna&oh=8344ef9b677256813a1e632a5d620bbf&oe=5EB1B480,"{'Total': '429', 'Like': '327', 'Love': '102'}","{'Hannah Santos': {'text': 'Thank you and stay safe ‚ô•Ô∏èSending our prayers üôè', 'post_date': '1585289357'}, 'Veluz Niel': {'text': 'thank you to our selfless heroes, frontliners who keeps everything going for those whose staying home! Salute!', 'post_date': '1585358687'}, 'Rosalind Villamor': {'text': 'Thank u and stay safe ..God bless', 'post_date': '1585302838'}, 'Zeny Babas': {'text': 'Jesus...Josephn and Mary...always protect the from harm. Amen', 'post_date': '1585313610'}, 'Mis Vex Dom': {'text': 'Thank you and stay safe', 'post_date': '1585301594'}, 'Maryanne Seculles': {'text': 'Wala bang donate jan bigay Naman kahit isang kaban n bigas', 'post_date': '1585292135'}, 'Jhen C. Cruz': {'text': 'üôèüôèüôèüò∑üò∑üò∑', 'post_date': '1585293843'}, 'Yam Mercado Domael': {'text': 'AXA is a private insurance hindi po charity para hingian nyo nang donation.Sa mga nagsasabi nang naloko sila ni axa baka di mo naintindihan ang product insurance na kinuha mo.‚Ä¶See More', 'post_date': '1585302373'}, 'Roth Schneider': {'text': ""I thought life was so hard, But when I found out about binary, life became easy. Binary option trading is reliable when you invest with the right account manager like Mr Johnny Godfrey he's legit and reliable. I invested with him and got my withdrawal in just 7days. Mr Johnny Godfrey is 100% reliable. If you're interested you can contact him onhttps://www.facebook.com/Johnny.Godfrey.0"", 'post_date': '1585977210'}, 'Mitch L. Bingayan': {'text': 'Sa dami NG naloko nyo magdonate din kayo...kahit Yung hulog nlng namin mga nauto nyo itulong nyo nlng', 'post_date': '1585299333'}}",351
Be on top of any situation and take note of these emergency hotlines.,https://web.facebook.com//AXA.Philippines/photos/a.10152010854733148/10157070027868148/?type=3&__xts__%5B0%5D=68.ARABvweTZxTwA3ie5fbaQqUmAN4uEeJpQSi-Fn-jLHF8JybWGKGNy84bJVEbvJ_Wsw0b2G-0Sek7IBCKg60x1huKnbrMnPy6WQCUslHjPyiNv9E6aq7j7dCKTNq5uzGFM97U5-pnKJDwLlJbBdmo_6cGfZKQJNLbph4iI81_Jq0AdFiBwF8EHmYo8C80J5JqWAiDvhHjPSythCO4ICH9CMI92PCY4xItuwPEbfXSGmmEYY10RBV_Gqvj9EaTvjYd7lNDlaw2y4JuBHLG64VHr2eDrAb6Gu_7b6n1jJuoDSjzUFGyNhhU_Ldr4PChFDrqWSfUXLfoj0iQUETqJX8Z&__tn__=-R,2020-03-26 11:31:12,https://scontent.fmnl5-1.fna.fbcdn.net/v/t1.0-9/91007079_10157070027873148_7290539648739180544_n.jpg?_nc_cat=104&_nc_sid=110474&_nc_eui2=AeEIIiujpcqpisQbAdbp3eSN-dsIRyST9i352whHJJP2LViNlsYiNxYOoG0nTWIvPoAgapAJFN_TxTMq_DwVmAhg&_nc_ohc=zD9Y_QFKRXUAX_LM16F&_nc_ht=scontent.fmnl5-1.fna&oh=53abc65931d5b26a2c16b6642d7826cc&oe=5EAFBE98,"{'Total': '227', 'Like': '201', 'Love': '26'}","{'Vinzen Leonardo Gonzales': {'text': 'how can i activate may axa card', 'post_date': '1585230158'}, 'Roth Schneider': {'text': ""I thought life was so hard, But when I found out about binary, life became easy. Binary option trading is reliable when you invest with the right account manager like Mr Johnny Godfrey he's legit and reliable. I invested with him and got my withdrawal in just 7days. Mr Johnny Godfrey is 100% reliable. If you're interested you can contact him onhttps://www.facebook.com/Johnny.Godfrey.0"", 'post_date': '1585977216'}}",211
"On March 11, the World Health Organization declared the COVID-19 disease a global pandemic, having reached over 100 countries.  We asked our investments team about the impact of this pandemic to the economy and what our clients can do during this period. For a more detailed discussion, contact your financial partner, or leave your questions in the comments section. Keep calm and stay safe!",https://web.facebook.com//AXA.Philippines/posts/10157069290858148?__xts__%5B0%5D=68.ARBRl3u71KaLDDWZaQcZR006ge5YHjNX2_maYQy1cNMRGo9f20O4i3Qw6rxAxcbw01f_8dbzeQo_yxEjrwbqY0U8zG-DKcuXexF30N9yVEwSaGptbKnMhv7khYlTlMoJYFBPIoMs20-Qd8ZMrlUG38GhdgouuBEVU4UgTs55iR3f0rM_ib89NUWO1tUHvfftrfD4P4w44-EIOfndJ5_XcrRKKndWHPhMpEx0wMvuYvCyAjg6Fbc6y5JGRdSZazOuLcez77XsBT_Z6XHkqZhBIePlstsLBMXdqE4x1AhzndrT345XKLjaARJGfGTsfrOs3Ssyea4PcIM3W-OQUBuQ&__tn__=-R,2020-03-26 05:00:00,https://scontent.fmnl5-1.fna.fbcdn.net/v/t1.0-0/p526x296/91096581_10157069289923148_3100665520957947904_o.jpg?_nc_cat=101&_nc_sid=8024bb&_nc_eui2=AeFkpATLJ95Ad86uRWwBfGlsF1vqHGL7Gu0XW-ocYvsa7f8I4hxLYQQbJ-MmoPWb88SHVqpZqL-i25_V_u6Wnx8c&_nc_ohc=mphHx1hc5ZsAX89QoS6&_nc_ht=scontent.fmnl5-1.fna&_nc_tp=6&oh=0acf3a457935187630c7b1232d07522f&oe=5EB0654B,"{'Total': '320', 'Like': '263', 'Love': '53', 'Sad': '4'}","{'Jusal Empererado': {'text': 'AXA Philippines in covid-19 times your mobile app has been inaccessible. Then suddenly boom! My portfolio is almost gone! Please explain to us!', 'post_date': '1585436346'}, 'Cirus Jansen P. Jacela': {'text': 'It means professional managers are incompetent.', 'post_date': '1585489912'}, 'Rhecxie Teves': {'text': 'As long you will not declare bunkrupcy "" AXA""', 'post_date': '1585212727'}, 'Marydeth Borja': {'text': 'D naman po siguro mawawala un ininvest na peraüò•üò•', 'post_date': '1585207620'}, 'Winnie P Jose': {'text': 'Sana maayos prin mga ininvest nmn n pera', 'post_date': '1585218114'}, 'Ricky Suarez': {'text': ""Dear AXA,I just realized that I'm losing 440k from my investment! Since your myaxa was down for the past week, it's only now that I had access. During the stock free fall, you were too pre-occupied with the covid-19 neglecting your single-pay  invest‚Ä¶See More"", 'post_date': '1585483416'}, 'Roth Schneider': {'text': ""I thought life was so hard, But when I found out about binary, life became easy. Binary option trading is reliable when you invest with the right account manager like Mr Johnny Godfrey he's legit and reliable. I invested with him and got my withdrawal in just 7days. Mr Johnny Godfrey is 100% reliable. If you're interested you can contact him onhttps://www.facebook.com/Johnny.Godfrey.0"", 'post_date': '1585977225'}, 'Karen „Åã„Çå„Çì': {'text': 'Omg sana wag nman mawala mga pera namin.', 'post_date': '1585216307'}, 'Fernandez Perdiliza': {'text': 'Grabeeh ang ibingsak ng price üò¢üò¢hndi nman po mwawala bsta continue pa rin hulog natin kasi andun nman ung mga units natin sana lng bumalik s dating price', 'post_date': '1585215351'}, 'Perla Bautista Jaro': {'text': 'ano sana.sa dami.ng invest.maka totohanan.sa na gawin.ninyopara walang ma depress', 'post_date': '1585437176'}, 'Jonathan Boboy Castro': {'text': 'Lets hope di mangyayari. Pero just incase worst comes to worst...Handa na tayu sa mngyayari....Its all about Risk ...alam naman natin lahat ya', 'post_date': '1585216458'}, 'John Philip Rabe': {'text': 'Yes. I could not access your Mobile App. Invalid cridentials pop up when i check my account.', 'post_date': '1585459333'}}",353
We received some questions about the 60-day grace period extension for select policies that we implemented last week.  Below you will find answers to the frequently asked questions. Stay safe!,https://web.facebook.com//AXA.Philippines/posts/10157066052198148?__xts__%5B0%5D=68.ARA7fV8hZUEEe446iUFixZKXW6K1hWqhOUFMPdmDDdWwLP51-KDlZoL5RPbznyAXBfRdD5C2SvoobuBPTRd8Uv2SwP3uSSIZN2CVezhR-QAAxUBJ2e3XZucGgl8cUdEkhP7Gu36c6EK1am1R2PUciX6l_8PrPcLlJEsBNlo5EVAUIOK-E15nXGnYHhLK1bZjijJazv9Trl0wXRdhOxsRHnqn8bRkgJlOOid1pSzsmAHRxAsXd3qSok4EE33lvfp9qCbx_uNiHqUPMwe9jai020xe7HcHBDWiAhvYmuhVhn58RDIS7WO09y57NvCB9DDutWgO9YsRHI7mocaRbWDR&__tn__=-R,2020-03-25 11:00:00,https://scontent.fmnl5-1.fna.fbcdn.net/v/t1.0-0/p235x350/90611951_10157066191108148_8497344915393478656_o.png?_nc_cat=102&_nc_sid=8024bb&_nc_eui2=AeETV_TCTLE_iwKPCIh6OVm4mh_U9IcTF_maH9T0hxMX-bRokZ6LPkgivGiNiTxQmUk5uiCU9iXkUvwYVmvptzH7&_nc_ohc=VKObE_dYcYMAX-LY_f7&_nc_ht=scontent.fmnl5-1.fna&oh=384e92d59a6069c6ba0dff54493bec24&oe=5EAFBA78,"{'Total': '125', 'Like': '118', 'Love': '6', 'Wow': '1'}","{'Julienne Cruz': {'text': 'I called your Customer Service Monday. You did ADA/auto debit on my account more than 1 WEEK before my due date. I called your customer care and clarified if this can be reversed; I was assured it‚Äôs on process and I should hear back within the week. To‚Ä¶See More', 'post_date': '1585201824'}, 'Sha Na': {'text': 'Nag email ako sa AXA kahapon requesting to avail 60 days grace period extension on my  credit card account. Agad naman nag reply sending the Official receipt dated March 16,2020üëèüëèüëè.', 'post_date': '1585217305'}, 'Clarence Ramirez Montemayor': {'text': 'May i request to avail 60 days grace period extention for my premium payment which is due this april.', 'post_date': '1586103609'}, 'Mary Tuliao': {'text': 'I sent you a private message', 'post_date': '1585393642'}, 'Kryts Ruben Bermundo': {'text': 'Gus luck s inyo. Sna hnd kayu matulad sakin... sakit manakawan ng 100k', 'post_date': '1585485476'}, 'Filipina Kanashiro': {'text': ""Ito ba Yong May utang sir ma'am"", 'post_date': '1585373843'}, 'Faith Taytay': {'text': 'They debited my account already then sent the extension text message 3 days after üòÖ so useless din üôÑ', 'post_date': '1585257992'}, 'Mia Mia': {'text': 'Too late, AXA did  ADA/Auto debit on my account also..This announcement is useless, if they are giving us 60days grace period the most, it must apply to all AXA insurance policy clients...No need to call, text or email you guys...You are just making things more complicated..', 'post_date': '1585206922'}, 'Roth Schneider': {'text': ""I thought life was so hard, But when I found out about binary, life became easy. Binary option trading is reliable when you invest with the right account manager like Mr Johnny Godfrey he's legit and reliable. I invested with him and got my withdrawal in just 7days. Mr Johnny Godfrey is 100% reliable. If you're interested you can contact him onhttps://www.facebook.com/Johnny.Godfrey.0"", 'post_date': '1585977232'}}",143
Need to download AXA policy-related documents?.  Here‚Äôs a quick guide on how you can download the forms you may need for transactions related to your policy and that of your loved ones. Simply go to axa.com.ph/self-service to get started.,https://web.facebook.com//AXA.Philippines/posts/10157065944113148?__xts__%5B0%5D=68.ARACxbgs7hxvfoZY3TCQK_1E1jOxrC8h1OGwm7IW-Lx6bl9J-oGKjrnA4WFbkQUI9XpbWPdagM3tGnis9Ix27tOCwaNSCcrMpi7LXYk5mA78dQSX9y7oZ3KvVGbdsxmfZDS6nsxK558l0MnBzG9Uwq6blq0toWTyR5MrrFpBJbPHUYViFQ-MaimS9qFxnsVvA-I-TvcRFBokWnJjTTNDNXAcMyk-LxXiKyld-btHjQq96T0epcNBm6e-a4JnMJEX1p6TLA-_zFG2_nmMJ5iH21_XpBinjFAuvrQZEAEb6QkQZVkghl_LRYHxyfqpvZdLyvNvL8SY377qmF2dkZAi&__tn__=-R,2020-03-25 07:00:00,https://scontent.fmnl5-1.fna.fbcdn.net/v/t1.0-0/p235x350/90623355_10157065943218148_4816778356148142080_o.png?_nc_cat=104&_nc_sid=8024bb&_nc_eui2=AeGJMH93wh3FGhCEUbUCarkerPUoDC2MD2Gs9SgMLYwPYXzVYVZJzE86j4ynOC4tq4kK1uiLdIYYkD-p2ELNr5r9&_nc_ohc=BL122FWDIU8AX8j4w6F&_nc_ht=scontent.fmnl5-1.fna&oh=90da49ffcd2980c3a2eae1e996b12242&oe=5EB056FC,"{'Total': '163', 'Like': '158', 'Love': '5'}","{'Kryts Ruben Bermundo': {'text': 'Pm sent', 'post_date': '1585131011'}, 'Roth Schneider': {'text': ""I thought life was so hard, But when I found out about binary, life became easy. Binary option trading is reliable when you invest with the right account manager like Mr Johnny Godfrey he's legit and reliable. I invested with him and got my withdrawal in just 7days. Mr Johnny Godfrey is 100% reliable. If you're interested you can contact him onhttps://www.facebook.com/Johnny.Godfrey.0"", 'post_date': '1585977239'}}",100
"Feeling unwell? AXA policyholders can consult medical doctors via phone call 24/7. Avail of this free teleconsultation service via MyPocketDoctor without leaving your home. For more information, reach out to your AXA financial advisor or click here: https://bit.ly/2U6bjdt",https://web.facebook.com//AXA.Philippines/photos/a.422772563147/10157059457688148/?type=3&__xts__%5B0%5D=68.ARBvsUmgMdwB7AxCMdDUa-AcId-ve24u67Sj7jZby7uvrnFCAmaieDVuK4ocecZk1-tpSZDR-PHJioz0Ows0fIQ9yEEXV8gJcdmQ1CFElAEqOqDnylRoSRX5wobFlkVcc4dJ6rY1Wd6_QiaCsf-40BbCqZN4vOXkngkIuTnyw43bGWSGzDH2gFEIzARfT8Zs9Me1XXq_USTigE-q_VCph58c7SAdvligBgrzQgOZUMzpuZNdUDDhPrZuDZBuDWYKHOBA6y9-mtmgRQqIyIWUU5wGUoOeljF86q-qfQ_C7xbmtnxy69vY8Vi6F3UKASkLUbNuZHHV64b9kk64-706&__tn__=-R,2020-03-25 03:00:00,https://scontent.fmnl5-1.fna.fbcdn.net/v/t1.0-9/s1080x2048/90274649_10157059457698148_4786418469283299328_o.jpg?_nc_cat=107&_nc_sid=8024bb&_nc_eui2=AeFvYvUdZYywtbMMou8Ayzd6rBPbHeMJSL6sE9sd4wlIvuvLzNen530xEeabZcLxjzyXbCbMmn_Xug4yGqviOFgr&_nc_ohc=Ws991MXY0ggAX_3Jzhe&_nc_ht=scontent.fmnl5-1.fna&_nc_tp=7&oh=673e7e2323d6d6cac9001f07ccee23dd&oe=5EB0037E,"{'Total': '123', 'Like': '96', 'Love': '27'}","{'Kryts Ruben Bermundo': {'text': 'Ulul... kawawa investor nyo. Sinungaling kayum magnanakaw', 'post_date': '1585313153'}}",189
"The MyAXA (web and app) and Emma by AXA app are currently inaccessible. We apologize for the inconvenience this may cause. While we are working to restore service, here are channels you can use for your transactions. For online transaction and forms: axa.com.ph/self-service",https://web.facebook.com//AXA.Philippines/posts/10157062932723148?__xts__%5B0%5D=68.ARA-_NpgFJ2KKOO2P9OmuKqO8FPQA3PaQfb6SmF2pcfWTYuEt-4oqR_l4Wfl1MC0rE5JFAY_dgGS_xxJXUtrnoLKoeyjcj6JS3tK1SOy5aSaCacr4uKh4SekgqPmtFQ92evYR6P-YV7iWNGqgPfdvi4kOVUMpZfbETiR_ldFTK1laqn7CYNLZEOF7o7_l3kEzZUDeK2kNdU4k3JV7ZsHBecwDuNpDSwxmTuxyzFLaocsKnIZSWAq-FgzXCOTYaJ8ZDZxJmkJ9jPbszoAPCwGTQydJDsCeNC8l9OrWjUs8zU_1XRANffnoUsTexCsDzO4Eyp0cLN3tsa09G6VM1id&__tn__=-R,2020-03-24 09:30:00,https://scontent.fmnl5-1.fna.fbcdn.net/v/t1.0-0/p235x350/90912927_10157062932278148_251221123998416896_o.jpg?_nc_cat=103&_nc_sid=8024bb&_nc_eui2=AeHDGMC0cSDk9791qF1ZPxbo3h0u-xp5ovbeHS77Gnmi9rd_8UwzkC_U6tL7hc1qjWvl9nAz5doEaPMu0TFou7fN&_nc_ohc=UxsZT1eQ4VEAX_xfKRQ&_nc_ht=scontent.fmnl5-1.fna&_nc_tp=6&oh=5b3734fd15fd71b91a19a2b51b4e868f&oe=5EAFF288,"{'Total': '138', 'Like': '124', 'Love': '8', 'Sad': '4'}","{'Nat MAkmac': {'text': 'Yes po. We cant access', 'post_date': '1585045542'}, 'Kryts Ruben Bermundo': {'text': 'Pm', 'post_date': '1585046202'}, 'Yren Henry Inosanto': {'text': 'Kelan ba maayos to? 1 month sira? Tanga nmn ng devs and IT nyo. Baka mmya pag ayos na website nyo ubos nden investment namen. Clap clap üëèüëèüëè', 'post_date': '1585103491'}, 'Lilia Brun': {'text': 'tagal ng inaccessible', 'post_date': '1585061319'}}",166
"Your health and safety is our utmost priority. To serve you better, we are sharing some of our products‚Äô policy coverage in relation to COVID-19. For any questions, you may reach us through the following: Hotline: (+632) 8 581-5292   (+63) 917 1709292 (Globe)...   (+63) 998 5889292 (Smart) Email: customer.service@axa.com.ph *Operating hours: 8:00AM ‚Äì 5:00PM, Monday ‚Äì Friday *Important note: mobile lines are exclusive for calls and not yet available for SMS.",https://web.facebook.com//AXA.Philippines/posts/10157062545913148?__xts__%5B0%5D=68.ARDHoyHzwIhRG4WPKdstTvDIzot3B41HH891F9B6ei_xl_3KDmUop3eGkV1WR4lJWZqm9GmUDhOTxIMle69oV12R4MOiwJutlZfWUtCRhC-w87y4jifjYlzjeZTmWcAeB1DxeWv3_7boPbDcvy_5IrM7kSaC2MrhIY_5mMl1NExxWCVEGbaTPJ3Qjud9_x7QXRkhCwDNQM421KNx3Yc7uHqM_Oh6e27oFaDWOhrfYGfy-tzYUnlgSq8LG6HNfQfZRiwzWL2YsurYapGct1MhC3efUJqMa62oZPm2vsqMHUi5YFnlEX_0VoZJ6MjQEuj98IyQxDSa-6KyKisKuSMC&__tn__=-R,2020-03-24 05:34:01,https://scontent.fmnl5-1.fna.fbcdn.net/v/t1.0-0/p235x350/90145479_10157062544418148_4760638074117947392_o.png?_nc_cat=104&_nc_sid=8024bb&_nc_eui2=AeG_HPYpzuTrRMUCvbmYI9U6AstHDHlnUnUCy0cMeWdSdRHTki5b9pC_spfblUni8No4Zfe8iJ9crGLYfjMzWiZj&_nc_ohc=owt4IPjsD0sAX8q-Bz3&_nc_ht=scontent.fmnl5-1.fna&oh=8fe0e7bc7e5b92d20b593d47214c4ba0&oe=5EB25CD9,"{'Total': '167', 'Like': '135', 'Love': '30', 'Wow': '2'}","{'Jkflightwithus TravelandTours': {'text': 'How', 'post_date': '1585137610'}, 'Kryts Ruben Bermundo': {'text': 'Pm sent', 'post_date': '1585030308'}}",267
"The NBA season has been suspended indefinitely. With this, AXA Philippines is likewise suspending the What‚Äôs Your Game Plan promo until further notice. Thank you for your understanding.  Visit the full Terms and Conditions here: https://bit.ly/2Ur1R3j",https://web.facebook.com//AXA.Philippines/photos/a.422772563147/10157048421268148/?type=3&__xts__%5B0%5D=68.ARDaXw45kOxJSbcsje-ounTjqojQjn5MBvLHkjy-fki_3jxzDmru8DHlOCEB3BVmcTHJDbHiBdmfaS_tgHTKdRnw1Fl811YJPykfdc3RYtPUi91KwUNIZ7go5JAJkWdPMF5zgw4tdU58ER77ADqT_fV92LIN4zamABZyD4AOz2LWkIdA6blCunUQm7A4N2LXnzHk4hMjIhFyVxJWtmRUd4odgNmXiaCoP6Ooe8D0ZK5uviLqmOXY0SXfPA2fi_9jkmV7JVpgrcfaNsXf5sM_Y6SydVfwyrHi5iauYlUGC2ktgDJiuvx6mr0-3JEfPvGM44rtgBY-Sjf_3Jy8qHRJ&__tn__=-R,2020-03-20 11:00:00,https://scontent.fmnl5-1.fna.fbcdn.net/v/t1.0-9/s1080x2048/90059997_10157048421273148_3102732121781829632_o.jpg?_nc_cat=105&_nc_sid=8024bb&_nc_eui2=AeGAyweUxBE0cVl5mzJJiKfN-BKpgaGi9Ob4EqmBoaL05r8790O1MnXihB9VAEx_0TQP2rxIWYO8wC1pWmEkgL-G&_nc_ohc=yiZWvodCwzwAX-nVrWt&_nc_ht=scontent.fmnl5-1.fna&_nc_tp=7&oh=3fcc1f1a3a44ae6cdea8e90001e0a812&oe=5EAF98CB,"{'Total': '61', 'Like': '49', 'Sad': '8', 'Love': '3'}",{},21
"Need to consult a doctor? You don‚Äôt have to head out. AXA health insurance policyholders can avail of free 24/7 teleconsultation by simply downloading the MyPocketDoctor app. For more information, reach out to your AXA financial advisor or click here: https://bit.ly/2U6bjdt",https://web.facebook.com//AXA.Philippines/photos/a.10152010854733148/10157048517848148/?type=3&__xts__%5B0%5D=68.ARCUKfkI9mjYuWRhG68PRKbInReXgr679t-Mm1MO0vs1uyYCMm6pu2uH4-fPvMOjnX4cOj3QOBLt939Ws1nHTFdBwKIrzqcQYM1uVaZgZKbFLYWgRMA-qfyAhRy4JloigMopY0pC8PkDpoyJdx0ZteDKOT-Q9SWc5EcVZEBi666WC3vmAKBgaJToT1NX3OnIPHIkSLfTO8abcuIZk_iPkgjcwUJV6JKD0bUQQ2LiZjraJOtVK_rG3GtqC4vAa-MZlnRZAmbaCxAIQnTlY5LbJwzkQI8SnqR0eImg8qNcT4EWZ_H141JZBOOQXnFq8aKrFyyXSsDU1yZuuadXBuNz&__tn__=-R,2020-03-20 09:40:49,https://scontent.fmnl5-1.fna.fbcdn.net/v/t1.0-9/89828036_10157048517858148_5310744430351745024_n.jpg?_nc_cat=108&_nc_sid=110474&_nc_eui2=AeFnnyj8djJNcaQiXOSWSSzIfwDlVT3RC4F_AOVVPdELgQZv_ZTb8vsG0vTtcDtayPEezjGLpdWw_yeO31rNNbTE&_nc_ohc=Em-QTWlJdLgAX81OVyQ&_nc_ht=scontent.fmnl5-1.fna&oh=6f73f6693e9d43e46ee9f100db92a01d&oe=5EB3490C,"{'Total': '121', 'Like': '87', 'Love': '30', 'Wow': '3'}","{'‰∏≠Â≥∂ÂõΩÂ∫É': {'text': 'Its been 2 weeks and i still cant access my account online If there is problem You should inform us as soon as possible or Do something about it Are you trying to prevent the investors to see the current account value that we have left I am not being insensitive and I know that there is much more important things than this matter but it is our right to see what the hell is happening to our investment', 'post_date': '1584972582'}, 'Winnie P Jose': {'text': 'Thank for the badge', 'post_date': '1584886877'}, 'Jaypee Lorin': {'text': 'üòä', 'post_date': '1584935954'}, 'Joey Garcia': {'text': 'üôÇüôÇüôÇ', 'post_date': '1584787110'}}",200
"AXA Philippines, the insurance affiliate of GT group of companies, is one with Metrobank and GT Capital Holdings Group in supporting all Filipinos in these challenging times.",https://web.facebook.com//AXA.Philippines/posts/10157045081298148?__xts__%5B0%5D=68.ARCt3PVxQIHubiQJkRmfztUNVaK2uxBIguKwiKftkefeRVuP7OVDXRQ3jsDDWNKk5yr7aGh9DMdofke_bZrXTvo4c-kdG7anDtQR-vOM7a4K-n_oEBXHZYidcunmHyCXC-f475VGvNEK4PDqQnb2-KniopPfBq94xvvqSZCjw0xCUbWJPW775s0NxlapHVdCTaAo3-UTrSuMOclhu4ScXuneikethtl_ACb4msEMraqFmZrZJJ2NZmsdkKZ_nJLXx37IFtIUY9WMdEknypQDacXoCx3ztJUTeCo8MrN0Idxep3FFbknOlX7xvLbtl7AIULPELebQ7rpsyJ0qJv2elSpNIThmnEPB7hVeNTvjn7ruvUP6pWO64IGZXfS7yCOxSfRgSAH9tQdTVDSixLoyqz_XWzMmTtXJ5zs_cboQnPStNN0FHmROqDpMjDuaNUMljotj3QF66SnsRdbzD6c3wb6Yx_JX8mJqfkwjjtf3iTatatNs&__tn__=-R,2020-03-19 09:59:16,https://scontent.fmnl5-1.fna.fbcdn.net/v/t1.0-9/s1080x2048/90440799_3106209506065506_2958823173740560384_o.jpg?_nc_cat=110&_nc_sid=8024bb&_nc_eui2=AeEjQvUSr4qiYO6qs6h8oZuVALYzbS09I-YAtjNtLT0j5lTknQIH0WBjM5JVIRn0G0Dqyo7IHC1ZQe7zSpLyFQnQ&_nc_ohc=TZu9yI7xpAQAX_9cXzk&_nc_ht=scontent.fmnl5-1.fna&_nc_tp=7&oh=9c46f27d0de77fa4ed1a73751b9b0101&oe=5EB265AC,"{'Total': '666', 'Like': '491', 'Love': '153', 'Wow': '21'}","{'Isagani Manuel': {'text': 'I want to withdraw my insurance from AXA can I', 'post_date': '1584681548'}, 'Mark Flores Salcedo': {'text': 'Thank you. Any covid-related coverage can we expect from our HealthMax? Please email/reassure your clients like what Sunlife does.', 'post_date': '1584613913'}, 'Marilyn Gantala': {'text': 'Yah', 'post_date': '1584615598'}, 'Cora V. Ines': {'text': 'Just make sure our investment are intact', 'post_date': '1584612704'}, 'Jamaica Alay-ay': {'text': 'Keep safe investment too', 'post_date': '1584621511'}, 'Nerisa H. Cabantog': {'text': 'Phil stocks plunged down to 13‚ÑÖ üòî so at least life insured, set aside the investment n nkpasok sa market po muna tayo. I got 2üôè', 'post_date': '1584671100'}, 'Raquel Lansangan Jensen': {'text': 'My sister is axa member pls help to get money', 'post_date': '1584879428'}, 'Ruth Tierra Noscal': {'text': 'May payment po ba sa axa ngaung march 23', 'post_date': '1584614630'}, 'Mia Mi': {'text': 'ano ba yan axa mali naman yung instruction samin  ng Advisor   ,ang ending di tuloy nag reflect ung bayad namin', 'post_date': '1584613181'}, 'Adiemar Gonzales': {'text': 'Tnx MetroBank...', 'post_date': '1584613426'}, 'Larrie G. David': {'text': 'Ceasar Ferriol  You are in Good Hands with MetrobankSalamat sa inyo.', 'post_date': '1584873654'}, 'Sonia Yongco': {'text': 'Thank you Axa', 'post_date': '1584618417'}, 'Erwin Nunez': {'text': ""Let's see."", 'post_date': '1584615437'}, 'May Ya': {'text': 'Wow', 'post_date': '1584621399'}, 'Alma R. Macua': {'text': 'hello po mam lapit na din po ako mag 5years paano po sya mawidraw po salamat po', 'post_date': '1585189864'}, 'Connie Reclusado': {'text': 'Sobrang bagsak na nga,hirap pang maaccess ang web nila.Axa emma is not friendly user sa ifon6. Di madownload', 'post_date': '1584697019'}}",317
"In these challenging times, your health and safety is our utmost priority. For your convenience, here's how you can file for claims online. Stay safe!",https://web.facebook.com//AXA.Philippines/posts/10157044782388148?__xts__%5B0%5D=68.ARDDWaKG4OJRcTGlJgjf44WsQN9-7dc_qk7l_kdVmxvH1Pa460hLd6dkeqoUL_AX1v-MK7uZVAQ6nmYiTzaRNohT5wGF28xvP1U1_fx6qBUv-VjNDf60MLw5t3N5tKIGFe1ou5Nq_39DpV1gDeTQAdsC3Ya32twjlRGBl0NoU0WwWlW8m4zUKzGj0M9Ibh0Zdtqx_3xPjwYajHZz1llH3VtxwvDU_sV4VkWk5gLXRxXeqyhNYb2GTLoDlM2KgPyc61Eg3tB7h7NukCEdN-3KMKZZHcOuCpsV7uiIT7oa9cmiY1qiI8B3DAdL3bVlkK28X6p1HNdnml8Ncf_vdrP7&__tn__=-R,2020-03-19 07:00:44,,"{'Total': '194', 'Like': '170', 'Love': '23', 'Angry': '1'}","{'‰∏≠Â≥∂ÂõΩÂ∫É': {'text': 'Its been 2 weeks and i still cant access my account online If there is problem You should inform us as soon as possible or Do something about it Are you trying to prevent the investors to see the current account value that we have left I am not being insensitive and I know that there is much more important things than this matter but it is our right to see what the hell is happening to our investment', 'post_date': '1584972599'}, 'Martina Quetua': {'text': ""Good day,,my car insurance will expire on the 25th of this month,,is it  possible if i can't renew my car insurance PS BANK will automatically deduct my maitaining balance? Please take a look at my concern,,thank you"", 'post_date': '1584623270'}}",194
"In these challenging times, your health and safety is our utmost priority. For your convenience, here's how you can file for claims online. Stay safe!",https://web.facebook.com//AXA.Philippines/posts/10157041992713148?__xts__%5B0%5D=68.ARBk0y7RLccKEqJJhvS1B0mn_Y6_yyKIZJ91wXUBWme3PgEISar96d9XT6phvJbUmDZNwoiRwAN4r9H1dRZzRbtFslQsFmmlj2DTlR_VYKhtLNGuTQei3-1sroNYMQU62_VJNMOTxhD_lwihYBUGwLDsV9BC0ONe0MkliD-E2anBN7DkXS0Av6PYOpAKgJcQgpeXaUB50W38veX0PreVs8HLn4tUhMY-aHewgrf40lEsalH31__aQ-YiNi-BIUuAM_TYS8tabauuAQOmjgFEBshPZOTb5uhyMxTpO3RieYdXQ5TAFx5ulE8f_zsD_q-Y7EelDpqy0mwBdPS54VBF9GJOBffWbg8KQExsSc-sycqowmLQlZS39Ht9ite2y3fqaYeyR0B8zmeRgoRoKvjmrh9R_stJpH420z36W5AscmObsFJkovxkgNeuwO_fQGG0whbY0uw&__tn__=-R,2020-03-18 11:58:41,https://scontent.fmnl5-1.fna.fbcdn.net/v/t1.0-0/p526x296/84132359_10157041992868148_6057502177834827776_o.png?_nc_cat=100&_nc_sid=e007fa&_nc_eui2=AeH9wdQBtY5_UZZJaZRoumuvqm2CVrmQWS6qbYJWuZBZLiCufl0ey5u82Y1_RYHFjN8sNBSWxkbr6m-KI5tAxRic&_nc_ohc=Ij1eRczvB8cAX_Z9FeT&_nc_ht=scontent.fmnl5-1.fna&oh=78040e3418704e10f1cdeaec2a7c9d43&oe=5EB16B2F,"{'Total': '13', 'Like': '12', 'Love': '1'}","{'‰∏≠Â≥∂ÂõΩÂ∫É': {'text': 'Its been 2 weeks and i still cant access my account online If there is problem You should inform us as soon as possible or Do something about it Are you trying to prevent the investors to see the current account value that we have left I am not being insensitive and I know that there is much more important things than this matter but it is our right to see what the hell is happening to our investment', 'post_date': '1584972608'}, 'Joy Marie Morales Sambot': {'text': 'bkt hindi open', 'post_date': '1585903852'}}",6
"With the government's declaration of enhanced community quarantine, we are implementing some measures to make things easier for our customers in this challenging time. We assure you that we are doing everything we can to service your needs. Stay safe!",https://web.facebook.com//AXA.Philippines/posts/10157041514438148?__xts__%5B0%5D=68.ARANr2kZ7kEFCEow8pqNhiG1ok-Kor0mEaN6D1eDPUC2wl63JDxJNi1_KSISGAGwxFhJmkPasETSb8usA5cF9xplkq3c5TeIOKgTTZgmQLpp0QK1Ad_kaSZpNy2fdwUSz8A5uAFFKWCgEjtYAsEd2MWvvn_MotQkaY8OjVYoAo8REUblmQBOXagnf7kqV2oR0pVO_qF_j8JLkLl9RP2roRapg_d1sTRlplEgPak4zCW6QDUdf5tmaXt1LZFS8_PeHQPP3VE5SoecRnxXchhqDHnr-ZAlvJklZg8yc5Fux76ibOJZUZqJmHNqtnc-_Tt6ZqxONXyIS-s8ok4CesmV&__tn__=-R,2020-03-18 09:00:53,https://scontent.fmnl5-1.fna.fbcdn.net/v/t1.0-0/p526x296/90612230_10157041513348148_1341625179133968384_o.png?_nc_cat=109&_nc_sid=8024bb&_nc_eui2=AeFxal0tJOWeVEgtumX-h4n-POx2--kjetM87Hb76SN602aj3gApTWfbEHip3_IfI_fozCvlsrWeghv9cBTeggoS&_nc_ohc=jrkrR3GjAbYAX8F2ze-&_nc_ht=scontent.fmnl5-1.fna&oh=08170f91f2b22e83f7877499b4e15ea1&oe=5EAFBF94,"{'Total': '614', 'Like': '489', 'Love': '121', 'Wow': '3'}","{'Cee Valdes Velasco': {'text': ""I have 2 policies with AXA. But my other policy never shows on your website whenever I check my account. It is under ADA every month and you never fail to deduct. I haven't even got an electronic policy. Kindly assist me with this."", 'post_date': '1584867517'}, 'Randy Boots': {'text': 'Nka auto debit arrangement ako. Why was my account debited I thought you are extending?', 'image': 'https://scontent.fmnl5-1.fna.fbcdn.net/v/t1.0-0/p526x296/90907083_552675062025306_6853295141734580224_n.jpg?_nc_cat=107&_nc_sid=dbeb18&_nc_eui2=AeFWZqg56oNCI98hylwskRu_2GF-9U6F3szYYX71ToXezJHI-2nPN6WUdb9L2m6fKCVKBpGNZ96usNrRAREqNRbZ&_nc_ohc=JVMTMDOWcNoAX9rED3p&_nc_ht=scontent.fmnl5-1.fna&_nc_tp=6&oh=393ef7966411e627d7ad13569d9a4997&oe=5EB2500F', 'post_date': '1584843363'}, 'Ash DS DL': {'text': 'Hi AXA Philippines! Kindly let us know WHY WE CANNOT ACCESS our MYAXA APP & EMMA by AXA App.', 'post_date': '1584942773'}, 'Thea Mappala': {'text': 'I hope you can help me, I tried resetting my password to check my current fund value. But I kept on receiving the same email, I am already registered to MyAXA. I just want to reset my password. Also, I have a question regarding premium payments. Also, the guy who sold me the insurance has left the company and his supervisor too. I hope somebody can reach out to me the soonest.', 'image': 'https://scontent.fmnl5-1.fna.fbcdn.net/v/t1.0-0/p417x417/90136805_2785762634792071_572369426586796032_n.jpg?_nc_cat=100&_nc_sid=dbeb18&_nc_eui2=AeGM1hYzUdQ9lSSmIMHGVLfY-wvrqmVWEnn7C-uqZVYSeTz9RFBbvqv0H4vkExW7sJ1IlyDN1VFuNWq5ckH3vKIY&_nc_ohc=rus9kX6aR_cAX8ZgRUJ&_nc_ht=scontent.fmnl5-1.fna&_nc_tp=6&oh=de0687d24a3197de4e6b537ced8d19b7&oe=5EB15435', 'post_date': '1584858607'}, 'Mae Lonzaga': {'text': 'Bakit po hindi ako maka pag log in account ko online? Nagtry po ako ng to change password pero ito ung email hindi ung reset ng password na link.. Anong nangyari po?', 'image': 'https://scontent.fmnl5-1.fna.fbcdn.net/v/t1.0-0/p240x240/90201923_2738959729473567_2389286467064037376_o.jpg?_nc_cat=100&_nc_sid=dbeb18&_nc_eui2=AeFValRvD86bxU3JU01Plg-YnGZlxHw_Ng6cZmXEfD82DsQ3xF5iM835-iEY405mE8tt8ortpBmCmSgVZ9PPuTXx&_nc_ohc=Ex_lwdW9AqMAX8iV4Nh&_nc_ht=scontent.fmnl5-1.fna&_nc_tp=6&oh=05830df130629e6ac8f9fde321f7a04a&oe=5EB32DEE', 'post_date': '1584777772'}, 'Ruel Luchavez': {'text': 'What the hell AXA PH, its been months we cant access your portal! We cant verify the fund/policy status due to your system fault! Is this your tactics so we cant wdraw our funds during this time of chaos??????ü§¨ü§¨üò°üò°', 'image': 'https://scontent.fmnl5-1.fna.fbcdn.net/v/t1.0-0/p526x296/90922282_10222580906617325_537791538239897600_n.jpg?_nc_cat=110&_nc_sid=dbeb18&_nc_eui2=AeH6yjFL-0A_2edQf9uVQSBldTzThOHYSNt1PNOE4dhI23jMhoP-LIx78YP-kWpPMy0qEhzGrB5RvjOAr1-SE2t3&_nc_ohc=amKen0h9mrYAX9cI_kY&_nc_ht=scontent.fmnl5-1.fna&_nc_tp=6&oh=c7b109380bfd126c5c99dbfdd6e20c31&oe=5EB1EB90', 'post_date': '1585068547'}, 'Sharm Ganchua': {'text': 'This includes Global Health right?', 'post_date': '1584525400'}, 'Exzur D. Sanchez': {'text': 'Same problem to me di rin ako maka log in! This is terrible.', 'post_date': '1584837197'}, '‰∏≠Â≥∂ÂõΩÂ∫É': {'text': 'Its been 2 weeks and i still cant access my account online If there is problem You should inform us as soon as possible or Do something about it Are you trying to prevent the investors to see the current account value that we have left I am not being insensitive and I know that there is much more important things than this matter but it is our right to see what the hell is happening to our investment', 'post_date': '1584888601'}, 'Daye Malsi': {'text': ""I've been trying to access my policy online since feb22, this is the error i get until today. I was worried about my 6yr old policy since covid19 cases became scary. I was trying to access my policy online to check if it is safe to still continue but t‚Ä¶See More"", 'image': 'https://scontent.fmnl5-1.fna.fbcdn.net/v/t1.0-0/s526x296/90036946_2934115423312343_5840249108366884864_o.jpg?_nc_cat=104&_nc_sid=dbeb18&_nc_eui2=AeGCUiiu9uv8QHvnijDvPTcMTOSlFqxalTJM5KUWrFqVMpQnUEiTPh5rqnQIo5gWxUv-MWEb6o5_YjTeaKHXsjOZ&_nc_ohc=B1C4TNEWG20AX9SLajB&_nc_ht=scontent.fmnl5-1.fna&_nc_tp=7&oh=e7f69a99369f512f36e29c418565a083&oe=5EB13D6F', 'post_date': '1584687637'}, 'Lynette Lantion Sarmiento': {'text': 'Check nyo fund allocation nyo, unti unti nauubos better full widraw nyo na', 'post_date': '1585644498'}, 'Adiemar Gonzales': {'text': 'Thanks AXA Philippines', 'post_date': '1584592657'}, 'Jason D. Caande': {'text': 'Thank you AXA', 'post_date': '1584612736'}, 'Shiela Soriano': {'text': 'Auto Debit mode of payment hndi. Hmm. ü§≠üôÑ', 'post_date': '1584736076'}, 'Alma Dumangas': {'text': 'Last week 360k account value ko  today I check again 186k nlng acct value q üòû', 'post_date': '1585468062'}, 'Ermena Genese': {'text': 'Thanks AXA .', 'post_date': '1584685397'}, 'Pete Hermogenes': {'text': 'Maapektuhan ba ang invesment dahil dto sa covid19', 'post_date': '1584690208'}, 'Honey Lette': {'text': 'yakult 28 akoa... kung dli pa mka byad ana? meaning ani npa grace period?üòÅJojo Eran Sulatan', 'post_date': '1584541267'}, 'Fernandez Perdiliza': {'text': 'Ask ko Lang po ksali din ba ung mga policy holder na ofw?', 'post_date': '1584537201'}, 'Kryts Ruben Bermundo': {'text': 'Pls beware for dis insurance. Masasayang lng perang oinag hirapan nyo... pls....', 'post_date': '1584522641'}, 'Jf Salazar': {'text': 'Em Topacio Aplaon Michael Mar Claramo how do we ensure all UHs and advisors will forward this to their clients?', 'post_date': '1584535783'}, 'Jonel Ollano': {'text': 'Sayang.. di umabot', 'post_date': '1584525573'}, 'Abai Calvin Vander': {'text': 'Tanong ko lang po bat di po ako mka pag log in sa axa phil. Na site po. Na register ko naman po account ko at na verify. Tapos ngayon ayaw po ako mka pag log in.', 'post_date': '1584524047'}, 'Camille Bacerra': {'text': 'Hapit na raba 20 hahaha Lyre Espineli', 'post_date': '1584538984'}, 'Maryanne Seculles': {'text': 'Post KAYO Wala Naman sasagot dami tanong', 'post_date': '1584576348'}, 'Nikka De Guzman': {'text': 'Pag nka auto debit ang aga mag deduct, my due date sa Academix is every 28th of the month pero 21st palang ngayon nag deduct na agad. ü§®', 'post_date': '1584768277'}, 'C Chichiz Akoh': {'text': 'Lagi na lng we apologize,galing galing kumuha Ng pera(auto debit)Magpakaayos kayo AXA!', 'post_date': '1585115912'}, 'SmƒÅllvƒ´llƒô DeeƒÅyohƒôsƒôsƒÅ': {'text': 'AXA BAKIT INDI PO AKO MAKAPAG LOG IN SA ACCOUNT KO ONLINE??? ANYARE PO SA POLICY KO? PAKI EXPLAIN!!!', 'post_date': '1584725089'}}",734
"All AXA policyholders can avail of Php 200 off on select at-home health care services from our health partner, AIDE. For more information, reach out to your AXA financial advisor or click here: http://bit.ly/38VwjaN",https://web.facebook.com//AXA.Philippines/photos/a.10152010854733148/10157048389478148/?type=3&__xts__%5B0%5D=68.ARAVqEMSRy4faTkWzzN2isC_sjKeQ56nxze_9h6R-FWxh-cNQ00Hj0n69dLnu7lGwxxFPY7LZX8ABdzz_M_eyvCK97XqonzCJGSEHFxOfuRsVDpiuSFABC_HIv_YtFiJY87burjDxCPkTpzuAGvLTpmJt6055QdXnPiv8JE3fnluLw7JBWirfUHzIshXEBRpBJdXtC0QnejVfS2wTLULZ5zIW1CGBnS30j2NMabhjU5r3ixIlpGVASz8kWm4SPitOPYYYpbLweA4ZbCA63IYez919bfWOdGTH1gfHZwO6yzJODa4zOGh5MyJHw-sqAohCa1Eqhmy-aOvKSMhEHra&__tn__=-R,2020-03-18 05:53:23,https://scontent.fmnl5-1.fna.fbcdn.net/v/t1.0-9/90417579_10157048389483148_7786010481914806272_n.jpg?_nc_cat=101&_nc_sid=110474&_nc_eui2=AeFvlUwEuJzw-SiH7Kzz63uv9zGCK2Gdz2H3MYIrYZ3PYcnzeDvk_Y176NQKJoSFZyLdU3W04uZkLFTAd-3wo9mX&_nc_ohc=Oz_mvoVgnsUAX-_n2BC&_nc_ht=scontent.fmnl5-1.fna&oh=22babf8f84370cd121f01ac53c97fe65&oe=5EB2F7AA,"{'Total': '90', 'Like': '75', 'Love': '15'}","{'‰∏≠Â≥∂ÂõΩÂ∫É': {'text': 'Its been 2 weeks and i still cant access my account online If there is problem You should inform us as soon as possible or Do something about it Are you trying to prevent the investors to see the current account value that we have left I am not being insensitive and I know that there is much more important things than this matter but it is our right to see what the hell is happening to our investment', 'post_date': '1584972614'}, 'Anabel Salcedo': {'text': 'Hi axa', 'post_date': '1584618201'}}",108
"Beyond providing insurance solutions, the health and safety of our customers, our employees, and our partners are of the utmost priority.",https://web.facebook.com//AXA.Philippines/posts/10157038397928148?__xts__%5B0%5D=68.ARCytGi5irFxyqQ1IeSoUexHjEeyDyep49OM7Di257u2cpS8U_Q-ytkZb_kmzxPLToKKKtsr1EklgYUhnAxwXc4cyx6AlNyko2HJaGByZlpftKV8wzfIEtgq-2b_5Ix6_nnnnX2w1g1-3TNHVLW44SkCJoK9KBTZVfM_g5xgkibFE_Uuaxqur_XWV49K-HUX3i4pkd4dbnbwdstU9gIz-GHN1yztNR_zeCbj5PTkAliEFmjMO-vjszGwTHdvAR4Pqz9Eb_NzJZup1-RPbAfLFV3cL9ahLuegaVLKlGWw4iEfUEZTk_yGmPKRJYKF7O-cbImYN1AEAyX1N9V0Dx_R&__tn__=-R,2020-03-17 10:30:43,,"{'Total': '269', 'Like': '198', 'Love': '68', 'Wow': '3'}","{'Rose Anne Cortezano Payno': {'text': 'Thank you AXA Philippines!is it applicable as well for those auto debit policy holders?thank you', 'post_date': '1584445935'}, 'Joanne Reyes-Abrera': {'text': 'Hello AXA Philippines thank you for this but would just like to clarify please if this is also applicable to auto debit policy holders? thanks', 'post_date': '1584452916'}, 'Janice Advincula': {'text': 'How about savings and investment na naka auto debit', 'post_date': '1584523679'}, 'Mark Salcedo': {'text': 'Thank you, AXA!', 'post_date': '1584447839'}, 'Ynah Condes': {'text': 'Thank you AXA ‚ù§', 'post_date': '1584475309'}, 'John Paul Monteza Aquino': {'text': 'Thank you üòá', 'post_date': '1584451672'}, 'Yren Henry Inosanto': {'text': 'Ano na website nyo? Napaka bobo nmn ng devs and IT nyo almost a month ng sira websits nyo pati app.', 'post_date': '1584442512'}, 'Eddie Albert Bermudez': {'text': 'Sayang ang pagod nyo sa AXA..type victim of axa.', 'post_date': '1584509684'}, 'Chio Chen': {'text': 'Ang hirap maglog in ngaun sa app nio ilang araw ko n tinatry.', 'post_date': '1584489401'}}",338
"MyAXA and Emma by AXA are currently inaccessible. We apologize for any inconvenience this may cause. If you need Rescue Line emergency assistance, here are the alternative numbers that you can contact: Ambulance: +63285815222... Police: +63285815201 Roadside: +63285815280 Fire: +63285815229 Please note that these are temporary hotline numbers while we are trying to fix the issue. Thank you for your understanding.",https://web.facebook.com//AXA.Philippines/photos/a.10152010854733148/10157029193578148/?type=3&__xts__%5B0%5D=68.ARAGTYdagAHroz1EZjJM15DPh4IwuRxwHX_e76USQjEmWPHzfyC_IXPBJVVxN3oE3NH27CeejJHCNsgDpc41-eNLY7tVFy7aHqAtMWuVsY4e8wWQf9obWLAktWcWk1S1f1gQMNG4JGJ23yGxn-6slYh8ThcQx6cDnp0IdD2aPcrBX80hamisNmKFfu8gfpC6FoSYwVW9Vrazvpe-mj-qBmkSjev9xZz9cUvmaAYTCgVesus0rffoeR_pWODuiyqZBb_xEmIeI8qv6BVmrfuxDFS5xZrLs4OukQ6qoqPNuZ3snFd8-G2NN4yA-7TjVGiVJACM5y1iYQhFXLTQI_P_&__tn__=-R,2020-03-14 07:33:44,https://scontent.fmnl5-1.fna.fbcdn.net/v/t1.0-9/89495934_10157029193583148_5733133787940782080_n.jpg?_nc_cat=105&_nc_sid=110474&_nc_eui2=AeEI2WeuJxt_gsheya_rwk7mfzHYeU409ht_Mdh5TjT2G7QKIL6TY-FnO3pWSQYiCuOeS6gCtlWoebBwnjK15G60&_nc_ohc=1feBzhkLvKgAX_pB57q&_nc_ht=scontent.fmnl5-1.fna&oh=564d3dc10001ef5db9e70d63364414d2&oe=5EB13F8D,"{'Total': '249', 'Like': '230', 'Sad': '9', 'Love': '5'}","{'Sonny Uy': {'image': 'https://scontent.fmnl5-1.fna.fbcdn.net/v/t1.0-0/p350x350/90515835_2399579423477665_2643742118048169984_n.jpg?_nc_cat=109&_nc_sid=dbeb18&_nc_eui2=AeHZuqtJxL6jx2dFFzmdAZjg4lu7wS7w8MDiW7vBLvDwwBxP_IYjnahtw2eC_Hw_pzJVRwcU9tBzuAjotmFUUR-V&_nc_ohc=tXJULnO06bQAX_d0C8o&_nc_ht=scontent.fmnl5-1.fna&_nc_tp=6&oh=9347c016d9bfdc8629b31595b964db9b&oe=5EB1048A', 'post_date': '1584436396'}, 'Cherry Estaciones': {'text': 'Yay thank you for this badge', 'post_date': '1584281598'}, 'Patrek V Onagut': {'text': 'same issue here. hindi ma access and website ng axa. ‚Ä¶See More', 'post_date': '1585154941'}, '‰∏≠Â≥∂ÂõΩÂ∫É': {'text': 'Its been 2 weeks and i still cant access my account online If there is problem You should inform us as soon as possible or Do something about it Are you trying to prevent the investors to see the current account value that we have left I am not being insensitive and I know that there is much more important things than this matter but it is our right to see what the hell is happening to our investment', 'post_date': '1584972621'}, 'Ylah Zepol': {'text': 'Until now I can‚Äôt access my account. Either I have to register my policy but when I do I have my account register already or password is not correct and i have to register my account again..it will go like this continuously since emma axa started.', 'post_date': '1584505319'}, 'Erna Pfaff': {'text': 'Until wen Po ?', 'post_date': '1584617605'}, 'Jane B. Engalla': {'text': 'Omg', 'post_date': '1584253618'}, 'Ron Macalipay': {'text': 'Hi AXA Philippines - Sunlife and Prulife already released statements about giving their clients an extensions for this months payments. No plans of doing the same?', 'post_date': '1584434361'}, 'Joel Hapitan': {'text': 'Until now? Please fix this app. Funny axa poor customer service. I cant track the units!', 'post_date': '1584194314'}, 'Ge Manzano': {'text': 'Pakiexplain nga po eto? Hindi ko po kilala Yan pero gamit Ang phone no. Ko!', 'image': 'https://scontent.fmnl5-1.fna.fbcdn.net/v/t1.0-0/p200x200/91112027_2335519763412601_6780737497539280896_o.jpg?_nc_cat=106&_nc_sid=dbeb18&_nc_eui2=AeEwKQu130Hnwxo_RmQ2J7CNYPaC9yq63b9g9oL3Krrdvz1enKFUN_Gs9Tlt0UINo3oZ4VaXU0tFhMxWZ3w-GRNN&_nc_ohc=2SsBa41VYNMAX-ITFJg&_nc_ht=scontent.fmnl5-1.fna&_nc_tp=6&oh=6a86c62e9325eae6bf1c7261e6722a6b&oe=5EB201E2', 'post_date': '1585610384'}, 'Orrab Cire Nob': {'text': ""Experiencing the same problem sa accnt ko. App says my login incorrect when I'm sure it is. When I try to reset my password it wants me to create a new accnt instead."", 'post_date': '1584508411'}, 'Liezel P Ramos': {'text': '5yrs akong nagbayad! Sumobra pa sa face amount ko!bakit kulang nalang simutin nyo?anong balak nyo axa?pinagpagurang investment yan hndi para lamunin at nakawin lang ng ganyan', 'post_date': '1584264747'}, 'Sammy Lim': {'text': 'F_ _ k you !!! in times like this you are no where tobe found. üñï', 'post_date': '1584626808'}, 'Lyn Virtudazo': {'text': 'Kaya pala dili nako manopen.ok', 'post_date': '1584180210'}, 'Bernados Jay': {'text': 'till now ba wala prn? ... d ko ma monitor ung invesment nmin ... ..', 'post_date': '1584420700'}, 'Yren Henry Inosanto': {'text': 'Ano na axa. 1 month nyo nbang inaayos yang pestebg website and apps nyo? Bka mgulat nlng kme wla na investment nmin since di kme mka monitor', 'post_date': '1584325418'}, 'Kryts Ruben Bermundo': {'text': 'pls,,,,, do action for  concern,,,, nawalan po akong 100k,, nawala parang bula,,, baka pede nyo maayus yung concern ko,, pls', 'post_date': '1584173399'}, 'Mylene Monteza': {'text': 'Until when?', 'post_date': '1584386933'}, 'Cindy Rose Rosaria Bautista': {'text': ""Christine Alcantara Eclipse Here's the official announcement"", 'post_date': '1584171809'}, 'Mitch L. Bingayan': {'text': 'Naku kadismaya Ang axa iba Ang paliwanag  para ma enganyo ka nila pag napasubo kana dun mo na mkita Ang puro negative!charge !negative', 'post_date': '1584191584'}, 'Kaycee Cabarlo': {'text': 'what happen po? bakit manloloko ang axa?', 'post_date': '1584177491'}, 'Lhency San Agustin Penaflor': {'text': 'Jason Jr Penaflor read!', 'post_date': '1584281315'}, 'Daye Malsi': {'text': ""I've been trying to access my policy online since feb22, this is the error i get until today. I was worried about my 6yr old policy since covid19 cases became scary. I was trying to access my policy online to check if it is safe to still continue but t‚Ä¶See More"", 'post_date': '1584688631'}, 'Rexy Del Rosario Pangilinan': {'text': 'Nakakadismaya talaga ang axa 5yrs kong hinulugan 5000monthy..ung capital na 300thou,ngaun 181thou nlng nakakadismaya..tapos iaadvice nio w8 lng tataas din uli..mag six yrs nko ni minsan d nadagdagan yan at laki ng nawala?paki explain nga po!!!', 'post_date': '1584201358'}, 'Summer Beige': {'text': 'Last time i  checked, bumaba ang account value ng malaki. That was 3 days ago. Kaya siguro nila dinisable muna kasi baka magpanic mga clients. Magwithdraw lahat.', 'post_date': '1584254889'}, 'Marie Degay Habon Wagsayen': {'text': 'Naku po sana whug naman sana kc dalawa kmi mag asawa  nag invest jan 78k yearly ang asawa ko at 3k monthly sa akin..', 'post_date': '1584199786'}}",78
,https://web.facebook.com//AXA.Philippines/photos/a.10150576179563148/10156708003253148/?type=3&__xts__%5B0%5D=68.ARB2diYkQqNyxMniuFpJKbo2vkvxxTVGoMSaw7I18BZvRqoXmHbCVe6hF0jO2GwOEAlndNmMX1nwj2kmzMvChpCi--oDmONvUppcTQ1euMqvl3Em0Mmk0NIgxf9ai47OwdkloVeNdStyZPAfzNGvAG3tAAgMLx7Y9t-yPg33eVp5W623ikhrk0lLmDU_LuMRvwk-Ug58tugh-ak2WXBcCBC4NrcEMigltuhmPWevPru-12eY6XPR0FbKEOPxEl942TJ9R6JXg2oJpMLItsuhrTun7WkSCBo&__tn__=-R,2020-03-14 03:33:15,https://scontent.fmnl5-1.fna.fbcdn.net/v/t1.0-9/74493645_10156708003258148_441169823645302784_n.png?_nc_cat=101&_nc_sid=dd9801&_nc_eui2=AeEszggcY_0Ol7PMY29kyGqwwcCGQgga3hrBwIZCCBreGlj5KS8I3rznO6y-ZTvsOCqHvI1FGUMP-xRNu4FRGPPl&_nc_ohc=9Fs1dYUlGH0AX_mURIj&_nc_ht=scontent.fmnl5-1.fna&oh=95321adb58d67f9b5ff8e80f9d03fada&oe=5EAFAA40,"{'Total': '272', 'Like': '222', 'Love': '49', 'Wow': '1'}","{'Cir Baj': {'text': 'I have 2 policies that i cancel or withdraw online. Customer Support no longer contacted me. And Now I can no longer access my account.Kindly contact me please. thank you.', 'post_date': '1584371047'}}",56
"With the increasing number of reported COVID-19 cases in the country, remember to remain calm and vigilant. Look out for symptoms of infection and immediately get checked if you experience any of these.",https://web.facebook.com//AXA.Philippines/photos/a.10152010854733148/10157023852648148/?type=3&__xts__%5B0%5D=68.ARCzpi_m0fAt73O2eqTR2c47D8wZzaNTm5I484QwcpnioeIdY-MywFMlRUnn0zCY-7Va8S1H5ZCJRHuw9x3bbYjCo-ZVw46wHVX0Rju5hyAZV7IFFuSe8mri81RRVbRBBK2q5fWT2A_homVI2ORsJrptLhdtk_2ah4r-ZrrI_pSZ-Et_29Jz8nSibOjpAkZvXj4-rgsP6z8U5bOAPKfQHL3rtZU0CHlkgOTVZgZImxu4pBNL9MKrVvC94512T1FA2uJD22OdSg1S0MVCAU6ztb7fhWC7RfjSpGfqH_6liq4VAJ0w2loZ4ZKKOJdZ3xt4Ljoij_Gls2yxeQOhDKlE&__tn__=-R,2020-03-12 11:32:41,https://scontent.fmnl5-1.fna.fbcdn.net/v/t1.0-9/89435958_10157023852653148_3196604507551170560_n.jpg?_nc_cat=104&_nc_sid=110474&_nc_eui2=AeEt8sZ8pSCzGSAdAd5tQjFBdiD26qnOCcJ2IPbqqc4JwtQob37GrbgcWpGI6bSN997nrRJf6ZXzsW1wfRTpwAD6&_nc_ohc=CiI0Ni7a5XYAX_IiZBr&_nc_ht=scontent.fmnl5-1.fna&oh=e2c39056cc29c5d671a1ba5e10b94d19&oe=5EB302B7,"{'Total': '4.3K', 'Like': '4.1K', 'Love': '191', 'Wow': '13'}","{'Ivan Noo': {'text': ""I don't usually like to make a complaint, but one of your staff is proving very unprofessional. She never responds to emails or to any phone calls."", 'post_date': '1584070093'}, 'Angelica Magtibay': {'text': 'I cant get to log in since last month and i tried yesterday still like that but today you saying my account is not registered how ? Ive been having my policy almost 2 years now üò•', 'image': 'https://scontent.fmnl5-1.fna.fbcdn.net/v/t1.0-0/p240x240/89940180_1477218699120972_4529392224537935872_n.jpg?_nc_cat=109&_nc_sid=dbeb18&_nc_eui2=AeGFmgjtaWJPzPiePQ2FVCZb1fl83C1YByLV-XzcLVgHImr8LLfWyp4U_jY4Rw0feRT2NjOnExzSt8dD9mizhzIa&_nc_ohc=gR1fjBUnIWUAX-1QGEg&_nc_ht=scontent.fmnl5-1.fna&_nc_tp=6&oh=f686b07f8386bfdce26840bff1c4190d&oe=5EB14B3A', 'post_date': '1584415358'}, 'Arvin Balageo': {'text': 'One of your major competitors just extended a grace period whose due dates fall within the month of February to March. Will AXA all follow the same?', 'post_date': '1584431192'}, 'Moon Chaser': {'text': 'how about csr central serous retinopathy?  is there a claim for this, any benefits', 'post_date': '1585526760'}, 'Rj Garduque': {'text': 'Wala man lng ba delay payment muna for a month, knowing how bad the situation is in our country right now. Parang tutulong lang if may sakit na ah.', 'post_date': '1584367301'}, 'Mark Michael Palazo': {'text': 'Hello, is it wise to partially withdraw the account values of my policies? Biglaang bagsak naman na po mga account values po:(', 'post_date': '1584021230'}, 'Muhammad Yusuf': {'text': 'Khpon pq D makapag Log in...', 'image': 'https://scontent.fmnl5-1.fna.fbcdn.net/v/t1.0-0/p200x200/89769135_10222095418082401_162119759700164608_n.jpg?_nc_cat=101&_nc_sid=dbeb18&_nc_eui2=AeHwoHWHgeScxjiF_kA_rCL2qd7L-nn7Wzap3sv6eftbNlxv0AA0-YJHXsHlmDs4YprQs5CTWZYPZrMTnuJv1cnd&_nc_ohc=21OASL5E7rEAX_0M4Qf&_nc_ht=scontent.fmnl5-1.fna&_nc_tp=6&oh=32a3b1f84dc4d2fce4740baa72f1dc99&oe=5EB15B96', 'post_date': '1584178585'}, 'Eleese De Quen': {'text': 'Oh my God! I am a recipient of AXA how about if I have the same complaints in the future.', 'post_date': '1584330401'}, 'Lanessa Cago': {'text': 'Sent claim request on Monday 3/9. One week after still no replies. AND you charged my card twice for a single transaction üôÑüôÑ', 'post_date': '1584245702'}, 'Joel Hapitan': {'text': 'Useless customer service.. emma is not working.. where can i file a complain. Funny Axa', 'post_date': '1584168295'}, 'Jan F. Malaya': {'image': 'https://scontent.fmnl5-1.fna.fbcdn.net/v/t1.0-0/p480x480/90356643_515085206107440_3229824821160312832_n.jpg?_nc_cat=102&_nc_sid=dbeb18&_nc_eui2=AeHjHQ-qrl-_nNgTkSvNUTBz2KkHcElkBLHYqQdwSWQEsRcjSSLKI-KWnJWdAY4fnj7fzPOf-m5vNZY2TyDr5mQ9&_nc_ohc=J9cbjFuZwJUAX_KrKHM&_nc_ht=scontent.fmnl5-1.fna&_nc_tp=6&oh=30091dc29ae5b47c6c89127dc2359326&oe=5EB1D98B', 'post_date': '1584435394'}, 'Jane B. Engalla': {'text': 'Axa ano na sira pa din app nyo!!!! Baka pag naayos yan ubos na pera nmin', 'post_date': '1584338487'}, 'Nicole Santiago': {'text': 'How will i know if i am entitled?', 'post_date': '1584360059'}, 'Michelle Paunlagui': {'text': 'Is ncob covered by term insurance plan with critical (care) illiness rider?', 'post_date': '1584395355'}, 'Ivan France': {'text': 'Covered din ba siya ni Life basix?', 'post_date': '1584013036'}, 'Kel Custodio': {'text': 'Any issues filing claims related to Covid, specifically for US travels?', 'post_date': '1584325538'}, 'Rhea Ann DG': {'text': 'Sana my pa PAYMENT EXTENSION din po kayo.', 'post_date': '1584354387'}, 'Camille Abias De Leon': {'text': 'May grace period po si Axa.', 'post_date': '1584430944'}, 'Grace Celones Tablan': {'text': 'What if asymptomatic???üòîüòîüòî', 'post_date': '1584803681'}, 'Ivan Tot': {'text': 'Paki explain in tagalog madam. üòÖ‚úåÔ∏è', 'post_date': '1584281905'}, 'Mayjune Gelasan Destriza': {'text': 'Gudeve. Tanong lng, kasam din ba dito ang heath start family?', 'post_date': '1584016509'}, 'Romelyn Lecciones Potayre': {'text': 'Pwede bang magpalit ng financial adviser? Wla na kasi akong tiwala sa  financial adviser ko!!', 'post_date': '1584016678'}, 'Albert Panganiban': {'text': 'Pre dala Kuna de', 'post_date': '1584022189'}, 'Chummy Arquiza Mangabang': {'text': 'Ptp thanks', 'post_date': '1584016961'}, 'CJ LG': {'text': '#BusinessContinuityManagement', 'post_date': '1584012945'}, 'Maricel Sandoy': {'text': 'Kasama ba yung my shield rider?', 'post_date': '1584153391'}, 'Catherine Factoran': {'text': 'Hi Cleto, what does this mean?', 'post_date': '1584021497'}, 'Chan Chan': {'text': 'Gi ask ko lang kung pwede i delay yung hulog muna for next month ? Wala kasi kami work nowüòû', 'post_date': '1584517421'}, 'Jovz Orpilla-Yanga Boado': {'text': 'Wala man lng ba delay payment muna for a month, knowing how bad the situation is in our country right now. Parang tutulong lang if may sakit na ah.', 'post_date': '1584373860'}, 'Rich Martinez': {'text': 'Baka pwede naman muna payment holiday? At least for this month?', 'post_date': '1584406174'}}",891
"Find out what inspires the longest-serving member of the Reds, Forward - Ashley Hodson, to keep playing. #KnowYouCan #LFC #MadeInLiverpool",https://web.facebook.com//AXA.Philippines/videos/2560974544114409/?__xts__%5B0%5D=68.ARBhwOHXsBg7cR_fP4fCogtDrNxKHrr9xh1m8WeR9HfMbBy9mQHFzsG299pbfEGYzC0s4Q9AQa7WxPtwb9M4juuuVKfsaFRrwkHw4FiYeNvkAHFYjF8tiwYMO8JBrgqy_xn5XzOm0Y9XV5e11CmKouWZ27UYizpoDo1oDicTfuQ6IMAQpgCEYpBXnf5ppOOj9eYnObFJAk0_KsyqRuJtu2IAxwECEYVbbRnWYxwX6SxjL3LX57doKsrkjJyYNw6ogkO4ixbPjE4HBuKoY7Ui6iN7kjJZVAY95pVo8IaqOvBQGHWunmSOeatqCEVfkmdv-GrmQXpSJpAbWidOst5_XFJuRbUs8NOi&__tn__=-R,2020-03-12 06:00:00,,"{'Total': '78', 'Like': '70', 'Love': '8'}",{},59
"In AXA, we are committed to promoting women empowerment in the workplace, with programs that help advance their health and wellbeing and those that support the needs of working mothers. In celebration of Women‚Äôs Month, we give back to the women in the communities in which we work with a free cervical screening activity for public school teachers in partnership with the Philippine Cancer Society, and a financial literacy session to benefit the female employees of DepEd Manila.... We also put the spotlight on some of the remarkable WoMen@AXA through an exhibit that recognizes their strength of character, dedication to their profession, and their passion and purpose.  In photo: Peachy and Zaida are exemplary examples of women of strength, character and integrity. Peachy is married, a mother of three and a breast cancer survivor. Zaida is a single, independent woman that loves her furbabies. Peachy is a training and development professional, and Zaida is a certified internal auditor. Both of them excel in their chosen fields and lead fulfilling lives with work-life harmony.",https://web.facebook.com//AXA.Philippines/posts/10157021149388148?__xts__%5B0%5D=68.ARBoMYVIbKUob4sxs8hNlj1wqnvbpkCBogdQrq70ACT9rKCefZL140NT3c1hGBCaUPsGsR4pDmZiEFsMBfct_yVgKm1SRVi81QihQZxkxdExnRqGNdbYTT90ke6ol-_cM8xNBkWBtBWXq1XKlxiWZ4_XtqLlgRYqGhkwAdipNHoXWzsqPl6gTSaXvgZxWKzrmv1umx0IAtpceMa5BC8Br56JGuJHDls7ZsQnFLMTuJUGLaVhU6s938g6be09nPjoYssyhu61QKOofX4lJIx5HpgeWpx8tUitMZbFWGL2qb62uRFIv8xOv5q2-ve3zK_5RS0Dt8mom6hB249N3m6G&__tn__=-R,2020-03-11 11:00:22,,"{'Total': '312', 'Like': '218', 'Love': '86', 'Wow': '8'}","{'Rita Nisperos': {'text': 'Looking good Peachy and Zaida. Honored to know you both.', 'post_date': '1583932169'}, 'Mary Ganob Del Prado': {'text': 'I have stop my health insurance because axa is not paying', 'post_date': '1583949358'}, 'Gerry Fabra': {'text': 'So proud of you friendü§ó', 'post_date': '1583935351'}, 'Bert Gee': {'text': 'truly awesome Ms. Peachy Bassig Felix salute!!!', 'post_date': '1583991572'}, 'Jay Angela Mabulay': {'text': ""Wow looking great Ma'am Peachy Bassig Felixüòçüòçüòç"", 'post_date': '1583928997'}, 'Kryts Ruben Bermundo': {'text': 'Pls paki gawan ng action yung case ko...hnd po biro yung 100k na nawala sakin  pinag hirapan ko po yun', 'post_date': '1583925907'}, 'Re Za': {'text': 'üíôüíôüíô', 'post_date': '1584084731'}, 'Jen Antonio': {'text': 'üòªüòªüòª', 'post_date': '1583930709'}}",75
Your insurance premium payments‚Äîever wonder where they go and how they grow?  The first episode of #AXAInvestmentSeries focuses on how they work and why you should never miss them.,https://web.facebook.com//AXA.Philippines/videos/849361598860901/?__xts__%5B0%5D=68.ARCOr1Ip9mJWhDOxUSMkM9G9rkMVc2Tz0WcFOCFv8eBEdri7fg4EInHs79o9qmkEMbb9bwtIIurKQJLVKXi-M5G2Ko8Lyjm6FS8b3nBs-4cAHmC7yuxrW4fIspXTJYESYBmC3TQ2Q5j5kzgkjUuvtrc67dbSsKhYpGvJgdsPMOsV5PPKfzWQAlo6RtN29hvhXfrKFYWbJez-Sujs-yk-zbTiWTDBfZSvUIauerGFaQBAZROCFfSw9zpTjPuWIfZ32Mx2J17ooHCBJL9uAEU4yyXUjG48XzPMzF82282natqLqXFd83lIFx_enTfizst5iGkw1D3juB0v8WeytTpurI_fhD6wk13x&__tn__=-R,2020-03-10 04:30:00,,"{'Total': '438', 'Like': '352', 'Love': '82', 'Wow': '3'}","{'Kryts Ruben Bermundo': {'text': 'Pls.. paki balik pera ko.. 100k is not a joke. Pinag hirapan ko po yan', 'post_date': '1583926042'}, 'IMG Cebu Financial Educator': {'text': 'This is nice.', 'post_date': '1583888149'}, 'Belgica V Randy': {'text': 'Apply  muna premium holiday', 'post_date': '1583835610'}, 'Natalie Bacosa': {'text': 'Ohne push na next month! haha', 'post_date': '1583815267'}, 'Eric Guiritan Mahinay': {'text': 'Christine Codoy Mahinay', 'post_date': '1583838391'}, 'Ella Usman': {'text': 'Ptp', 'post_date': '1583828726'}, 'Francisco Mariza': {'text': 'Meron sa Metrobank', 'post_date': '1583829403'}, 'Tara Shajen Torres': {'text': 'Thea Lallaine Torres check mo nga toh, sa metrobank kung meron', 'post_date': '1583824874'}, 'Vanessa Pando': {'text': 'Always same message online dont make business with them', 'image': 'https://scontent.fmnl5-1.fna.fbcdn.net/v/t1.0-0/p240x240/88986528_10219879269603515_3134710262129491968_o.jpg?_nc_cat=103&_nc_sid=dbeb18&_nc_eui2=AeEiVc_wvn9zZITRLy7_SIq9NqDFs0Ey0Kc2oMWzQTLQp7ULUDsYLutKj8dyo0UWLiPQQZkZ3hTbxxilwK-l5YGF&_nc_ohc=7OvQcxoTpisAX8nlLOh&_nc_ht=scontent.fmnl5-1.fna&_nc_tp=6&oh=7c353ede20b36e319db6878d88fdd8d4&oe=5EB34886', 'post_date': '1583885750'}}",664
Financial planning is key to attaining a secure financial future. But what are the things you need to consider in planning your finances? Plan for your future by having the right game plan. Talk to an AXA financial partner today! #WhatsYourGamePlan,https://web.facebook.com//AXA.Philippines/photos/a.422772563147/10157015627683148/?type=3&__xts__%5B0%5D=68.ARBQ-ln3vNtCTtgr64vZCo1g8uCbK1mCrRRvygOz_VPhSdQ_GxImLH-8TpAGixLmnBAna646c91c-2tT0uxjANwLGNDfoT6fZS_V19O0hfgzxInM8I2PAh7MsbIp2IUH6c4lABGlh4x9UcsSbNKLtQWY8yyfXbW3p8nwjjJPaVzPYdWcUSqwCNrhCY5m824-jZ2gZ880oGXSh8mQ2wuWvGgfN0d4mAcaKVXAh9Qrh2T66-MtEtmoaUi8lUzHIMg7oRPv10RNejWACzS-jle1t5BMAtu_SV-J-Na0nm6fTdRAyYxNlnvHWAHw8Y18QZjKfwLuwPQfR6Xtwhx5v9EA&__tn__=-R,2020-03-09 05:00:39,https://scontent.fmnl5-1.fna.fbcdn.net/v/t1.0-9/s1080x2048/89567526_10157015627688148_7521442802878644224_o.jpg?_nc_cat=107&_nc_sid=8024bb&_nc_eui2=AeH7KaJm_yNPBwwvEFl1h8TQB413EneJYBEHjXcSd4lgEdGutnIQ2sqnXXky6yHmpXNcSk9RqxBm2RsCS3kJthzA&_nc_ohc=sTZAA9ym-IEAX9CU2T4&_nc_ht=scontent.fmnl5-1.fna&_nc_tp=7&oh=6867d2230981808aa66cb88a221a89ef&oe=5EB2ECE7,"{'Total': '299', 'Like': '242', 'Love': '54', 'Wow': '2'}","{'Vanessa Pando': {'text': 'Always had same error online dont make business with them', 'image': 'https://scontent.fmnl5-1.fna.fbcdn.net/v/t1.0-0/p240x240/89851347_10219879274043626_6986483752620785664_o.jpg?_nc_cat=103&_nc_sid=dbeb18&_nc_eui2=AeH_Oqf-vXD6FKRxCHDczZmW1aPJuhK4SwvVo8m6ErhLC9Fq66zadeNKzf77idWHmD_WtGDJFd_OZ6rX4VUoOpWO&_nc_ohc=mTZUYVXlyD8AX9zPsYa&_nc_ht=scontent.fmnl5-1.fna&_nc_tp=6&oh=c5603a2f41ec8f20a10beff0ee86cec8&oe=5EB121B8', 'post_date': '1583885812'}, 'Audrey Israel O. Deopante': {'text': 'Yes! Happy planning everyone for your financial future ;)', 'post_date': '1583805592'}, 'Cjm Carpila Folado': {'text': 'Lord kau n Po Ang bhala s investment k,kng ano ano nlng n bad comments Ang nbbsa k,pno nlng kng malking scam ito,nagkanda hika hika n ako s pagttrabho pra lng mkaipon pra s pag aaral Ng mga anak k tpos gnito.', 'post_date': '1584616694'}, 'Jham Bhe': {'text': 'Good day sir/mamBatangas City BranchLaking tiwala namin sa inyo, dahil maasahan at save at madaling makuha kong kailangan‚Ä¶See More', 'post_date': '1583802105'}}",388
"To celebrate International Women‚Äôs Day, Gordon Watson talks to some of the players of Liverpool FC Women‚Äôs First Team during a training session and discovers that there are no limits to pursuing a dream. AXA‚Äôs sponsorship of Liverpool FC Women‚Äôs team brings to life our shared goal of promoting both healthy wellbeing and lifestyle. #KnowYouCan #LFC #MadeInLiverpool",https://web.facebook.com//AXA.Philippines/videos/840890459657393/?__xts__%5B0%5D=68.ARC74bgWMCU_zpZiF3zGLpjiP4DQbqpEWTTf8Lhjn8G-OSuPwSWH6glfk9Sn3lS8MVnC9T28UKkPYS0FXlW4oHvxzOvtDTzmX3_1T3HAc4fXf-ZQJwqRblhBO4nxgZt2U9Fj8zjqDlYMBwQ-5sbBGlOVcILwm2ko2EUpFhjLr0dgJRD8rI8o7zmruqMoqExjaCL51lZjsRiQlA0F47y1F6SFK3feZGuqku-KT3EOF6zdrBxkPRhaP7-XPrXtFExFCgMr6FaPkAie4G6sFBc610Pr-yTF8x4cEWMCqiw2Hrr7Q-_SihPTqWaIvG9BfSmEooBQAjCg-RQup7UanXiEd7BPdiNHVBYg&__tn__=-R,2020-03-08 02:00:00,,"{'Total': '218', 'Like': '178', 'Love': '37', 'Wow': '3'}","{'Vanessa Pando': {'text': 'Fix your website im getting the same message since last week your customer service cant help.. no response for resolution both on email  and fb messenger', 'image': 'https://scontent.fmnl5-1.fna.fbcdn.net/v/t1.0-0/p240x240/88321515_10219862245417921_6347471191107698688_o.jpg?_nc_cat=111&_nc_sid=dbeb18&_nc_eui2=AeGl6IQEttV35KvBY1etVB_3fxlQjfQpY8N_GVCN9Cljw4U42t56LjVxUtCzoOoJsZOjWuq3LqvLJ2tr9KBFjxhx&_nc_ohc=4YbY2AdaZV4AX-sr_Po&_nc_ht=scontent.fmnl5-1.fna&_nc_tp=6&oh=ae0cb9ac1971255fecf8c65305cf5f54&oe=5EB347C0', 'post_date': '1583722781'}, 'Kryts Ruben Bermundo': {'text': 'Pls paki balik po pera kom 100k is not a joke. Pinag hirapa  ko po yan', 'post_date': '1583926084'}, 'Rebz DelaRosa Arcangel': {'text': 'AXA Philippines  what‚Äôs wrong with your website?', 'post_date': '1583675783'}}",231
"The cost of treating top critical illnesses such as cancer, stroke, and heart disease is often higher than the average person could afford. This is why health insurance is even more vital to have. AXA and Metro.Style write about Health Start, AXA‚Äôs new affordable health plan that covers against the top critical illnesses.",https://web.facebook.com//AXA.Philippines/posts/10157007592078148?__xts__%5B0%5D=68.ARBGZVbTYPs8NLb7TZ7lA32KlEIyjpLkMx7vKJe_XB6GyQbaSfPy2IaZVJFpAj3i91IPGk2sXh75-kHcMfzwMverAWuryndf-b3uSdBgzirpH_6aDKQ62ROwz2qpGUEIKYmhxnOAEXLJ37SAZCayS4G95hkiIYESg9rngk6HtFr8rCiVCDe1-_BJi8ScBzfhCfaMvxJmbFf_WNpAroV1fUufr76sdQbV92xPEvzek1BsQ1kP8t7msdNJCcfjfjES3_W9t6Mxn0Kv-fpWXvH-yhk7kQyEUY5BRI0tU3evN6ANtRnFLXTLPbZniK9ft0uXbquuQ6IMXRzACM6gvdhS&__tn__=-R,2020-03-07 09:00:24,https://external.fmnl5-1.fna.fbcdn.net/safe_image.php?d=AQBeF4cA27EPjSOC&w=540&h=282&url=https%3A%2F%2Fassetmetrostyle.blob.core.windows.net%2Fprod%2Fmetro.style%2Fmedia%2Fassets%2Fbanner-landscape-family-insurance.jpg&cfs=1&upscale=1&fallback=news_d_placeholder_publisher&_nc_eui2=AeHQC6yNj0_3kdMBAqL4rehaJF-neY5jvhYkX6d5jmO-Fk89C8-8TkRxbl40cbbQ4pAXAIdgKWKB1SVXFxwDvBGD&_nc_hash=AQDStlx7k-sMEGH0,"{'Total': '262', 'Like': '208', 'Love': '50', 'Wow': '3'}","{'Elizabeth Requina Montilla': {'text': 'How', 'post_date': '1583578843'}}",499
"Congratulations to the winners of P10,000 worth of NBA merch! We'll contact you via email and SMS for instructions on how to claim your prize. #AXAwhatsyourgameplan",https://web.facebook.com//AXA.Philippines/photos/a.422772563147/10157007640833148/?type=3&__xts__%5B0%5D=68.ARBF5g3AtiRTNBI-CG0Vv4oOil3FYv66dduBgaB67SQKB3SbFcj5V4ORke9SmzNCxZ17U71inL1KLw45dh7gvDY4hMn7RDg4N5Gq6DcYBJYPflBp4Kg4E0gn6xsZ-B1BqTpqiRpFXDuQNBEhOaqef4lIDO-3QIeT7QENk5SPu6-bHhWuVryu6V2Kbk9vUcZcStdzAuynAGvvufJ0zyPMx09vLh-J6oLR2mNp8yftRrvFKR9Jddo2ilMM5xpm9R3iIM8u6lbrXN7taGi5rWSlJVakAmNsPe0DzRFRVgi5xdL2cSSKd2gshRpyI3HkSpOvNK7U6dW8hjJhw6UaBGbb&__tn__=-R,2020-03-06 10:30:00,https://scontent.fmnl5-1.fna.fbcdn.net/v/t1.0-9/s1080x2048/87476281_10157007640838148_389419079795998720_o.jpg?_nc_cat=104&_nc_sid=8024bb&_nc_eui2=AeFX6FGfThvLguOf3RqPDvGWD4-pjCYOQFkPj6mMJg5AWdFA3dKPk3a4nfkXcUJcD9eLOOJjT2R7iuoQAJIObs86&_nc_ohc=pXdB8RFbMSsAX9mcWQr&_nc_ht=scontent.fmnl5-1.fna&_nc_tp=7&oh=ae3f2b0ab8bc51e02fe3eaeee333d8e5&oe=5EAFFFC4,"{'Total': '263', 'Like': '197', 'Wow': '31', 'Sad': '19'}","{'Michael Sarmiento': {'text': 'Couldn‚Äôt find their names either in the contest post. AXA Philippines', 'post_date': '1583493871'}, 'Vanessa Pando': {'text': 'Fix your website im getting the same message since last week your customer service cant help.. no response for resolution both on email  and fb messenger', 'post_date': '1583722865'}, 'Jaypee Lorin': {'text': 'Congratulations', 'post_date': '1583503237'}, 'Clores F. Marissa': {'text': 'congrats', 'post_date': '1583722061'}, 'Pau Buenaobra Villanueva': {'text': 'Congrats!!', 'post_date': '1583509831'}, 'Marilou Luardo': {'text': 'congrats', 'post_date': '1583512219'}, 'Gerald Veloso': {'text': 'Congratz...üéâüòÖ', 'post_date': '1583598791'}, 'ChanChan Villania': {'text': 'David Villania III sayang.', 'post_date': '1583492413'}, 'Maryanne Seculles': {'text': 'Post sila nanalo agad üòÇüòÇüòÇ', 'post_date': '1583582000'}, 'Jeodith Cristobal': {'text': 'Grats', 'post_date': '1583584532'}}",55
Some of us go through life without taking the time to plan our journey towards success. Create a game plan to help you achieve your aspirations in life. Call an AXA financial coach today to know how! #WhatsYourGamePlan,https://web.facebook.com//AXA.Philippines/photos/a.422772563147/10157007301298148/?type=3&__xts__%5B0%5D=68.ARAjfIV44ReYg3IF9S6ZfAi8cuWbqb9GzLeqt_LF2l_J0TXsYC_8uBBJ95phVauS-Et3je9sCnKsKdluWzb8wNX42RgGKM4P3uPCz7LY0jed2yN1N_bVkVJ_sYubRWxVALpV2zwdsEhcO6CtuU2LQTN4EXvecZGkXnzgGbG8dWaaXUeUU3CJ6FTNE20nZrExJeVDkhWA4I4P9Rvpn8eTH0aSrqZL95rhQhjLy_gk3_cFpYTN72bKwRiw04aAsQq_gcjRQlaL7kYTbCgunHsAMPo5GzFh2c_bldLRdimjAEXBtAf5YbYhEW7q0_vRS-Fo7QTuO0FKx0looJwc1FGL&__tn__=-R,2020-03-06 06:00:00,https://scontent.fmnl5-1.fna.fbcdn.net/v/t1.0-9/s1080x2048/88241850_10157007301303148_8496503900667379712_o.jpg?_nc_cat=108&_nc_sid=8024bb&_nc_eui2=AeHcCHzPEnI5TQpT4XUgSSnHwCUnkxfNr5jAJSeTF82vmAQZBr84N3c9j4bFZemyo0vY5tlErw0WRJsEpyYcrblc&_nc_ohc=3LKCCGe-Wd4AX9IM_Si&_nc_ht=scontent.fmnl5-1.fna&_nc_tp=7&oh=dae11e8925f1fb154578f4623a7c57bf&oe=5EB2FEB2,"{'Total': '247', 'Like': '195', 'Love': '48', 'Wow': '2'}","{'Vanessa Pando': {'text': 'Fix your website im getting the same message since last week your customer service cant help.. no response for resolution both on email  and fb messenger', 'image': 'https://scontent.fmnl5-1.fna.fbcdn.net/v/t1.0-0/p240x240/89867804_10219862262018336_3393507854466940928_o.jpg?_nc_cat=108&_nc_sid=dbeb18&_nc_eui2=AeEinU8BrfHHR-xtQpNGJEQPYGQHCOmhYdxgZAcI6aFh3FgN8lFZBECZnuO_FF7JUcC0H2Uq2IhULKjYB81penze&_nc_ohc=Qs72j5Eqe3sAX81cfQ6&_nc_ht=scontent.fmnl5-1.fna&_nc_tp=6&oh=f1614936fd2c4515ae4b896d3f2830f6&oe=5EB26FA7', 'post_date': '1583722891'}, 'Pau Buenaobra Villanueva': {'text': 'Feel free to send me a PM :-)', 'post_date': '1583509481'}, 'Bhooghing Cath': {'text': 'Murag interested ko ani maam. Hehehe', 'post_date': '1583479068'}}",285
"Create your game plan and get a chance to fly to the US to watch a live NBA game with AXA! Get raffle entries through any of the following: üëá ‚Ä¢ Earn 3 raffle entries by taking AXA‚Äôs online health quiz: http://bit.ly/39mejrf  ‚Ä¢ Earn 5 raffle entries by downloading and registering for the Emma by AXA app: http://bit.ly/emmaaxa ‚Ä¢ If you‚Äôre an AXA policyholder, earn 7 raffle entries by updating your contact info on MyAXA web or the Emma by AXA app. ‚Ä¢ If you‚Äôre not an AXA policyholder, earn 7 raffle entries by jumpstarting your financial game plan! Wait for a call from one of our financial advisors after taking the health quiz.  What are you waiting for? Earn entries now! For more info, check out: http://bit.ly/NBAWYGP #AXAwhatsyourgameplan",https://web.facebook.com//AXA.Philippines/photos/a.422772563147/10157004580618148/?type=3&__xts__%5B0%5D=68.ARDbxFhf9_miTatUx_GtpJqiluA6QLnMANeYdA2gkdbkc_Ghk1Hwf6Y6HeuPxCU0YtULSSgx8Dhho8cCX8jFt99dcpUVlaO7J8sb9C1bNyCWlsPGeFLarSrFXAr0bcGThkjrR4npYNhuSeiGHykFf0moGgVwekbUjl4hOHLgXrdxzQozQvdBcaXEtzouXBV-eMUjNgLslK2owf8Pd51atQEBzr03iGwhT4xQzAM5zvH3HFMWT4IFZpeIMs3LKZoJGxwtQAPbzkz8klDu2vkdF6VG3AVdrUolNaVHVl26Y1rFrhEIYhQkG0sJkiIFySrZT9chsa3iZIFQ91HEIjoj&__tn__=-R,2020-03-05 06:00:00,https://scontent.fmnl5-1.fna.fbcdn.net/v/t1.0-9/s1080x2048/87366556_10157004580623148_5532440282710147072_o.png?_nc_cat=103&_nc_sid=8024bb&_nc_eui2=AeH-VLSSdaolygm26bT_0cbwHQSHAS4-QtAdBIcBLj5C0JB1N5ltyTxPZdbR2tWNAy1T4stgYdLXOKlt40TWvui9&_nc_ohc=rdSkKAbwQoIAX9eS72K&_nc_ht=scontent.fmnl5-1.fna&oh=8e631119f316ddbca2ec111ef3ebc8de&oe=5EB0C0F5,"{'Total': '251', 'Like': '210', 'Love': '31', 'Wow': '8'}","{'Blake Piangco': {'text': 'Jok Jok register na po.', 'post_date': '1583929376'}, 'Michelle Mateo A√±onuevo': {'text': 'Jerry M. A√±onuevo', 'post_date': '1583917044'}, 'Kryts Ruben Bermundo': {'text': 'Pls.. pakibalik po pera ko na 100k.... 300k po ang nahulog ko sanyu pero 200k lng binalik nyo after 5 yrs....  sana magawan ng action...', 'post_date': '1583925990'}, 'Lourdes Perez': {'text': 'Goodmoening. This is Lourdes Perez policy holder of axa. Sence advance ako ng payment. So my another due  june 2020. Thank you', 'post_date': '1585698738'}, 'Vanessa Pando': {'text': 'Fix your website im getting the same message since last week your customer service cant help.. no response for resolution both on email  and fb messenger', 'image': 'https://scontent.fmnl5-1.fna.fbcdn.net/v/t1.0-0/p240x240/87517291_10219862256418196_120254664766652416_o.jpg?_nc_cat=109&_nc_sid=dbeb18&_nc_eui2=AeEWtV5-o672kEWxz3fRjMQr0GXCuVdLOjnQZcK5V0s6OWyzL23Ovk4D4Tazt52rg5EWiPfsEm_MoJn8pkukEMik&_nc_ohc=aWTXTxz06Q8AX_g5z56&_nc_ht=scontent.fmnl5-1.fna&_nc_tp=6&oh=c3d7af5c624c9a47a5051e7096e263ad&oe=5EB1B2AB', 'post_date': '1583722835'}, 'Mel Alzaga': {'text': 'Fael Ramirez Mark Lazaro Fabros Jovi Meryl Cognito Don Vito Lorrilaine Enriquez-Bautista Daykee Eseller John Joe Clet Keith Alden Espinosa Xabz Tin Mc Gatchalian', 'post_date': '1583500165'}, 'Jham Bhe': {'text': 'AXA Philippines was SCAMMER,Grabe kayo laking tiwala namin sa inyo dahil nasa loob kayo ng bangko, save at maganda daw ang inyong saving insurance at maasahan.. Anong nangyari Batangas City branch, pina stop na namin ang axa philippines nagbabakasakal‚Ä¶See More', 'post_date': '1583800544'}, 'Bernard Estuya Pongos': {'text': 'I filed for the withdrawal of my account value. How long does it take for axa to give me my money? It was approved on March 4, 2020.', 'post_date': '1583454127'}, 'Chriscel Caguntas': {'text': 'Nico Arroyo', 'post_date': '1583390581'}, 'Rhodora Castillo': {'text': 'Who are the 10 winners from ur previous promotion? It is stated in the mechanics that you will announce it.', 'post_date': '1583463366'}, 'Jether Francis Alejo': {'text': 'Axa philippines,hindi papo kayonagkakaltas sa debit account ko.. march 5 yung due..', 'post_date': '1583653301'}, 'Fe Dela Pena Aguinaldo': {'text': 'Lito Tagao Aguinaldo Felix Adao EsplanaFelix Esplana Claire Lanorias Regine Antonio Fe Mabilangan Melecio Lanting Maria Shaijogab Buarao Lajara Tintin Aton Huiso Prince Jhayson Pascua Princess May Dela Pe√±a JohnCarlo Fernandez Charmaine Bicarme Miryoku Maine', 'post_date': '1583503091'}, 'Eddie Albert Bermudez': {'text': 'Bago n nmn yan AXA!!!!', 'post_date': '1583406160'}, 'Paul E. Serrano': {'text': 'Ma Teresa M. Rabanes,Manuel Rabanes,Grazel Dialimas,Rene Manangan,Archie Dela Cruz,Nappyrm Manegdeg,Peter Manzano,Kimberlyn Reyes,', 'post_date': '1583719059'}, 'Lira Caperal': {'text': 'MarQueemarx Romero Mark Aguila Orlando Bragais Jr. Rex Hernandez Mel Alzaga Chick Zara Zara Avery Paul Abes Allan Atillo Mark Lazaro Fabros RV Dungo Noel De La Cruz Jenny Joy Del Rosario Arvielon Mendoza Filam Rodriguez Cristine Givera Domingo Rochelle Labos Gasangue Randolph Gasangue Alvin de Leon Jerie Gayanilo Alvin Asi Lim Rocel Atienza', 'post_date': '1583499565'}, 'Pamport Kumar': {'text': 'Axa pkiayos un website nyo 5 days puro error page wala din mka chat sa inyo', 'post_date': '1583462415'}, 'Yren Henry Inosanto': {'text': 'Fix your website first. Cant access my account for 2 weeks now', 'post_date': '1583541547'}, 'Calvin John Cayabyab Cardozo': {'text': 'Pan Pan take ka nito mi', 'post_date': '1583401415'}, 'Ajie Marj': {'text': 'Fyi Dear Clients', 'post_date': '1583549857'}, 'Shey Lifesavers': {'text': 'Minerva Malaco Carenthia Bernus Eibrab Redneval Rafers Ferrer', 'post_date': '1583420459'}, 'Jason Gears': {'text': 'na announced na po ba yung sa raffle nyo with Titan22?', 'post_date': '1583419237'}, 'Syros Mark Villarino Carriedo': {'text': 'wow AXA', 'post_date': '1583493643'}, 'Gelcris Manejado Sionzon': {'text': 'Airjay Agulto', 'post_date': '1583452406'}, 'R√©ne Tan': {'text': 'Haron Deo Vargas', 'post_date': '1583466949'}, 'Grethel L. Florentino': {'text': 'Loran Zalde Pacatang Desales', 'post_date': '1583451754'}, 'Aleemarsh Caspillo Robles': {'text': 'Luigy Palacios De Luca', 'post_date': '1583392290'}, 'Rose Ann Cabe Zarate': {'text': 'Jonelle Rancudo Soriano Go!', 'post_date': '1583400043'}}",240
