AIAPhilamLife,"#UPDATE as of March 18, 2020:  Now more than ever, we are here to continue keeping you protected from life‚Äôs uncertainties. We are one with the Filipino people during this challenging time as we offer an additional extension on your premium due dates.",https://web.facebook.com//AIAPhilamLife/photos/a.2633527306757219/2633527383423878/?type=3&__xts__%5B0%5D=68.ARB3FBMcSowwuh_pquB541EfpYpoootWHJ9BJ04jdf021rErLKbeBOI3LBU333rHiuaGGhUt4DnFFfNfYQNDBReWIE1vjxo-U04ZsLPV0d39jjausf_31Ec0MP_VxNdcRZhuqSVkxpSOyKPhi4RZl-98uZYYzirHZJm6Wcp-7CLnSBVNLOjc0bllFBTtl88UXKIdv9YfSj_FYScFx1NYz9dXI4YHcggU_qrNqxx4QW5L2ByhrghaSznent-ICFJC_IrybOT3MmK9M434JWka3Vp9AM22f7v9J6bSo2V2fZWsbDzZte83scmkqIrsnFGIjS11VbX3GMw4eHHHTB6CKhPMZg&__tn__=-R,2020-03-18 00:31:50,"""https://scontent.fmnl5-1.fna.fbcdn.net/v/t1.0-9/89965227_2633527386757211_8139666760606416896_n.png?_nc_cat=101&_nc_sid=e007fa&_nc_ohc=MkTtHGKeJwcAX-axzdY&_nc_ht=scontent.fmnl5-1.fna&oh=6adc81a28c659167adfb8c3655911186&oe=5EBA2AC6""","{'Total': '709', 'Like': '498', 'Love': '202', 'Wow': '7'}","{'Ilarte Urian': {'text': 'Can anyone take actions on my on going issue regarding may auto debit arrangement? My Account has been charge twice for the month on February. And your Customer Service is nothing but frustrating.', 'post_date': '1585018582'}, 'Francis Escobal': {'text': 'My credit card was charged twice in less than a month (March 29 and April 14). Thank you so much Philam Life.', 'post_date': '1586843067'}, 'Prince Valiant Tanglao': {'text': ""I cannot login to my eplan account I tried logging in several times, I entered pin sent to me but won't progress me further to my online account. It appears to be freezing, tried chrome and safari problem persists."", 'post_date': '1585298256'}, 'Jerry Jalandoni': {'text': 'Thank you PHILAM LIFE!', 'post_date': '1584501720'}, 'Lance De Cordova': {'text': 'Thank you AIA-PHILAMLIFE ‚ù§Ô∏è', 'post_date': '1584496876'}, 'Karen Palma Caylan': {'text': 'Quarterly man ko mag pay ...like February ako last payment...dili nako covered...ask lang ko', 'post_date': '1584501168'}, 'Mydeth Briones': {'text': 'Good day po..Ngayong April 1 2020 po ang effectivity po ng college benefits para sa aking anak...Paano ko po makukuha ito ngayong April po?Salamat po', 'post_date': '1586492952'}, 'Sarapat Urieta Theresa': {'text': 'How to log in po sa aking accounts....?', 'post_date': '1585764889'}, 'Joan Abapial': {'text': 'Thank you but how about those payments enrolled to auto debit?', 'post_date': '1584508789'}, 'Jerahmie Espina': {'text': 'hi po..panobpo kaya kpag quarterly ang payment?ndi po autondebit inabot po ng lockdown supposed to be march 23 ang due?xtended parin po ba?pde po kyang after lockdown na mahulugan ung dues q?thank u po', 'post_date': '1586839016'}, 'Sam Benigno': {'text': 'THANK YOU PHILAM FOR TAKING CARE OF YOUR CUSTOMERS.', 'post_date': '1585300859'}, 'AIlan Verona': {'text': 'Just a stupid question, does this mean we have to pay 3 months premium come June 2020?', 'post_date': '1584678951'}, 'Mak Tez': {'text': 'Good day,  my due date is every 2nd of the month, so how much will i pay on May 2? Good for 2 months Apr & May?', 'post_date': '1585826287'}, 'Remy C. Pantoja': {'text': 'Pls paki advice naman, member ako ng philam since 2005, accident inssurance full payment sya, active paba kau o hindi na', 'post_date': '1586089315'}, 'Jonats Emz Juan': {'text': 'Thank you!‚ù§', 'post_date': '1585793495'}, 'Jane Tan': {'text': 'Thank you for extended due date..', 'post_date': '1584493196'}, 'Lorence Awilli': {'text': 'I would like to inform you my monthly payment if updated', 'post_date': '1585370883'}, 'Haidee Daga-as Sionzon': {'text': 'Ask ko lang po,hw about  ung sa aking Policy, Feb. po ung due ko kc quarterly po ako,i made may payment sana last week e kaso dpo tatanggapin ng bank po.thanks po', 'post_date': '1585557339'}, 'Glo Ria': {'text': 'That is good news. Hopefully moved forward dn yung next payment or allow na installment na. Pwede po kaya?', 'post_date': '1584942098'}, 'Caliyo Ubatan Hazel': {'text': 'Thank you po my due date is april 28 po', 'post_date': '1584496913'}, 'Linda Nano': {'text': 'How about case of Company group Monthly Salary Allotment which is due end of March?', 'post_date': '1584923656'}, 'Kie Te': {'text': 'Thank you! üòä', 'post_date': '1586254306'}, 'Jen Moraleas': {'text': 'how can avis this insurance what is the requirement', 'post_date': '1586689422'}, 'Daniel Valdez': {'text': 'Good evnning Philam Life ..saan po nalipat ung offce nyo sa caloocan ..at saan po pinakamalapit ..d2 po ako sa valenzuela .nkatira.', 'post_date': '1586604153'}, 'Mike Chua Mendoza': {'text': 'diretso pa rin ang pag debit ng march due date ko. i dont know if april will be the same. sana hindi.', 'post_date': '1584777264'}, 'NylJaii SaiJaqu': {'text': 'Hello How about auto debit payments?', 'post_date': '1584874254'}, 'Darwin Penafort': {'text': 'How about the auto debit arrangement', 'post_date': '1586260101'}, 'Jan Centina': {'text': 'What about  with Auto Debit Arrangement?', 'post_date': '1584509260'}, 'Benjie Manalo': {'text': 'Philam life good job mabuhay po kayo.', 'post_date': '1584520370'}, 'Rowena Demerin': {'text': 'Maraming Salamat Philamlife', 'post_date': '1584495933'}, 'Willard Snaips': {'text': 'How about sa auto debit? Kakaltasan din ba or extended?', 'post_date': '1584495986'}, 'Hilda Nielo Ross': {'text': 'Wow....maaasahan tlga ang Philam life‚ù§', 'post_date': '1584495685'}, 'Franielyn Esteban Paelma': {'text': 'Paano po pag due ng grace period this March? Pwede pa rin mag extend ng 30 days?', 'post_date': '1584492375'}, 'Joel T. Villanueva': {'text': 'does covid19 covered?ü§î', 'post_date': '1584540221'}, 'Amy Salvador': {'text': 'Good pm ! Member ako Ng philam life since 2011 ,pero Hindi  na ako makapag hulog  uli dahil nag work ako Ng ibang bansa.. gusto kpo malaman if active pa ba account ko?  Mababalewala lng po ba Ang 6 k na member fee ko ? Thank you..', 'post_date': '1586248468'}, 'Nancy Rivera': {'text': '5mons na po aq hindi nakakapag hulog pede q pa po ipagpatuloy maghulog', 'post_date': '1584683347'}, 'Sid Cuanan': {'text': 'Ang due date kopo ay june 28, baka po pedeng isama nako sa may extension na 30dqys,  thank you in advance.', 'post_date': '1584635480'}, 'Marino Mary Ann': {'text': 'Covered din po ba nito ung bpi-philam? Auto debit ako pero nag close ang work ko before quarantine so napilitan akong withdraw ang sa account ko.  Kaya 0 balance talaga', 'post_date': '1585824115'}, 'Maricel Santiago': {'text': 'How can i thank you?I have made a letter of stop payment di nangyari and worst nadeduct sa acct ko agad kung kelan nasa gitna tayu ng quarantine simot laman atm ko pati maintaining balance at wala na pang gastos naiwan... wala man lang email sa akin regarding the debit nag report ako sa sucat branch to say d nakakarecieve message roaming ko ng text kaya email na langüòû', 'post_date': '1584613676'}, 'Ruel Hallarsis Layma': {'text': 'Mam sir pwde pa ba ako makapag laon sir my otang pa ako sir salamat po sir', 'post_date': '1584600995'}, 'Thelma Liganad': {'text': 'Gud nun!hindi pa po kami nakapagbayad ng loan.Saan po kami pwede mg inquire hndi po kami makapag access sa costumer service.', 'post_date': '1586759021'}, 'Charline Gawidan Bayongawan': {'text': ""Re'ut Htur iyong sa policy ni mader na due date ay April 1. May 60 days ka pang palugit."", 'post_date': '1585542268'}, 'ÊÑõ „É™„Ç™': {'text': 'due date ko ay april.. so kung ndi ako makahulog ng april ay pde p hanggang May... ganun din..üòÖüòÖ', 'post_date': '1585390439'}, 'Incxsboard Ticketing': {'text': 'sakin ng auto debit bat ganun', 'post_date': '1585477615'}, 'Fujie Salvador Satoh': {'text': 'How about auto debit sana naman wag na muna ibawas', 'post_date': '1585576002'}, 'Ana Marie Belleza DeVilla': {'text': 'salmat naman po..', 'post_date': '1584942045'}, 'Marlan Delizo': {'text': 'Thank you. Philamlife', 'post_date': '1584940873'}, 'Rozelyn Soliman Renoballes': {'text': 'Thanks PHILAM LIFEüôè‚ô•Ô∏è', 'post_date': '1584893534'}, 'Zivie Amora': {'text': '‚ù§Ô∏è', 'post_date': '1584623674'}, 'Valerie Damaso': {'text': 'Thank you Phil am...', 'post_date': '1584552197'}, 'Allan Abayon': {'text': 'thank you PHIL AM.', 'post_date': '1584541216'}}",743
AIAPhilamLife,"Being able to assist our customers, especially during this challenging time, has always been of utmost importance for us at AIA Philam Life. With our hotlines and customer service centers temporarily suspended due to the enhanced community quarantine, we‚Äôve gathered your frequently asked questions regarding our services to still help you with your concerns. CLICK on the images below to learn more.",https://web.facebook.com//AIAPhilamLife/posts/2692742744169008?__xts__%5B0%5D=68.ARCAxy8fAvcnYV7SyfhRGrBdq3FjBG6VZyqFy5mI10Sl0S9Jln187AgQUrpXQILZ6GLytHW20Dr1mJdmiLnWEh6zyB-3yhzmzbYwsd4SR4Tyv8cOU_2W1zrXFX3q8Vr3WphA9w2G3Y2hE-Qiw4TR4AgC-sp5MsM-FFcjn1wX2hsIdRo3q3c8eDpbvTEoiLuTke9AG-_qukk7Zl-FJuWcXke7hL60_8k4Jt3Jn3waRWGHkzwKrilABcH3woEq13_8ltpIK9PaGEt85FZ2w28MAZ-fMFvFcw9P9BnJ8wg9rgGjIgMW3fcSpWXXxZhgw_9Mp7jO4DUtw5VGp4TNdxCFK9ocCnhg_pW0dXObMnkbUU1rYwExSVfWD5tUuIP8H0mQNH1qO1zIbxEBJkq_EHdx11XO9ft18V62uyYaud13qN599fkUyF87SEiNY-G8i0Gz4ez2VCOsnOd-0O9TV5R2&__tn__=-R,2020-04-14 10:41:53,"""https://scontent.fmnl5-1.fna.fbcdn.net/v/t1.0-0/p235x350/93086062_2692726734170609_6156113312690995200_n.png?_nc_cat=110&_nc_sid=e007fa&_nc_ohc=mSJ0s97sM34AX_sJ469&_nc_ht=scontent.fmnl5-1.fna&oh=7a2af281981f30d1c742d28c117b06dc&oe=5EBCD18D""","{'Total': '39', 'Like': '29', 'Love': '10'}",{},26
AIAPhilamLife,"Pump up your Thursday night at home as Mr. Pure Energy, Gary Valenciano Official takes the stage for a special performance at #BayanihanMusikahan! Jam-along to ...classics like ""Di Bale Na Lang,"" ""I Will Be Here,"" ""Babalik Ka Rin"" and more tomorrow at 8 PM. Tell your friends because we're looking forward to this performance as much as you do! Send your donations through: pymy.co/pbsp  (Mastercard, Visa, JCB, PayMaya) donation.ph/pbsp  (BPI Credit/Debit cards, GCash, GrabPay)  give2asia.org/pbsp  (Donate in US Dollars) #TaumbayanToTheRescue #StandTogether #ThanksHealthHeroes",https://web.facebook.com//AIAPhilamLife/posts/2681403565302926?__xts__%5B0%5D=68.ARBPa1YCoa28EXqkdCB5wpF9WfZULExIcl_QsGGYyNFPYaFv4lZS9j3QW7-0pEuz9RSUMoTy7JfsVWNp7RdYyn5FqCvpcYiJMbcs6XqMj6hLgbvn5os-qhY1eNa6aZeWh73kaLZCRv1GbOTT-k_Sj5KMnJWn2Z9Qn8QNGJWtF5NhGQKsxBhVzzwu-WApz9Jt4d59ELR7yOpn3tj7zY2dwg64v4VVV_eV3Ee8PR6ECe0HNqqSNUIsQthb7r-qz_E5W5P60fXLQIl-1uoeIuzc6bEC4EDNQzOwpEWfKny-WPgj4HpQ8kIKeZ29TeLPGq6ue9--8JKbueUrpZ8JYvcQjCZ8MQhKhfgrEwWr2ncS2oS_IrAhcdjK6_cjPJQ5ovnK79NzAbR8dpJG8_dmG0kY0SgFZf7tyEUez3DjEXPLzg2PAAf_zFPSQKKujSFWkyqoMnOugkexAMeh9Ri3hONzFkponOwURHj_EcWserf9Ev-4Q2ON3o7iag&__tn__=-R,2020-04-09 04:44:37,"""https://scontent.fmnl5-1.fna.fbcdn.net/v/t1.0-9/92104608_122104862765408_1457164618349674496_o.jpg?_nc_cat=102&_nc_sid=8024bb&_nc_ohc=JxIBdYVPn3MAX-MPbdW&_nc_ht=scontent.fmnl5-1.fna&oh=9c44aebc89e51d7199f408f2db249a1a&oe=5EB9D61B""","{'Total': '78', 'Like': '64', 'Love': '14'}",{},33
AIAPhilamLife,"To help you during these challenging times, we have made paying for your premiums easier and hassle-free. For your convenience, you may use our various online payment options and partners. CLICK the images below to learn more about how you can pay for your policy premiums.",https://web.facebook.com//AIAPhilamLife/posts/2677554569021159?__xts__%5B0%5D=68.ARAV2Hl8GfYef9s5txnB7c--4LQXrHt1-7Ug0dHqpLOOr1KMWxQHtHyYBHCQXZyMczuokbrOwu_-5gr5BZntDE_9f1XR6WR3bJToJW-aTkYNKrLlIC_5AYWvNOt5LivUn4VmNdCgZl8pYNlcA2MXGuNxZLXvUPYDllbqxaVl8IDvFqX-jar-H5xEwbh_PF6ySSM65hqlB6d7__xzzMRgN53qaw2KW8m8tKOvvUcXNHOMOlc8q08W7KI44VRPsZFTn6_azm3wMXkjjhhdG30h_UT6YAeTLPC3lB8WyYMG52eM4dsOBAz5RwYJ0uJyNIwPOSjT1fpTnBIALGswoWJF4fN0eA&__tn__=-R,2020-04-07 10:00:00,"""https://scontent.fmnl5-1.fna.fbcdn.net/v/t1.0-0/p235x350/92196070_2677553072354642_4692033719685349376_n.png?_nc_cat=101&_nc_sid=8024bb&_nc_ohc=W9c4kpoFN20AX8x6cNS&_nc_ht=scontent.fmnl5-1.fna&oh=cc975f66dd88e58b2f2085df24d999e3&oe=5EBAC3FA""","{'Total': '214', 'Like': '178', 'Love': '35', 'Haha': '1'}","{'Angela Bermachea Conejero': {'text': 'BDO not included in the over.the.counter mode of payment?', 'post_date': '1586330588'}, 'Mitch Parumog': {'text': 'Thank u for the badge', 'post_date': '1586398995'}, 'Shing Arquio': {'text': ""Maidy Jill Valledor Agbu Ma'am please see this post. :)"", 'post_date': '1586316951'}}",246
AIAPhilamLife,"So far, we have served over 100,000 meals to frontliners and communities in need through our Kindness Kitchens. This wouldn't have been possible without your do...nations. We are thankful for the support of our volunteers and partners, ABS-CBN, Coca-Cola, Angkas, Remington, Ecolab, TBWA, OMD, Leo Burnett, Seven A.D., PayMaya, Shopee, Isla, Liquigaz, Petron, Philam Foundation, Share Treats, M2Cash Corporation, and HAVI. Thank you for helping us serve kindness in these trying times. You may still donate at rmhc.org.ph/donate to help us continue to serve kindness.",https://web.facebook.com//AIAPhilamLife/posts/2677299732379976?__xts__%5B0%5D=68.ARAQ92zTcDWpeh44Z2Sa0Pfri1j7kmSyt8tqbo6zG3mABwifQr6smMW0vQN5U6aanyzof4IcAn1l6B2ZXkHpgKfGoGZkYD1gzhWwKV_KRHWZ8r1elSnwbS_YMllNSYckcPca615RlP9O6lWrP65kjtBQNX8H7-Dr2G9p-amZDJQa1-dxm12o3JsvQUGEUAqQU89emgwXfBhiQy_hJ0tzvX3ysw3Qcd5OBnprPVvDCy9mgTgXmPNltYURWkf31NnSrMySgoP1Tq6D9LjV-oWY64ScKbow0G7f5PUKjpUIVLljLFtwF5tv453c9hxOdAyT6xmODiO9VqNMVGNq3Jukyqw937VDSFQkyowqgZ-TWZlk6nBXTER9h2Vk2kD1pxKuTXWAmca9HJ82dBQtPlv-GVLCwj3oSvwqkihB07T8lyOr2dF2ZdLqjJqQYaajFMAunNC8dCYNn4UFUNGBWchjFpLw3XbpUihbusKygV7FwrDGtAH_lyfnKZCOhDWbkNIeeVA2aKmE9TYppGjh-MNTn_Nw&__tn__=-R,2020-04-07 06:09:32,,"{'Total': '100', 'Like': '70', 'Love': '29', 'Wow': '1'}","{'Robinsons Homes Lipa BFL': {'text': 'Frontliners na Lang ba lagi kaya yong gutom na familia hindi kayo nasagot sa mga number ninyo üòÇüòÇüòÇ', 'post_date': '1586310989'}}",28
AIAPhilamLife,"Train like a Spartan even at home! Join the daily virtual workouts of our Spartan Ambassadors -- live on Instagram! Check out the schedule below. Live a healthier, longer, better life with #PhilamVitality! Visit this link to find out more: http://bit.ly/PLVitality",https://web.facebook.com//AIAPhilamLife/photos/a.247496375360336/2675613015881981/?type=3&__xts__%5B0%5D=68.ARCZDzpdX7tGHQ8QfnkcxhDMVVk3YRvh2nR96wwsLc4--WRrVgjhqKegZ93oxi0y8-li3chro5drseXpilgWU3f3Z8ADvtgUcT_-jaT5CCTTilex232ZAScbvtQaHjdORgXrOYgIJ20HGk5UVLd4d2wJW66SQr3NeOKoX4ctFpId5MnNhXey9bZh-i89ipnu9DjFL6DPTxDriLnC1Y7T-Z-at-RAofNHApKOYHe7Ah4rzU6o0V9hExU4QKWaHG_Y2A4ieMCgE8F2l0OEq6m0u-_ysl4pXae9nHn655wFQhSoOPg12zA-hFLB_GdVPMuMHZB1RkQ32jSv1r91fUkMBkb0xQ&__tn__=-R,2020-04-06 11:15:57,"""https://scontent.fmnl5-1.fna.fbcdn.net/v/t1.0-9/s1080x2048/91984364_2675613022548647_5949870606634713088_o.jpg?_nc_cat=105&_nc_sid=8024bb&_nc_ohc=i07impT_sq0AX_hDJzi&_nc_ht=scontent.fmnl5-1.fna&_nc_tp=7&oh=b45c430693bf63e7b90a15e78b1dc5a5&oe=5EB9A7E8""","{'Total': '140', 'Like': '102', 'Love': '35', 'Wow': '2'}",{},86
AIAPhilamLife,"We have partnered with Bayanihan Musikahan and Puhon: Ben&Ben to deliver PPES, test kits and transportation to those who need it the most. We are also supporting food security programs for those who have lost their capacity to earn. In doing so, we feel that we are able to fulfill our mission of helping Filipinos race against risk to live a healthier, longer, better life. We invite you to participate and give what you can to those who need it the most. Let us all do what we can to #FlattenTheCurve!",https://web.facebook.com//AIAPhilamLife/photos/a.247496375360336/2671329392977010/?type=3&__xts__%5B0%5D=68.ARDflhrjoR9IjITCI11KWWTXuUQJc0iTCAmuRP7-zeK_TaTVHdcqSimDa3OBydj-d8SYW3MKPGBw9v-jLeyA4g2XsAn5GoqdXr3MulrW1ZtqnGaWLdDOVAXbmbZWFs_PcHyAGiM9PQ4zBmwnmxK44JrXa3YkE_2Di62oEl8K9VHHhg6AzgNYPLMn4dpG5a0aomtCDneBGbXC0nOax0GCFEMqc7Nod_UkVwA762DVdJVz8WTbdZonK83SQxFjZYlhT_Jli66Ii7VobT1JtUVz3KHAaX2RFL_GuUddZ5x98VJE06obOPfnIukX2YE58tGSJEjtpqYabM3zzBXESHbpuYHU1g&__tn__=-R,2020-04-04 12:40:49,"""https://scontent.fmnl5-1.fna.fbcdn.net/v/t1.0-9/91630681_2671329396310343_3460927167293030400_n.jpg?_nc_cat=110&_nc_sid=8024bb&_nc_ohc=-wQZ7lrav-UAX_LLxm2&_nc_ht=scontent.fmnl5-1.fna&oh=3ebd207d9c808e8eb6e990cc7b7d66ef&oe=5EBA9952""","{'Total': '739', 'Like': '489', 'Love': '250'}","{'Melody Gayares': {'text': 'Sharing is Caring . Thank you My Company Philam Life.', 'post_date': '1586163715'}, 'Leo Bihag': {'text': 'How to register online filam phils. even i am here in saudi arabia?', 'post_date': '1586093284'}, 'Michell Asignacion': {'text': 'You caring philam life', 'post_date': '1586250253'}, 'Nicole Apat Orcullo': {'text': '‚ù§Ô∏è‚ù§Ô∏è‚ù§Ô∏è', 'post_date': '1586165010'}, 'Hannah Kay': {'text': '‚ù§Ô∏è', 'post_date': '1586004276'}, 'Nenita Franco': {'post_date': '1586184430'}, 'Lance De Cordova': {'post_date': '1586014258'}}",488
AIAPhilamLife,"Sleep helps your body fight back infections, reduce stress, improve your memory, and boost your mood. So, are you getting the right amount of snooze? Here are some tips that can help you get a good night's rest: https://bit.ly/2wDXytz",https://web.facebook.com//AIAPhilamLife/photos/a.247496375360336/2662739350502681/?type=3&__xts__%5B0%5D=68.ARButK82xVmXRqbX3Jv85yO1F848-bCxg3L18QEx316ezh41xTCPa-yPtCisUaHy_dofBieScUj5zbbvP7t8at9c3CYIaT4sEU8GWavY_OcQgpX_xoQsyqCqtAZKYizndAoRhX2j3VhiG1hznh4cRUJoONu23JIIzzpxfJxYpa3_eTOhExSGo__CDTRg7Zg1GcLcKnkAnW52KjAwGenrfwW6vL_9yzoFM_avgTOenhWWn-sZXbxZX1YOlyLcpNjfB6rHIqXJ-HYmRj0lyHA4-pt4ePuT-foDmw7bZj6r2O5pmfBqDKqofE8NUQdpdlQbzQB0_FNycjL0yOD-PMLIZU0-cQ&__tn__=-R,2020-04-04 03:00:00,"""https://scontent.fmnl5-1.fna.fbcdn.net/v/t1.0-9/s1080x2048/91524785_2662739353836014_531495137658798080_o.jpg?_nc_cat=107&_nc_sid=8024bb&_nc_ohc=EkD3VEdJ2bIAX-lm7pA&_nc_ht=scontent.fmnl5-1.fna&_nc_tp=7&oh=bccc455e8d3f7b0376073c4cd4e7c42b&oe=5EBC92C2""","{'Total': '132', 'Like': '107', 'Love': '25'}",{},49
AIAPhilamLife,"Looking for more musical acts to enjoy? #BayanihanMusikahan's got you covered! Check out a string of pop-up performances all across social media to heed the cal...l in lending a hand to the most vulnerable communities affected by the pandemic. Check out the links down below to know where you can watch their performances live! April 4, Saturday Michael Llave - 4 PM https://www.facebook.com/mic.llave Red Cabrera - 4 PM https://www.facebook.com/pseudoredph/ Tiara Shaye Cinco - 5 PM https://www.facebook.com/tiarashaye5 April 5, Sunday Zion Aquino -  8 PM https://www.facebook.com/lioncalledzion/ Mike Regalado - 9 PM https://www.facebook.com/iammikeregalado Rica Arambulo - 10 PM (URL: https://www.facebook.com/rica.arambulo) April 6, Monday Roy and Lissa del Valle - 10 AM https://www.facebook.com/lissa.t.delvalle For donation, please visit: pymy.co/pbsp  (Mastercard, Visa, JCB, PayMaya) donation.ph/pbsp  (BPI Credit/Debit cards, GCash, GrabPay)  give2asia.org/pbsp (Donate in US Dollars) #TaumbayanToTheRescue #StandTogether #ThanksHealthHeroes",https://web.facebook.com//AIAPhilamLife/posts/2669220636521219?__xts__%5B0%5D=68.ARCJIsELTHU6jk_PZMwd8TsW_31q3TaHfxPvNUgjh6Kduc_3G4C_XcnQeMA301YF7ar5Zd9ZLwE6LBHKAJwuUapqIm4qK-C4LGp3kLQ8ah0zO_Lf-1hn6RKy60JmU00IdN_E1gPFF1f7o5nAiv0qDVB6_Fs9MA2jAQdSqKi-_cWUfOQuM0lIXlUCYEWu6mJY1WuBNaOjQrZWgY8_v8fqaaHgEfxWefguAuw7gEFulmWAX0G2fmKPD23Q6RqUwYJfjOrSUuRWGs_FjXIdlTZczVmd12Bf8qyZXlOvyHzycIDoWz6nbDeYRP6i2s0b_lE_8k2lHcOqMuHVhGW5-_UyDWsrLqxUm-h70Tjke1B4a0lI1ETkxOUCKIG4rQQ6isPZAcAWRNH5J2FwxBUsBDA7VBrc4t0KtCTEvdZbV9iIkii-Mg2uX3IWyLqCRQAh8OgHr4MEK6O2aR_Ow-6G2b7eBlCM7kbezXyheSBUQgh5sVVqJABvj-wdRg&__tn__=-R,2020-04-03 12:02:35,"""https://scontent.fmnl5-1.fna.fbcdn.net/v/t1.0-9/s1080x2048/91924769_119217989720762_1746760081136943104_o.jpg?_nc_cat=101&_nc_sid=8024bb&_nc_ohc=soBPAjc9Xj8AX-wnADI&_nc_ht=scontent.fmnl5-1.fna&_nc_tp=7&oh=5b7061314d391e2c15591e61a7078c42&oe=5EBB30F1""","{'Total': '39', 'Like': '28', 'Love': '11'}",{},12
AIAPhilamLife,A special message from AIA‚Äôs Global Ambassador David Beckham. #HealthierLongerBetterLives #LiveBetter,https://web.facebook.com//AIAPhilamLife/videos/355400398744209/?__xts__%5B0%5D=68.ARAlxwLKi2hj8JD8LsB2a214DI2bPiBNbyHJ4mcQUSiIX9RrsCco7hKwlCs9ExvB_cF8kK7zkL6wazTpSKPy_t5C6FIDQPU9acS4ec22XOz8AZISMHvCF7pNBebd2nWAFqJg6rg4cZso-bl8olaS3QYEGqxTwJmYglljYvhKxX56QgQ3u_6DU8Zi0Mi7MaoAM0Sx_P6acUrXBexFyqr-Wt6tclMgayEk8AfUiJzjb6caMNnTOQVG3DR6er_TuTS52nnhIBeaheZ5BDmHr9jp2RSTDQm4ED9dFrwZYrarwk72HU7coPjba4bADy7C9rA2sahGV1AzQW5hD6a4rFLEiDT-CDyJs306qZ4IsQ&__tn__=-R,2020-04-03 11:00:00,,"{'Total': '285', 'Like': '208', 'Love': '76', 'Haha': '1'}","{'David Beckham': {'text': 'Happy to be able to share a message with my Philam Life family during this time ‚ô•', 'post_date': '1586179380'}, 'Susan Alvarez': {'text': 'Thank You David...', 'post_date': '1585912172'}, 'Pia Donnat': {'text': 'Thanks Pa!', 'post_date': '1585971715'}, 'Christie Marie Rafols': {'image': 'https://external.fmnl5-1.fna.fbcdn.net/safe_image.php?d=AQDcxtV5pjzIN948&w=740&h=536&url=https%3A%2F%2Fmedia1.tenor.co%2Fimages%2Fe73002e1c49fd31bdc308d3f27605d3e%2Ftenor.gif%3Fitemid%3D11674749&_nc_hash=AQA7ip0kS5iCU-xl', 'post_date': '1586087097'}, 'Emi Garcia Nato Gabinete': {'text': 'Alexander Gabinete ...üòç', 'post_date': '1586006646'}}",185
AIAPhilamLife,"Keeping your mind engaged is good for your mental wellbeing and a great way to make use of your time, something you might have an abundance of these days! Here are some ways you can boost your brainpower at home: https://bit.ly/3aApSLX",https://web.facebook.com//AIAPhilamLife/photos/a.247496375360336/2662733387169944/?type=3&__xts__%5B0%5D=68.ARC-a0hMbl25RBLpftP0zmmWAs3LaLm1eZfLZHUBip-47mIlbQbez2e08MseT41KlFouoRzKEAslFtME6kEfhfb7GrbpschUfyQ3tau3TphmvvSGYxSSCyu8rH-7RsBA0QvYEyGQnVuhbx5k841zSmOAQ3zuuSiCpYSnt1zWrxWrme0b4ethSSjfb0QI7WKqKChe9mjOcbeenTAFUfZ8bnvwJ-wwlF4bswpdnqLPdLgf58ukM7vUWiuDSJUsTwOo_YQqTFAUGYpdblQDa8WBM3bAKSZnrHIzPL71FvjxhHKohj_tNRMb7AfYm65_K9OClutYMQ9H0IvJA-g1LEBLWfLiOQ&__tn__=-R,2020-03-31 10:11:21,"""https://scontent.fmnl5-1.fna.fbcdn.net/v/t1.0-9/s1080x2048/91767734_2662733393836610_907246673741217792_o.jpg?_nc_cat=102&_nc_sid=8024bb&_nc_ohc=7_NOSkWhEysAX-tYszV&_nc_ht=scontent.fmnl5-1.fna&_nc_tp=7&oh=9beaa3195efc41d6d7bd5e64115e8382&oe=5EB9CD27""","{'Total': '167', 'Like': '133', 'Love': '34'}","{'Charline Gawidan Bayongawan': {'text': 'It‚Äôs time to transform and start building and realizing your own dream.There has never been a better time. And the world needs your help now more than ever.‚Ä¶See More', 'post_date': '1585748968'}, 'Lance De Cordova': {'text': '‚ô•Ô∏è', 'post_date': '1585652942'}}",138
AIAPhilamLife,"#AdvisoryUpdate as of March 30:  Our Customer Service Centers nationwide will be suspending operations however, we remain committed to assisting you on your policy related needs despite these trying times. You may contact us via philamlife@aia.com should you have questions or concerns.",https://web.facebook.com//AIAPhilamLife/photos/a.247496375360336/2660346194075330/?type=3&__xts__%5B0%5D=68.ARBJAbt3w5ti8aysd9rvp7foM9vCm2DjJjyzUhpSzPDhl0h_sx3ErKM69JvnGFj9E9PM0W7xgu07dUmLztxB8voMooL-FOYkBf-DI2s7cSisNQR2fUGiQiVrzueJn4LsoeN-ujqnOV6yY-AhJP9Pu3AZnOUVW2GhmJHQlO012obih_6BRBEhD7JS8f-S6R3iax1tQHtPl6qzMRCF___kUYdV5eJylZXt20UBTE__T6PFfX5WzXmC6dFJUCZx6r-H3HaigQnDAeN9YpkyfPyAb9xn4zp2M9_PJetuFa3rEuQOjdNy7C1xLZnuRU0ZqtjVweuTXJBBVi4zl9ehBUkch7dlxw&__tn__=-R,2020-03-30 06:25:01,"""https://scontent.fmnl5-1.fna.fbcdn.net/v/t1.0-9/91131775_2660346197408663_600847658214490112_n.png?_nc_cat=101&_nc_sid=8024bb&_nc_ohc=8pzqfQUA_I4AX8we-8-&_nc_ht=scontent.fmnl5-1.fna&oh=941c019cea14bb220cbcc6a669af0510&oe=5EBAC75F""","{'Total': '141', 'Like': '128', 'Love': '13'}",{},95
AIAPhilamLife,"#PhilamVitality Healthy Hack: Sleep is the best rest you can have, and it can help you stay in tip-top shape and fight off diseases! So get enough shuteye and earn up to 1,825 Philam Vitality Points yearly when you get 7 hours or more of sleep every day!",https://web.facebook.com//AIAPhilamLife/photos/a.247496375360336/2651161961660420/?type=3&__xts__%5B0%5D=68.ARCS141VDVtHF0igTAXvDw6NHjvRccbpXmDfWpgdlGpgaUwJbApANr9v5RiNanONq8jHHpeNW57QXXia_GQ0SDq9SoYoWNkzoLECh4L2QmgX_4mTBE4t7ANzL_l_5bIZaQwrBnMpZ8umVKXAtRMCnmp3xwKCCbaT4UdvG0_dE5__Hbs9sqPaPjiPjDzBmvqQcT-haBtsEyRtk_0Z6EHooKXdnFoCfpOVt3hzmscq6puFA0A9BnK7EsYa5GqFCrMoUuPIV0T85RFZdt3ap1ft4why25PaQm6UtA_27Loqz7bTpEvOEgst0RocAauKb_GEZ4LFrEFDH0G6R0oeQcMOfCLE6Q&__tn__=-R,2020-03-28 01:00:00,"""https://scontent.fmnl5-1.fna.fbcdn.net/v/t1.0-9/s1080x2048/90868217_2651161964993753_1554236939438129152_o.jpg?_nc_cat=104&_nc_sid=8024bb&_nc_ohc=Q8nNprC9XYMAX9jn1VV&_nc_ht=scontent.fmnl5-1.fna&_nc_tp=7&oh=c712b8d60a2bbd30c422b9ce4da73194&oe=5EBC4D4D""","{'Total': '117', 'Like': '95', 'Love': '21', 'Wow': '1'}","{'Joy M Godoy': {'text': 'True', 'post_date': '1585369677'}, 'Honey Heart': {'text': 'True', 'post_date': '1585361700'}, 'Garyboi DV': {'text': 'True', 'post_date': '1585366510'}, 'Michael Dela Cruz Masirag': {'text': 'Ganda ng pantulog ni ate üôÇ with light make up. Hehe', 'post_date': '1585363461'}}",55
AIAPhilamLife,"Tune in now to watch Ben&Ben's FB Live Concert, for the benefit of front liners and urban communities affected by COVID-19.",https://web.facebook.com//watchparty/518020515819540/?entry_source=PERMALINK&hash=ASsTtLDq0Ciu1KOBh7T-90K5lJiDng9RWokmEMxhba_VIw&__xts__%5B0%5D=68.ARAP31d66n1hRqMy-_R4FSyGqFCrbrNfuGbjTpZU30McZf7LjaNdLxl-mtyYfofB4li1amH5H7NqlYWPrVxrbvE92GyQxUm45PTNnJ7CAOdigkXtHemWweKAd_IuzBy0rLroEb7az-N5PTOsXhAajqjCvLi8ouZJEBO4aEI4c9Hxw1gE1O7yfTzENKvdo3BCsrOXiV_oPsyYZSsCyOSia3RvA2finfxP-BXZe9UG_XlLeh6Kda061KslZ9ENT1aDeFpt6jbXod2d_Vr-e5J5wjU3Vp7imF1l8F7XgBjuO-e0qGovyJIsUP3fGZM2JczDiqu_kU9OVZ0ZuEh0bcO8bo11rx71kYp-1znJ-u6-WNohgiv-InsJ9LTX0sU&__tn__=-R,2020-03-27 11:14:16,,"{'Total': '99', 'Like': '60', 'Love': '38', 'Wow': '1'}","{'Joseph Rommel Ocampo': {'text': 'love it', 'post_date': '1585309429'}, 'Melissa Laresma': {'text': 'Nakakawala ng pagod at lungkot. Galing Ben&Ben! God bless.', 'post_date': '1585312160'}, 'Ana Rose Ochoa': {'text': 'üëã', 'post_date': '1585308094'}}",27
AIAPhilamLife,"Here‚Äôs your chance to help out! You may send in your donations through the QR Code or through this link: bit.ly/puhonph This is done through the collective effort of YSEALI, Limitless Lab, and the Asian Institute of Management - Team Energy Center For Bridging Leadership. Ben&Ben",https://web.facebook.com//AIAPhilamLife/posts/2654152678028015?__xts__%5B0%5D=68.ARBbcjn5x005ZrzH0QSG8LJN1BXHv3s4MD2FdtNsnEleN_Ht4CqzY-W38-nSCV-7HERh1ECK9TowEt8wa9hflJYhxTtlBr16hLL5_MuZhNmecJiOxZ4PAkp4PXeA4YOIn7pvpdXoY5WALCQk86r2uwDF7XxE358La1edTu-_DA6f1Ep73R8su4aOZrTYhAZ4RSQxbFQmREaV9ewNi5ZpL6EQmqslRKgFCDv_7ZnCwogZCy-BRjMosp-kd01jXQExEcTLvWITLtpTmE9f0AeUYgcE83HNBUxTnG-DZ0elIQ_zHD-6cJM2POT9jVqB8Pr5ZHLdO9MWNT_GamcKXiRZHKXfVw&__tn__=-R,2020-03-27 11:06:06,,"{'Total': '78', 'Like': '59', 'Love': '16', 'Wow': '3'}",{},46
AIAPhilamLife,"Watch Puhon: A Ben&Ben FB Live Concert tonight at 7:00 PM on Ben&Ben's official Facebook page. This is for the benefit of front liners and urban communities affected by COVID-19. Tune in now! All proceeds will be donated to Philam Foundation for test kits, PPEs and food packs who will distribute these to various organization.",https://web.facebook.com//AIAPhilamLife/posts/2654133748029908?__xts__%5B0%5D=68.ARCdNc9_p_VDDjBWL5WOudkR60SIT5BBzUjVXMViHNQIxTpsepYjWpVxCSOL0snZ32U1qyRS47vcQ5Zu5sizxn6dy3CEeYFcwPHW8402FSG-dN_vIdQ_XDeWDjJAv5x4G3UyT6d5y8K-zl9jNZB1SXnFyhmnDzqbbaCkb6x5m4Owm8pHhwYWhvQScQ1GvMELMj3E6l7WpGlAq7ZurqoLbfZcDa0vE0zjiK_GtwCr8aqizjQGuePKrNINACiNrpM7gv02BUyG3VMePqDUXJzMAsJmGxqAil7GHwOlHo59X9PoUAApgAjS6F94RWrGM29crc0QtU0r6EWrLTXvfKxK4Q&__tn__=-R,2020-03-27 10:54:26,,"{'Total': '182', 'Like': '136', 'Love': '46'}","{'Miagi San': {'text': 'Bago kayo mag donate asikasuhin muna sana nyo ung mga nag apply para sa mga claim nyo mag 2years n nga nga p din', 'post_date': '1585323958'}}",84
AIAPhilamLife,"#PhilamVitality Healthy Hack: Even without equipment, you can stay in good shape in the comfort of your own home through this 15-minute workout: https://bit.ly/2UgaFdp  Stay fit and healthy, everyone",https://web.facebook.com//AIAPhilamLife/photos/a.247496375360336/2651160491660567/?type=3&__xts__%5B0%5D=68.ARDVQ1j-BnK0cccdQZjQna0wSBY98pnzSzq4Z9OqTcrrIEx2I3Ea4DWvTxLj7Jceb1KLAyZXDf4yyrESTZSYZYnCT0TssQHH_5bxk-RH6yPOaJsi0cscIamOgG8Ze-l9IFQCofn9kNvmAjZJhLMWXAiaxirD7GYnW3GZowE2g20MRGzceYH8OCSbQuKtXK254XyrKPSuMUTaeWxmO3ZDfTBda-cdSuBmf36PTVRzSKv5_xxGKE5X_G9eKikh_5fk7mdjGevYD7K8Rnx51gAB0wl0G_y4zHDPi6s1jeenWztyYpMyPyqH-LU469-UmzsjG1frr8zPdnBAtKe9FkfzDcZQ3A&__tn__=-R,2020-03-26 03:00:00,"""https://scontent.fmnl5-1.fna.fbcdn.net/v/t1.0-9/p720x720/90776454_2651160494993900_891436370843664384_o.jpg?_nc_cat=107&_nc_sid=8024bb&_nc_ohc=-IXmoEcocwQAX_d3_j7&_nc_ht=scontent.fmnl5-1.fna&_nc_tp=6&oh=64b05cb047564f08abaa546cbf32c046&oe=5EB97FAA""","{'Total': '110', 'Like': '85', 'Love': '24', 'Haha': '1'}",{},67
AIAPhilamLife,Congratulations to the batch of Garmin 2020 February raffle winners! Click this link to find out if you were one of the lucky winners: https://tinyurl.com/r277gbo Winners will be notified thru email on how to claim their prize. Continue achieving those little wins for a chance to win your own fitness device. It makes tracking how far you‚Äôve gone in your fitness journey so much easier! Find out how you can join here: https://bit.ly/PVGarminPromo,https://web.facebook.com//AIAPhilamLife/videos/794136981083590/?__xts__%5B0%5D=68.ARDAmCtpE0gIhIW4fRQLpDSiNN5WOTMkE6wqrQmIiQi-Rzi1Lyz91GrC1YnDuHnrg-QaR1uNS40YWm-0jTaDxzAfDgDslTNVmGMkPRNMn1SROVEH6obqfQnGY-mlDw7EAZp1Qz-few6lPqZfr_FASMKwrbgTrhkANUjdykIAU-Rq6t3SQAZWnkVMLmC2rE5V6I529QfLS1EFuIrrPkPP0NvV_bfQuWVeb2nJuUnha_wNBwjNaOh_FLapUdqOUy4LEC3QqLNeW9-GnYJG6bDZUYewIRvo8ST3EFvjYlKj7Tp7ytIyFu_I0uJbGMKkfBV9ZRj0ymz6q_CmbWzN11CtLwubDFWv7P35qm-edWnQAV5qShpbvs5DTsT_FA&__tn__=-R,2020-03-21 04:00:00,,"{'Total': '76', 'Like': '69', 'Love': '7'}",{},16
AIAPhilamLife,"Take part in a FREE concert tonight on Bayanihan Musikahan FB Live and listen to top  Filipino artists as they serenade you for a cause! Philam Group has already pledged its support. You too can show your love and support for healthcare front liners by visiting pymy.co/pbsp and making your own pledge. Proceeds will be used by Samahan ng Nagkakaisang Pantawid Pilipino, Likhaan and Caritas Manila to provide medical and health supplies to help aid Local Government Units in the fight to stop the spread of CoVid 19.  See you there!",https://web.facebook.com//AIAPhilamLife/photos/a.247496375360336/2638860096223940/?type=3&__xts__%5B0%5D=68.ARCyMT_5mgGSfZ4s22cb3pDET8_W8bfnMzy0VD5It0kuBjXMGUCx_m5VRbDuFwgVit0OBdRTI1_0X9xg-ebufZvE8iK5rCjRTVw2YoN3NV0KHegBlblYTUzvJOu8jn2Zs9Qq79Abtijaw2HltPB8jJt1n6GhJoo-CcfopC_F1BZk0Ir2ZlKNnY2EqtvDx5yMlZOwdmUOgqfz0clyfTtQ8jC42yGu-K4lT5LRsJLhLfimoOg_VoIlB___Svc2W18VzeJCnIkK2zHQBEplBvTQXwSQ6t0FQKCD_BDcHdrB_K8j62OVTnr7HjiOXWM7cKeJ7EiDt7EJIwepOzf2hUcyO8NWOg&__tn__=-R,2020-03-20 11:30:14,"""https://scontent.fmnl5-1.fna.fbcdn.net/v/t1.0-9/s1080x2048/90710426_2638860102890606_5716918177569439744_o.jpg?_nc_cat=102&_nc_sid=8024bb&_nc_ohc=cJyyvdaKwusAX-96Vw0&_nc_ht=scontent.fmnl5-1.fna&_nc_tp=7&oh=b2a78dbe8df763c99ea5e8d4371945d1&oe=5EBB2C07""","{'Total': '197', 'Like': '131', 'Love': '63', 'Wow': '3'}","{'BJ Suzara': {'text': 'Uncle Totop Suzara!!!', 'post_date': '1585914983'}}",107
AIAPhilamLife,"Whether you‚Äôre filing a claim or applying for a loan against your policy, we have made it hassle-free for you to file a request even if you are unable to personally visit our branch because of medical or travel restrictions. LEARN MORE about how you can file a request by clicking the images below.",https://web.facebook.com//AIAPhilamLife/posts/2638818262894790?__xts__%5B0%5D=68.ARBaAnKsLKIu8c6zfoSBE40Vh3XTvb7Q1UMgUKoX3jIYCMSbKyjrgsKNBMNNqxERjlxWbko-Vi_WYsKwTXlTB6BlNTuHY8BnJKhKFpLfFX6MaAP62ZavA3eVrqpF0pOj76-DgGiRV3aa_qjYp5YNSzC5iqI200Gn0PdFrO0NbQdO8ltZbklSU57yESsdQmoN58qUMzPQ35tD2VQnRAKTBTWqDVBwQbvp9Hbv-wyaejJrR_cZKuwpyQk73kpRAbGq0xgzcijBscS8x51k095u27fOQe_5SmeGhxUIj4FJCzUGk7ZxTiSpcT8iKJ_uhIBAtxxLzXPBOcRlIR1nNuyxLr2seA&__tn__=-R,2020-03-20 10:45:45,"""https://scontent.fmnl5-1.fna.fbcdn.net/v/t1.0-0/p526x296/90308142_2638817666228183_8549976372351598592_n.png?_nc_cat=104&_nc_sid=8024bb&_nc_ohc=M1iALqPfuagAX8fgNu4&_nc_ht=scontent.fmnl5-1.fna&oh=46c688d59160112842b97f38d17ef856&oe=5EBAD061""","{'Total': '125', 'Like': '107', 'Love': '18'}","{'Yolanda Luciaja': {'text': 'Mam/sir gud day query ko lang po bakit hindi pa po dumating ung policy benefits dapat po nung March 14 pa,', 'post_date': '1585493193'}}",79
AIAPhilamLife,"Who says kailangang tumigil ang buhay tuwing naoospital ka? Don‚Äôt let sickness put your life on hold. Protect yourself with AIA Med-Assist. Ang plan na ‚Äòto, may Medical Benefit, Daily Hospitalization Income, Life Insurance, and even Philam Vitality. Learn more about this product here: http://bit.ly/AIAMed-Assist",https://web.facebook.com//AIAPhilamLife/videos/851102082022926/?__xts__%5B0%5D=68.ARCwJ-avGA08KZYO6bSKMZARlWFd6mnT7yUi2iYm2VH5nomul2zG4znDS0Et6pYkTQuH_Ge9iJDIU4yIhq0toYRPT9_G1rTbqHbPSixwoHPVif2sb7onzI6VV6EuAG8dUqIS11CQiZFzJ5WIVAFihtL6aDwcokiKql-jr3JtLafqXhFK1gUBh9ZdFdUs8ZwabmqBPjgd8I37kr3TtNyPyCsvRGOqJ92n0DptbP4waPo5SNGSiB3vEvh-igkZMY_XdOZNxzQtJR-WyjPtTSzd0LdOgbZtURhi_PV1je06dkPSF3UygZeYn-jtAYb1m12M1OeMSl1q5q-_NzDEX6rwKjQDD5qz_KtE6FNamQ&__tn__=-R,2020-03-20 10:20:00,,"{'Total': '238', 'Like': '181', 'Love': '56', 'Haha': '1'}","{""Sonny Gomag's"": {'text': 'AIA Med Assist// PM me regarding this. Need to know more about this coverage. Interested...', 'post_date': '1586225879'}, 'Rona Lisa Apao Carungay': {'text': 'please send me details..', 'post_date': '1586242797'}, 'Marilou Layaban Javier': {'text': 'AIA all in One is the best that we can all have!', 'post_date': '1584700979'}, 'Richard Gary Pigon': {'text': 'Pls send details to my email account richardgarypigon@yahoo.com. i am interested.', 'post_date': '1585645358'}, 'Vey Cara': {'text': 'Pede p b ako nito', 'post_date': '1584774012'}, 'Lance De Cordova - Philam Life': {'text': 'Ganda!', 'post_date': '1584701256'}, 'Juliet Salboro': {'text': 'Mag kano monthly pag mag aply', 'post_date': '1586755238'}, 'Tj Aurelio': {'text': 'mai medical insurance kayo please send me details', 'post_date': '1586514700'}}",526
AIAPhilamLife,"Being healthy is a reward in itself. AIA Med-Assist can do more than provide medical benefits sakaling maospital ka; it also has Philam Vitality our science backed wellness program that allows you to know your health, improve your health and enjoy rewards. To learn more about it, click here: http://bit.ly/AIAMed-Assist",https://web.facebook.com//AIAPhilamLife/videos/644755646316719/?__xts__%5B0%5D=68.ARAVRzCbPVund5lDjz48Bi0wSRjCrvTgZzFWBtBTeugx_pcRxnzf_o7oLeXkmJuOvvRzSKjx054-AkavvDgvDK46Nx9A9BKja3dJHOfE-DSZJeZTbiquzteLQ5PNJnF4i8rQ347dK8SaAoqByYnEhLtGgRQJac7WcTedqgH4qF5FqDNUMdgFTfHzc924-f5OcR8BP6zQO7IXk_NZRvIMVcjjxh9a_c_jcv3gkejSaKwA1m0lxdSY8SwyN_z_wDFutZ7YpoLRTJohm_ZTHiJXYtA4-q2w_ygnSleRufDgdlib3Cq2y0MJXD5OGudaG1xgS7spLri_m9e9wL-TfVOJPq7g8nfEfNziqi52Jg&__tn__=-R,2020-03-20 10:15:00,,"{'Total': '115', 'Like': '86', 'Love': '27', 'Haha': '1'}","{'Vicpatrick Mandin': {'text': 'Hyacinth üëç üëç', 'post_date': '1584744602'}}",135
AIAPhilamLife,"Sakit man o pagpanaw, napaghahandaan kahit di inaasahan. You need a plan that both protects you and your family from the unexpected. Ang AIA Med-Assist ay may Life Insurance at Medical Benefit para protektahan ka sa mga bagay na hindi inaasahan. To learn more about it, click here: http://bit.ly/AIAMed-AssistWhether it's painful or passing away, preparing for it even though it's unexpected. You need a plan that both protects you and your family from the unexpected. AIA Med-Assist has Life Insurance and Medical Benefit to protect you from things unexpected. To learn more about it, click here: http://bit.ly/AIAMed-Assist",https://web.facebook.com//AIAPhilamLife/videos/209134240159084/?__xts__%5B0%5D=68.ARBaYcbhrnz4Lp6Ymm80t_BY1AolHqHGGCStvS93HWL2fgXAybSXcteGTOOLKo2VOtYpYXeEWBFKHmqRmEVDqacncuDNUTjJDNQXQPgojqhbzva3ZckH1CaToZfawDWkiAAsJkpNEga_y8akpM2nTN3Ei3Oo4V9QfBpjc-VHPGkus1r_Lp0aJVP04uIBcsE4zZselJW_YiFQru8wtZersklZMq-zWHxVHctEv636U3Gn-G4Hn9FVt7yGFkBG3HC4ydob9j1iwLkucrEJ5kRg1MPMCGRJyf8PPfM6qj1HsbU7S5Fti9J6O2D9aJqE4obV28LjGMUwkTy8yde79CpoC2D9ubi3VoJ3P7SraQ&__tn__=-R,2020-03-20 10:10:00,,"{'Total': '189', 'Like': '146', 'Love': '42', 'Wow': '1'}",{},273
