AXA.Philippines,,https://web.facebook.com//notes/axa-philippines/axa-covid-19-advisories/10157063051028148/?__xts__%5B0%5D=68.ARBQ2DDgY-zBb01q2CFyYwB5jhMUR9ir7oILt1IB3wv4uaHlTux9kOYtkqvPi-m1vw5U9WWLrf72rODIFzmw7h3IlpVqhskZYG2E8ajMq8pLd2I3mc6c7ymoQCVOlVhVATgDBSFVSgeeFM5B_P899hE8zyHf24Np55fC4rbTmKGSFFdr3xI6FgmmeMk6foclpDgHwcbcI224PxxayHj7Q-EPGxn65PKPBi4yt_1GO7WGguJCpf5tP3MhMji2mkG8Dq4-LqO52WItS1domi0rJL0iL-sVOem8hAst8YPTzLRcFSv0oui7uKdRzsPB0q83aQZIc4Igme9d5KOG39Q&__tn__=-R,2020-03-24 12:30:52,,"{'Total': '350', 'Like': '300', 'Love': '47', 'Wow': '3'}","{'Ricky Suarez': {'text': ""Dear AXA,I just realized that I'm losing 440k from my investment! Since your myaxa was down for the past week, it's only now that I had access. During the stock free fall, you were too pre-occupied with the covid-19 neglecting your single-pay  invest‚Ä¶See More"", 'post_date': '1585478968'}, 'Eleese De Quen': {'text': ""If worldwide many policy holder died,  a big budget of AXA needed to be released for their policy holder. For me, I don't care of my AXA insurance all I need is I am still alive."", 'post_date': '1585063189'}, 'Joan Espina': {'text': 'Can‚Äôt access my accnt.', 'post_date': '1585057034'}, 'Ira Aguilar Rozal': {'text': 'i cant access my account', 'post_date': '1585329367'}, 'Mikay Jean': {'text': 'Included ADA for retire smart 2030?', 'post_date': '1585054997'}, 'Chen Reyes Pascua': {'text': 'Thank you..but does auto debit from BDO included???', 'post_date': '1585055530'}, 'Leesh Vertudazo Cortes-Estrella': {'text': 'Hi axa, is the extension of policy payment also applicable here in Visayas?  Thanks!', 'post_date': '1585643188'}, 'Regor Atsitaub Retnemerg': {'text': 'My due date is on march 28, 2020. I still have 60days grace period. That would be on may28. Am i correct?', 'post_date': '1585053939'}, 'James Jemenez': {'text': 'Thank you', 'post_date': '1585053114'}, 'Gina Gajelloma Elopre': {'text': 'üôèüôèüôè', 'post_date': '1585057924'}, 'Roth Schneider': {'text': ""I thought life was so hard, But when I found out about binary, life became easy. Binary option trading is reliable when you invest with the right account manager like Mr Johnny Godfrey he's legit and reliable. I invested with him and got my withdrawal in just 7days. Mr Johnny Godfrey is 100% reliable. If you're interested you can contact him onhttps://www.facebook.com/Johnny.Godfrey.0"", 'post_date': '1585977116'}, 'Che Reyes': {'text': 'Can‚Äôt access my account po!', 'post_date': '1585181801'}, 'Dyan Guardajara': {'text': 'Wala bang ibang way para ma release na ung cheke pra s death claim??', 'post_date': '1586247227'}}",256
AXA.Philippines,,https://web.facebook.com//AXA.Philippines/posts/10157132921253148?__xts__%5B0%5D=68.ARAXAjzKijLCraiVa_XxBBkGawe0Hhf48wZhf10NkxkbBW2je7UkgkHcaCbGhX_Kt1AZZ_aa7XyC8ENRKOFCtjC-U14TjRhm4j4PexIPe7BDvofZaBA-vxJs5V0JUFRzUqNx7wesEsn42XaryLaY_O6yyeQBVITAezNSJ8XPkAVj9ULXylvQJ-GGMkvpk3dnzLqSIWGhO4lapHc90lfCHpzLxj_SYVrf3t9rR-aYvIbQBv3U5GOP8BVftfMDpFKtqrz5Dn1dL_us9fVFOhbfLe_dlHwtxCnY9Gt4drujCA6f-UZepf3bAc5EFSU1znA3Nz5Xkfwuo3mSFJXV8V9c&__tn__=-R,2020-04-14 01:47:37,"""https://scontent.fmnl5-1.fna.fbcdn.net/v/t1.0-0/c147.0.597.313a/s526x296/74493645_10156708003258148_441169823645302784_n.png?_nc_cat=101&_nc_sid=dd9801&_nc_ohc=pSnlCT5v024AX_NsN-F&_nc_ht=scontent.fmnl5-1.fna&oh=07a4513b60d5292278080de3d0fefa07&oe=5EBA6342""","{'Total': '54', 'Like': '52', 'Love': '1', 'Sad': '1'}",{},2
AXA.Philippines,Here are some ways to keep yourself healthy at home. Find out how healthy you are by taking AXA's Health Risk Score. https://www.axa.com.ph/healthriskscore.,https://web.facebook.com//AXA.Philippines/posts/10157130818063148?__xts__%5B0%5D=68.ARB-Fy7HALBsSmdRCwhqCX9hlvfuKWcB4N_GB3Ge-UOz7LjonaLJ0WVMczk7oOGJb0u01OUNsQmY6afRSYSxEf3mi9SeLDiNtGrq32-oR-Lj6tTdW8JkDdivXWL52qWeKrknH6GCxJTP2MjNE39qwMca9at07MkYjipf4VV76nYchX9yhUtxQrqUNPbEf6-eC9JnRIHJU3e4CW8e4Dss_1mKPO8UiTri-j47ahvTu1bSOcOypg9GxiEgomoGUININeX7zed2JedQBviyUn5VK-RHupq_YnAxreoOeRcnkpWD_P4GPgxe08dt5Q-kc0baqMf7VAzpmA96srmdVWoQ&__tn__=-R,2020-04-13 11:48:18,"""https://scontent.fmnl5-1.fna.fbcdn.net/v/t1.0-0/p235x350/93118479_10157130817718148_5458627460092395520_n.jpg?_nc_cat=100&_nc_sid=110474&_nc_ohc=319oZ67eAsUAX_moLnm&_nc_ht=scontent.fmnl5-1.fna&_nc_tp=6&oh=eb7cc04fc29f147831ecd24e6535513f&oe=5EBB95C5""","{'Total': '252', 'Like': '208', 'Love': '42', 'Haha': '1'}","{'Cassy Alvarez': {'text': 'Keep healthy and safe üòä', 'post_date': '1586778978'}}",216
AXA.Philippines,He is risen! May this day bring you new hope and peace.,https://web.facebook.com//AXA.Philippines/photos/a.422772563147/10157119032068148/?type=3&__xts__%5B0%5D=68.ARDAf5z9jFHRMaK8SDwjS01xHfa62HfkNvxl2XTCos8wsyAhxPxJm7d8VNM9lNU8tMcv_gbzYJur2N19U5YHgaRkIlHQMqUs3nwfUqxAabX5BScalxspU6BSgwcSxZ4K_Yhx91ITtt5qavhWvocfwTb4RH4pA6PqlbxMtoyXBRlgYQ6GMEkDUVf0TWWe7UndWQfmHREI8e45DSE7QMz__ySjWv9DldoIAtavM-APAnhEeiSgMPdtP6-IUMCxnNCRjIx1lQJ0H_rtU5reK8gwOLgiAyvRSJJ-bMeraQVNRfJ5BBsoQ1qfs4wxz0rZqvSNb7YOPzTaTgN28iNPVweg&__tn__=-R,2020-04-12 01:00:00,"""https://scontent.fmnl5-1.fna.fbcdn.net/v/t1.0-9/s1080x2048/92672570_10157119032073148_7169798604696059904_o.png?_nc_cat=105&_nc_sid=8024bb&_nc_ohc=OUUnWHV-p2cAX_ikMdL&_nc_ht=scontent.fmnl5-1.fna&oh=d39a3027763310e5321fbd4f42d29b5f&oe=5EB971B5""","{'Total': '572', 'Like': '408', 'Love': '163', 'Wow': '1'}","{'Giezle Pe√±ano Bismonte': {'text': 'AmenüôèüôèHappy Easter! üòá', 'post_date': '1586653351'}, 'Eleese De Quen': {'text': 'Happy Easter!', 'post_date': '1586670510'}, 'Sunnylane Fernandez': {'text': 'amen', 'post_date': '1586654019'}, 'Jovy Laureta Tamayo': {'text': 'Amen', 'post_date': '1586654152'}, 'Jay Adonis Osano': {'text': 'Amen', 'post_date': '1586653822'}, 'Sansue Jayme-Pastrano Baluma': {'text': 'Amen.', 'post_date': '1586653818'}, 'Julie Santos': {'text': 'Amen', 'post_date': '1586686697'}, 'Mae Desiree Rosales': {'text': 'Amen', 'post_date': '1586653859'}, 'Noemi Mascari√±as': {'text': 'Amen', 'post_date': '1586654003'}, 'Flo Maguisa': {'text': 'Happy Easter!', 'post_date': '1586660553'}, 'Joel Hapitan': {'text': 'Happy Easter', 'post_date': '1586693559'}, 'Bechak CycleParts': {'text': 'Happy Easter', 'post_date': '1586655620'}, 'Jesus Paguigan': {'text': 'Amenüôèüèª', 'post_date': '1586665466'}, 'Justine Sanchez Abad': {'text': 'Happy Easter', 'post_date': '1586776197'}, 'Nancy Cayanan': {'text': 'Amen üôè', 'post_date': '1586656322'}}",390
AXA.Philippines,"We salute brave Filipinos.  We stand united, and together we will rise again.",https://web.facebook.com//AXA.Philippines/photos/a.422772563147/10157113590493148/?type=3&__xts__%5B0%5D=68.ARCM34w19Qb8V6oujYsdu3ZH4MLvqVtFs8EYqOTgtc_EtZipVIyfhOuUaLN4V59yOoGyOi9OIDow-Hlh4-b6mz6i6UBSQsSWRbi71ifPtpQZCfewQIB4nap9kz1B67_pw59fpIzcisJ8m-0L6hsTAysUuoRsAxqxJ2mvHwlij7WVnJdk9vqQHSj1G8q6ezcMR011_w-EwlGgmokNptfsLJH8OrY1M68StVl-RtX0x0cTKYs6P33_0fWg47tH3dUNlB70YAZwVdR6nNMgs0IuXvcxNAd90v2n0xdmnryaGEAtfT5QJT-eoV25e_9wbJqOhAP2pc3PhYcdSXzUrxdz&__tn__=-R,2020-04-09 02:00:01,"""https://scontent.fmnl5-1.fna.fbcdn.net/v/t1.0-9/s1080x2048/92289520_10157113590498148_7436229891516792832_o.jpg?_nc_cat=100&_nc_sid=8024bb&_nc_ohc=XvIayMz2NP0AX-BSEEE&_nc_ht=scontent.fmnl5-1.fna&_nc_tp=7&oh=be7d66dc4c29a47bee354e965719c610&oe=5EBCB3B0""","{'Total': '1K', 'Like': '754', 'Love': '279'}","{'Jusal Empererado': {'text': 'Rise again portfolio! ü§î', 'post_date': '1586398878'}, 'Exzur D. Sanchez': {'text': 'Do not sell, think long term. Keep buying taking advantage of low price and be positive. It will rise after covid.', 'post_date': '1586442292'}, 'Flo Maguisa': {'text': '‚ô•Ô∏è', 'post_date': '1586401181'}, 'Von Erika Ali Ison': {'text': 'üôèüèªüôèüèª', 'post_date': '1586528972'}}",742
AXA.Philippines,"In observance of the Holy Week, we will be closed on April 9 and April 10. We will be back on Monday, April 13.  May you all have a blessed Holy Week!",https://web.facebook.com//AXA.Philippines/photos/a.422772563147/10157113588268148/?type=3&__xts__%5B0%5D=68.ARD5VbDW2dutTtzxf6OdgF70gofPWQB_jD47DgYuFHth5J5a2C0Je4uw6CPjzhemIklB6GbiHQoY6is6SXQjdrLGDaAbtiWdKfzt7z8e4ffAMGtnCV6UJQughB-AED5E6dL7wfYTV-q_SH4JNXu5HWH6hL10Fu57BaXaKDLaar111uySDPR-VEDa69t2Op5O71hxtydb5L1kfhBkO7dfoUxLdUJCM7rvyRfwgFTddN0nEeunu-aIrU_0kuySLPfApESYscQr52p2CtBQ4LTrat2b3T9Mut3JFHORKrxh8k6ZFJ4m1c_OV3GXRGKEXv-geiupwqxU9juTykTKmxeb&__tn__=-R,2020-04-08 22:00:07,"""https://scontent.fmnl5-1.fna.fbcdn.net/v/t1.0-9/s1080x2048/92563251_10157113588278148_6034398522252460032_o.png?_nc_cat=106&_nc_sid=8024bb&_nc_ohc=qmCXaHQCDioAX8tTvL-&_nc_ht=scontent.fmnl5-1.fna&oh=a81b80462bc8402394f6d5eaa2f710b8&oe=5EBD2535""","{'Total': '239', 'Like': '198', 'Love': '41'}",{},143
AXA.Philippines,Each of us can help flatten the curve. Take the Flatten The Curve Bingo now and see how well you are doing!,https://web.facebook.com//AXA.Philippines/photos/a.422772563147/10157113064988148/?type=3&__xts__%5B0%5D=68.ARCnmOq0fyuRVnAjsufR6a1JRNQpSuRKO_Izq-mfYvzAgjlD6EcEqkng1QPMWuiLkceL5IIjKJRB-yLepXyWXvx1ndfKR8vU3JMYtCIhmWbl7ol4hiVlVfegB-cwfBpHkQZjxM-adMQbgFoQQHyYZeh-54UOsTiRM6YIXx4xqJRMxwm-H7aa89zmbCbjvYLeJpXmlE12rC-X_zFWm2XdiKQWELfS8cNx7NVXLht62mVEGmIt6O1DdYZKb9tUFKIi9qlwEh8lAob0b4sOGP-aMtIvO_VrCrWuh13p8FmNcaDZloHLhiUGRWnD2iL9deGAEZMIx15lakZ2y58wFXjk&__tn__=-R,2020-04-08 10:34:06,"""https://scontent.fmnl5-1.fna.fbcdn.net/v/t1.0-9/92708346_10157113064993148_6735540895258509312_o.png?_nc_cat=102&_nc_sid=8024bb&_nc_ohc=8q8UT4J2IdEAX9Ls0I2&_nc_ht=scontent.fmnl5-1.fna&oh=26eb9ff750acd6934ed6977a5924f692&oe=5EBBD0AE""","{'Total': '242', 'Like': '196', 'Love': '45', 'Wow': '1'}",{},174
AXA.Philippines,"We remain committed to serving you. In light of the extension of the enhanced community quarantine, please take note of the following service channels. You may also check our other advisories by clicking this link: https://bit.ly/2x9IHHs. Stay safe!",https://web.facebook.com//AXA.Philippines/photos/a.422772563147/10157109713968148/?type=3&__xts__%5B0%5D=68.ARDclXH0qfWEdBB-_AhrdqUcIBoh_fi0hUdFnJyNVwwuKWvI5kccd2cyuSRo76Ygwl0Wm9907ReOZlKRsyrI3uDp9MAoBxC-RL3T6lzq7g_FHOSWF4Yqb1GfvL0NVHGZpIUKyMQFswIqfcZjcbTHEgKRxziTgpmhlaEXeMu5W66jovgjDcqY2IGXPVtMmNmgwt2FO-nWCHEWmMaWdtfeo-hMy-quwjjINlW9lAWy-ahp6UGEC6CjEvzr2sJFhEmu8qlTZu6bxm-Ic9ODgbH7Xrlao65a0A2A7xeDP4MXLKtPvoUW0qL1DHBR_5237HGf6s0QY7nTHqNx-Dxp-S16&__tn__=-R,2020-04-07 10:00:01,"""https://scontent.fmnl5-1.fna.fbcdn.net/v/t1.0-9/s1080x2048/92360717_10157109713978148_2274257798244073472_o.png?_nc_cat=108&_nc_sid=8024bb&_nc_ohc=3Lgg7JAzc6MAX-0D5jx&_nc_ht=scontent.fmnl5-1.fna&oh=ba79204438107b2f89bcecf11a701943&oe=5EBBFE01""","{'Total': '210', 'Like': '188', 'Love': '20', 'Sad': '2'}","{'Eddie A. Domanog': {'text': 'My opinion on Axa Investment.Nothing happen on my  investment for the past 4 years!', 'post_date': '1586318242'}, 'Mike Bandong': {'text': 'Axa innsurance kau nagbebenta..di kau banko..wag kau maki alam sa saving deposit namin sa metrobank..di u pera..warning axa end metrobank by depositors of metrobank..yan memo sa inyo', 'post_date': '1586845838'}, 'Kathleen Grace Sanchez': {'text': 'Can you please fix your website and mobile app? Thank you..', 'post_date': '1586306718'}, 'Tina Estrellado Cuerquis': {'text': '‚ù§Ô∏è‚ù§Ô∏è', 'post_date': '1586263550'}, 'Rachel Cortez Miranda': {'text': 'Hayss! Victim of katangahan din ako. Naluluko sa manluluko...', 'post_date': '1586343190'}, 'Malou Gongob Alfanta': {'text': 'Mayroon po ba kaming makukuha sa aming insurance sa kalamidad ngayon? Member n kasi ako dito kahit kunti mn lang po yong emergency lng po...', 'post_date': '1586268442'}, 'Bernadette Uy Fineza': {'text': 'Kaya mas ok na ipunin nlng kesa pumasok sa investment na wala naman kasiguruhan na kikita. Mas mdalas pa malugi.. Prang dito sa axa. Kht crisis hndi pinalagpas. Mapagsamantala naman kayo. Pera kung pera d nio iniisip mas apektado kming mga nkainvest sa‚Ä¶See More', 'post_date': '1586427622'}, 'Ecyak Kayce': {'text': 'Too late, AXA did  ADA/Auto debit on my account also..This announcement is useless, if they are giving us 60days grace period the most, it must apply to all AXA insurance policy clients...No need to call, text or email you guys...You are just making things more complicated..', 'post_date': '1586746683'}, 'Joel Hapitan': {'text': 'Ang aarte ng mga agents d makausap matino kasi bad connection daw. Bwisit kayo kami pang mga policy holder mag adjust! Out of 5 calls ko yung last na agent lang willing mag help yung iba mukhang sahod lang.', 'post_date': '1586271429'}, 'Edmond Contreras': {'text': 'Hello po tatay ko po di na nakaka hulog sa inyo ask ko lng kung pede makuha pera nya almost 30yrs sya sa insurance nyu', 'post_date': '1586324686'}, 'Akosi Yosh': {'text': 'Omg sa akin 3yrs ako nagbayad na 300k. Check it today 150k nlng maryosep ü§Ø may 2yrs pa akong kulang. sa tingin niyo itituloy ko pa kaya üò•', 'post_date': '1586438237'}}",131
AXA.Philippines,Got a question about your health insurance coverage in relation to COVID-19? We have compiled the commonly asked questions. Stay safe and informed! Learn more here: bit.ly/3aKJTiY,https://web.facebook.com//AXA.Philippines/photos/a.422772563147/10157106400398148/?type=3&__xts__%5B0%5D=68.ARBirNCKpHnJqWXd_T8gkfe6bFEOuAGW9IJXcjXu4XueLxePqoBjbb7dVe3jZo8VMhSrZgaMXAp83RTVbFnSCKL3MJbE4jhFuw03EU3nb6kJZ8uVK7t2X85ip5NGJWeBl5Cc1sW4GBff6QyowcN4eMOYP7uHrDJ49qYWpeun9nxTNXj7xpnUEATk6pGrxh__Mj37T71391_ARuW44Jsp_ZAX--cyqdx7djK63NKtx4t_3fW-YZTFLJyHD-7dRhpzLU6J0Bgx4Dfm0qiuHiiwylw2RO2hbdqXkD2rcygHZVAVOKFDqe0Q8C81bHASM7R-Bd5kmuqwZS9fKg4_e9Th&__tn__=-R,2020-04-06 08:30:00,"""https://scontent.fmnl5-1.fna.fbcdn.net/v/t1.0-9/s1080x2048/92024439_10157106400408148_6401532807750877184_o.jpg?_nc_cat=107&_nc_sid=8024bb&_nc_ohc=_2cQ9pyJv_kAX8cCqji&_nc_ht=scontent.fmnl5-1.fna&_nc_tp=7&oh=12a9c19db5c09235121695ea8d5cd6b3&oe=5EBC8106""","{'Total': '166', 'Like': '148', 'Love': '18'}","{'Flo Maguisa': {'text': 'Thanks for the update!', 'post_date': '1586164033'}, 'Mhell Alngig': {'text': 'Wow', 'post_date': '1586186094'}, 'ÂäâÂ∑≤Áá¶': {'post_date': '1586201233'}, 'Foolish  Heart': {'text': 'Hi po ask ko lng po kung bakit hnd na gumagana pag nag log in sa browser sa AXA?', 'post_date': '1586340599'}, 'Jenny Herceda': {'text': 'Gudmorning po Madam, Jenny Herceda po ito, nag deposit po ako sa AXA, 9,007.00 pesos last April 08,2014kailang daw po hulogan ko Monthly para after 5 or 10 yrs malaki na daw ang makukuha ko. Hindi po ako nkapag hulog, simula noon hanggang ngayon‚Ä¶See More', 'post_date': '1586307498'}, 'Cess Villanueva': {'text': 'Got health insurance when I was 21 years old. Never regret to have one. In these times, we need to prepare for the unexpected events. One step to financial security üòâ', 'post_date': '1586188602'}}",101
AXA.Philippines,"The Philippine stock market, like the rest of the world, was affected by the COVID-19 pandemic. If you're worried about your investment, here's what you can do.  This applies to variable unit-linked (VUL) policies such as aXelerator, life basiX, Asset Master, Retire Smart, etc. For a more detailed discussion, contact your financial partner. Keep calm and stay safe!",https://web.facebook.com//AXA.Philippines/posts/10157097368788148?__xts__%5B0%5D=68.ARDBgy8jjsaQ4GnTj-O_C84s_JEOPHPV_EQkJOOx6Zi0zsy-8kt2lKdYdYSD4JPLtyeAqZcEZjhzFdvziXb9liABrY3DuMlujS7juMnmeqgEhWNyrCxwlbyBEOS-BAwQ5HYAPhCXkaPXIAfCaLygSn-Oj150bWXUp29ynF48lVs1ecNoyZ5_c98iieQg_Qq9i85L7vSt9psx7xIQsIyfCiqmjTxBdGX4Ix-fErB1dOxlTFkiD-Z6-gUbQVfBHIoD1PPEkzEdZKcei16XtxgYyQSVFYQBeSwE8FAjDuqdSJUO-jeBk4wI9s0kFYork7rU949rO-KGc3AjdnWdqFnO&__tn__=-R,2020-04-03 12:16:00,"""https://scontent.fmnl5-1.fna.fbcdn.net/v/t1.0-0/p235x350/92217375_10157097486383148_258519360061046784_n.jpg?_nc_cat=100&_nc_sid=8024bb&_nc_ohc=PQAkbdGoiTcAX8bthJ6&_nc_ht=scontent.fmnl5-1.fna&_nc_tp=6&oh=f631df2ec9cae83128b899af7acaa23d&oe=5EBA1039""","{'Total': '510', 'Like': '414', 'Love': '85', 'Sad': '7'}","{'Leynes Fernando': {'text': 'Please assist me im  a pwd.i need to call an adviser.pls contact me.pls reply axa.', 'post_date': '1586232215'}, 'Razel Onifur': {'text': 'My advisor‚Äôs ignoring me,. Didn‚Äôt bother to explain.', 'post_date': '1586163109'}, 'Erik Jan Lape Apartado': {'text': ""I'm still keeping my 6 policies. :) after all in this time na we can be infected anytime, protection is what matters most."", 'post_date': '1586214628'}, 'Lyz Esma': {'text': ""can't connect my agent ..axelerator  policies"", 'post_date': '1585917658'}, 'Jessica Dela Torre': {'text': 'Mgsilabasan kyu mga fa asikasuhin nyu mga cliente nyu,Anu ngttgo n kyu sa palda ng nanay nyu ks bgsak n Ang market,Ang galing NYU lng s una', 'post_date': '1585951729'}, 'AXA Philippines': {'text': 'Hi Arnel, we sent you a private message to provide assistance. To protect your personal information, we deleted your comment as this includes sensitive information. Thank you.', 'post_date': '1586831060'}, 'Azon D. Ostonal': {'text': 'Stay calm stay safe..Sana maayos din ang lahat after crisis pray lang po tayo. Keep safe everyone!', 'post_date': '1585968567'}, 'Flo Maguisa': {'text': 'Stay safe. üòä', 'post_date': '1586088071'}, 'Neth Sison': {'text': 'Naku kawawa mga nabiktima nyan AXA n yn', 'post_date': '1585917271'}, 'Marites F. Cagungun': {'text': 'üôèüèªüôèüèªüôèüèª maging maayos lahat.', 'post_date': '1585926168'}, 'Via Viacrucis Gonzales': {'text': 'üò™', 'post_date': '1585916920'}, 'JC Caba√±es': {'text': 'üòîüòîüòî', 'post_date': '1585920166'}, 'Austin Go': {'text': 'üòâ', 'post_date': '1585999830'}, 'Dahil Quio Japin': {'text': 'Wag kaung matakot makukuha nyo rin ung pera nyo ....', 'post_date': '1585972795'}, 'Arnel Castillon': {'text': 'ask ko lang bakit nag bawas kayo ngayon insurance policy ko two months pa kinuha nyo eh crisis ngayon bakit?', 'post_date': '1586159316'}, 'Roth Schneider': {'text': ""I thought life was so hard, But when I found out about binary, life became easy. Binary option trading is reliable when you invest with the right account manager like Mr Johnny Godfrey he's legit and reliable. I invested with him and got my withdrawal in just 7days. Mr Johnny Godfrey is 100% reliable. If you're interested you can contact him onhttps://www.facebook.com/Johnny.Godfrey.0"", 'post_date': '1585977141'}, 'Bernadette Uy Fineza': {'text': 'Bakit ang laki ng nawala sa pera ko sainyo? Kung ttuusin crisis ngyon. Pare pareho lng din tayo apektado dito! Dapat konsideration naman. Hndi pera pera.. Hndi na ako mag rrenew sainyo. Mas ok na ipunin ko nlng. Kesa sa walang kasiguraduhan. Ang galing kasi agent nio mang uto!', 'post_date': '1586362789'}, 'Chio Chen': {'text': 'D n nga macontact ang FA nio d p nmin mkita ngyayari sa policy nmin.', 'post_date': '1585989466'}, 'Amie Baranda': {'text': 'Gusto ko po withdraw ung pera ko ng may magamit po kami .', 'post_date': '1586213668'}, 'Renbert Bayo': {'text': 'Ano maganda policy para kay mama??', 'post_date': '1585937672'}}",714
AXA.Philippines,It's Friday! Do this one-minute breathing exercise to reduce your stress. Watch the video below for a quick guide.,https://web.facebook.com//AXA.Philippines/videos/219616746046052/?__xts__%5B0%5D=68.ARB9b2vVUZYPivqFOBZQHYHztVAUeZIUI06h_AQNolu3fqlt_9uZ8qTM1jAk34GlqqLVQa-OHlPFH4M1TCUXvRMMz7Q2vQIYngrEiZe41JuBtLziohvCAOXw8Uz3VNiyebrHD8HK6uELCIdDnsFhY-PbKEiExi6JzwwYgNm4iqZdJJPRpYr0zYnx2wiu3I_0cG7qUHMbF4spYT7uqIduYQu4dyeypw-cY3bLdvSy_jjsA2HuIUnwdyTGFXLJQ0gB8p4zzbz3P61X98RxTwtbBIXvt3dfq-tP-DlE_YGQE3A2N7W3aKxfhHZnrBLD80HriGFtWQzfn0Q2y8xzuqrdYGR-pfuCblY6&__tn__=-R,2020-04-03 05:30:00,,"{'Total': '168', 'Like': '132', 'Love': '34', 'Haha': '1'}","{'Geng Ferdie Padua': {'text': 'Im feeling good.', 'post_date': '1585906808'}, 'Roth Schneider': {'text': ""I thought life was so hard, But when I found out about binary, life became easy. Binary option trading is reliable when you invest with the right account manager like Mr Johnny Godfrey he's legit and reliable. I invested with him and got my withdrawal in just 7days. Mr Johnny Godfrey is 100% reliable. If you're interested you can contact him onhttps://www.facebook.com/Johnny.Godfrey.0"", 'post_date': '1585977148'}}",150
AXA.Philippines,"When you feel alone, don‚Äôt be afraid to reach out to your family or your friends. You may also want to contact these support groups who can help you: Mental Health Support Group by Kylie Versoza: https://www.facebook.com/groups/MHSupportGroupbyKylie  Depression & Anxiety Care Philippines: https://www.facebook.com/groups/571300533213786/  Psychoeduc8 Philippines: https://www.facebook.com/groups/psychoeduc8/  Schizophrenia and Bipolar Philippines: https://www.facebook.com/groups/282482295107313/  Anxiety and Depression Support Philippines: https://www.facebook.com/ADSPpage/",https://web.facebook.com//AXA.Philippines/photos/a.422772563147/10157094192008148/?type=3&__xts__%5B0%5D=68.ARAUEgJhUp6Fdy46p5U15y4hUkNfZ1CleGE1KWxr2FW77o6g_7-XDmNDPkWeOrlyFHi1vfWT-iK0UdPZBDPY5SfXjRJpG7sxFKFsgpPkAKRZZBpcatcapjgJCtlUTOVqyrVPRoQvRPu2tnVFytiU0hft6EoPOhVSH59XZoEqe8UPEzQmS89Oy1alIUdRUWGHQP76dcNqNTpVdUTLksKw340kV9uFcFHumm5llsImLfffoNjzETGsumQEk4dNod0qHEU-NmL6GqO3TMVyYUCjqJA2OhELqw-iXiwloHPwyYkY-2iioBm0A2uV6CbBqE0kilfBcZi24S640gM8bHgL&__tn__=-R,2020-04-02 12:31:00,"""https://scontent.fmnl5-1.fna.fbcdn.net/v/t1.0-9/s1080x2048/92460330_10157094192018148_2452403141782536192_o.jpg?_nc_cat=111&_nc_sid=8024bb&_nc_ohc=wc2hAZ8yMZ4AX_quUfa&_nc_ht=scontent.fmnl5-1.fna&_nc_tp=7&oh=637bbfb66a93927fd0c11de7bd9ed154&oe=5EB9E4E5""","{'Total': '258', 'Like': '209', 'Love': '47', 'Haha': '2'}","{'Misty Tac-an': {'text': 'Can I copy my axa family?  :)', 'post_date': '1586100490'}, 'Nheri Lacson Barrun': {'text': 'üòçüëç', 'post_date': '1585833966'}, 'Roth Schneider': {'text': ""I thought life was so hard, But when I found out about binary, life became easy. Binary option trading is reliable when you invest with the right account manager like Mr Johnny Godfrey he's legit and reliable. I invested with him and got my withdrawal in just 7days. Mr Johnny Godfrey is 100% reliable. If you're interested you can contact him onhttps://www.facebook.com/Johnny.Godfrey.0"", 'post_date': '1585977153'}}",155
AXA.Philippines,"During this quarantine period, you may be experiencing higher anxiety. Take care of your mental health with these helpful tips. Always check your health status by taking AXA‚Äôs Health Risk Score here https://www.axa.com.ph/healthriskscore.",https://web.facebook.com//AXA.Philippines/posts/10157090906613148?__xts__%5B0%5D=68.ARDMO6U_j4lULu6fbAuItEiJjrk9ZlBX51bVJx2STnHghMRm5qzvWS6z6nPYy6kUgMCpT4cNB6GYr29Irr333Oix05fuVa7-myARVT_HJq36zM5oOOmffsbgdbHM7-iWotDFcvUZ3k1ZUL0CG-RUBP5CIX2k0TZdTBXGLRnbkApZ4L9RJeh4d3BvW37kSfzAGNwZD290a6kqU5qCZEy_YwK2MwjWtOFqaOuvdU5MZmq1MgfTsDyrBDVeInRQJXD5zTDGt5nwaUdWRmU92U2bURjFVaJxNtBt2u0mtust9CsxvX4P-sa5ZGgsDwTmSjp2VhJqsYXeeMKDb-BHHtF-&__tn__=-R,2020-04-01 10:59:29,"""https://scontent.fmnl5-1.fna.fbcdn.net/v/t1.0-0/p526x296/92200770_10157090897423148_7146744938238050304_o.png?_nc_cat=109&_nc_sid=8024bb&_nc_ohc=IlwhY33JTFAAX_ajwVN&_nc_ht=scontent.fmnl5-1.fna&oh=aef4f0a5c7d3845fff64eee2553325c5&oe=5EBD1436""","{'Total': '263', 'Like': '202', 'Love': '57', 'Angry': '3'}","{'Roth Schneider': {'text': ""I thought life was so hard, But when I found out about binary, life became easy. Binary option trading is reliable when you invest with the right account manager like Mr Johnny Godfrey he's legit and reliable. I invested with him and got my withdrawal in just 7days. Mr Johnny Godfrey is 100% reliable. If you're interested you can contact him onhttps://www.facebook.com/Johnny.Godfrey.0"", 'post_date': '1585977164'}}",340
AXA.Philippines,"Get free 24/7 access to emergency services such as medical, roadside, fire or police assistance anytime, anywhere with AXA Rescue Line. Get Rescue Line through the Emma by AXA app here: bit.ly/emmaaxa",https://web.facebook.com//AXA.Philippines/photos/a.422772563147/10157090611958148/?type=3&__xts__%5B0%5D=68.ARC2QRwr_ydwmhQrs5wgi4aKHrVnXyzQrUEg8sMRccpan1qP4yrV5SjHT0ZrHHGK2Zfmk0XZVpaGV94glfe0CEyvFVYm8BdJJWq5bCGa8-bv2IK-p0DBd8-p9Eq6f3ldbE3k_R20wi2Gx27V1ia-KgO0ba6TKISwUQFQ7r_vDl70mEXaKVJwW6iRdv47gR1J7vaZEBocHssTy3HHUwWlsF-D_sQYpU4BiQXXmh2WTdaNmW6m00dOAbgBJNZTQSlE5_LpsjIeBKI5nYiH49vrRdGjuICUS_di_f40vZyl3eVE_BB7aTwwKXwLqwMkhr-gbUCnin6M_RWfN29ZL0f4&__tn__=-R,2020-04-01 07:28:50,"""https://scontent.fmnl5-1.fna.fbcdn.net/v/t1.0-9/91803231_10157090611968148_2046707342820507648_o.jpg?_nc_cat=107&_nc_sid=8024bb&_nc_ohc=9BUYi6GCr34AX_w8hc7&_nc_ht=scontent.fmnl5-1.fna&oh=c807d74b00b532ee7e5df9f60780907b&oe=5EBC1467""","{'Total': '115', 'Like': '102', 'Love': '13'}","{'Roth Schneider': {'text': ""I thought life was so hard, But when I found out about binary, life became easy. Binary option trading is reliable when you invest with the right account manager like Mr Johnny Godfrey he's legit and reliable. I invested with him and got my withdrawal in just 7days. Mr Johnny Godfrey is 100% reliable. If you're interested you can contact him onhttps://www.facebook.com/Johnny.Godfrey.0"", 'post_date': '1585977170'}}",99
AXA.Philippines,"The Emma by AXA app is up! You can now monitor your investments, check your policy, and pay your premiums online! Download the app here: bit.ly/emmaaxa",https://web.facebook.com//AXA.Philippines/photos/a.422772563147/10157084445608148/?type=3&__xts__%5B0%5D=68.ARANiwO0mpm07t1keNndFE_y-nSew3bKxzRA62xuhpRwBebYmBfNCLxkpW91Pd29zle7LvaH6JOZa5lZcvtHbTCo2i0TCoyFk2v3SxZksiquefeKJ27NK0OrHy_XrKNxiTuoIV1tAWcWNgUtSRqaNQO1bHv2w_2DBUcKlOEVu5ojZyiIzwCE0wK1hTkFKo_0VvBfmUX8hXLMiLlFwtnqt2SDNu6veIn-33WDBRsxh8zvWmOHhe3F58rd2KJtPz7TCmEKv0Nr11przQdKuuWsPsNv68n0ySevrpWzRephSGM090ykQAZm5_uF46GzKWDsFJAQCJ0RBgZ9iL8dWL5S&__tn__=-R,2020-03-30 11:00:00,"""https://scontent.fmnl5-1.fna.fbcdn.net/v/t1.0-9/s1080x2048/91593160_10157084445628148_3100754048823853056_o.jpg?_nc_cat=104&_nc_sid=8024bb&_nc_ohc=0gacAUdkE2YAX8GdbR5&_nc_ht=scontent.fmnl5-1.fna&_nc_tp=7&oh=3ed6b7e14fca70d5741f55eec8e7d59b&oe=5EBCCA88""","{'Total': '239', 'Like': '212', 'Love': '26', 'Wow': '1'}","{'HA IZ': {'text': 'I cant download it im in the Philippines.. where the famous chocolate hills is located u know..', 'post_date': '1585644456'}, 'Elysa Mendoza': {'text': ""Hi ma'am I'm elisa g. Mendoza"", 'post_date': '1585647104'}, 'Randy Dumaoal': {'text': 'I try but not possible...as an international company MUST access where ever you are right,??? Please activate!!! We are waiting.', 'image': 'https://scontent.fmnl5-1.fna.fbcdn.net/v/t1.0-0/p240x240/91185859_10212993176344172_8758955659770200064_o.jpg?_nc_cat=109&_nc_sid=dbeb18&_nc_ohc=52ZtYGOEzSsAX8kFCOK&_nc_ht=scontent.fmnl5-1.fna&_nc_tp=6&oh=291889dccc6040d1e7e451f4273c3d02&oe=5EBA2E41', 'post_date': '1585570001'}, 'Louiegie Carlo': {'text': 'Not available in UAE, how convenient', 'post_date': '1585574171'}, 'Marilou Peralta': {'text': ""Also here in thailand app can't  download  maam sir"", 'post_date': '1585577094'}, 'Rhecxie Teves': {'text': 'Accessable in South Korea . Thanks', 'post_date': '1585831812'}, 'Roy Mendiola': {'text': 'Loading lang until now', 'image': 'https://scontent.fmnl5-1.fna.fbcdn.net/v/t1.0-0/p200x200/90926841_10218918795953436_8738310830015119360_o.jpg?_nc_cat=107&_nc_sid=dbeb18&_nc_ohc=VojDXFwC1-gAX9foaAP&_nc_ht=scontent.fmnl5-1.fna&_nc_tp=6&oh=cec0fb3c5ba77f57daa7a6fc85bef4ce&oe=5EBC6AD8', 'post_date': '1585569008'}, 'Jerry Paglinawan': {'text': 'Dko kc alm google eh', 'post_date': '1585720955'}, 'Joan Lopez': {'text': 'Bumagsak ang market.  Laki din nabawas .üò§', 'post_date': '1585629431'}, 'John Paul Monteza Aquino': {'text': 'Palaging under maintenance yung app üòí', 'post_date': '1585573106'}, 'Roth Schneider': {'text': ""I thought life was so hard, But when I found out about binary, life became easy. Binary option trading is reliable when you invest with the right account manager like Mr Johnny Godfrey he's legit and reliable. I invested with him and got my withdrawal in just 7days. Mr Johnny Godfrey is 100% reliable. If you're interested you can contact him onhttps://www.facebook.com/Johnny.Godfrey.0"", 'post_date': '1585977176'}}",120
AXA.Philippines,"With the recent events, now would be a good time to review your current insurance coverage to better understand what is and isn‚Äôt covered in your policy. Contact your financial partner today to get started!",https://web.facebook.com//AXA.Philippines/posts/10157084139533148?__xts__%5B0%5D=68.ARDWUWQvgyRKJhPTF37m15MMgcyv5qOD_ZWLH1a_nZ8R_GK91b2YDe7hUxAH7K8SWXX5yi9UqzKwJmKirE0x3Kdx56Ux3O4J0h7raI8paLJiuyMSrV_83rLhVAi7AeUotk5KOpyihmAYuw-q_kT8nnxAL9dsZTWTtKevCLRFsCK8Yj-3s1rLW589F22O1jV1ub_JLN03l9cp4bDMMd_QAbH-HDBYX2Fn60In1eQnXw9UjJJQsK6lepphYy2LLgzZaqITiQb6i4gHelXvAIAAql7u5Spednb-RxmkirdcUPcZZ-6A2QfjYsBCtae9M_sl6dCkJf3cK451PigcdZq1&__tn__=-R,2020-03-30 09:30:00,"""https://scontent.fmnl5-1.fna.fbcdn.net/v/t1.0-0/p526x296/91625846_10157084139228148_2563113590353559552_o.png?_nc_cat=104&_nc_sid=8024bb&_nc_ohc=Wuo4_h918MIAX_RwePK&_nc_ht=scontent.fmnl5-1.fna&oh=30702a55872c9281a653ab42ea03478f&oe=5EBB9632""","{'Total': '220', 'Like': '192', 'Love': '25', 'Angry': '2'}","{'MariElla F. Malabanan': {'text': 'Yung financial advisor ko, hindi na makontak. No response sa texts and emails.', 'post_date': '1586014425'}, 'Muhammad Yusuf': {'text': 'Meron po kc tayong bnabayaran.. premium charge , admin at coi n Hindi nmn pinaliwanag ni advisor.. kya nmn bumaba ung pera ntin dhil bumaba rin ung market dhil nrin sa corona virus.... sna makabawi agad ang pilipinas üò≠üò≠üò≠', 'image': 'https://scontent.fmnl5-1.fna.fbcdn.net/v/t1.0-0/s480x480/91110954_10222288911959627_6206790696968388608_n.jpg?_nc_cat=101&_nc_sid=dbeb18&_nc_ohc=eNmyOLAG7b0AX_XdVHl&_nc_ht=scontent.fmnl5-1.fna&_nc_tp=7&oh=5da41c738b27a3572af3f021fc40102b&oe=5EB9572B', 'post_date': '1585570765'}, 'Connie Reclusado': {'text': 'What is happening to our investment?Nauubos na ang pera ko sana kinuha kona last year', 'post_date': '1585562624'}, 'Kryts Ruben Bermundo': {'text': 'Nakowww. Wag na wag kayu mag invest s axa... sayaplng perang pinaghirapan nyo dto....', 'post_date': '1585561400'}, 'Arlene Suerte Dumayas': {'text': 'üò≠üò≠üò≠üò≠', 'post_date': '1585922094'}, 'Maureen Kato': {'text': 'D ko ma contact FA ko, natatakot ako sa investment ko!!!! Please Axa balik n nio pera ko!!!', 'post_date': '1585925488'}, 'Yarah D Ukayfashioncom': {'text': ' Baka pedi nio nmn i stop muna ang auto debit my graceperiod pa kau nalalaman na 60days peo panay kaltas p din kau.. pandemic ngaun taghirap at wlang work tpus ung bnigay nio 60 days grace period di totoo.. Ng pasa n aq ng letter n stop na ang autodebit q peo wla aqng mqhang maayus na sagot sa inyo.. kailngan q ng pambiling bigas ..', 'post_date': '1586186915'}, 'Roth Schneider': {'text': ""I thought life was so hard, But when I found out about binary, life became easy. Binary option trading is reliable when you invest with the right account manager like Mr Johnny Godfrey he's legit and reliable. I invested with him and got my withdrawal in just 7days. Mr Johnny Godfrey is 100% reliable. If you're interested you can contact him onhttps://www.facebook.com/Johnny.Godfrey.0"", 'post_date': '1585977187'}, 'Maricel Zoleta': {'text': 'Baka po pwede wala muna deduction sa account nmn kase wala kami kita ngayon', 'post_date': '1585620252'}}",176
AXA.Philippines,MyAXA and Emma by AXA are back online! We appreciate your patience.,https://web.facebook.com//AXA.Philippines/photos/a.422772563147/10157073220323148/?type=3&__xts__%5B0%5D=68.ARDXLrCraUlVKecu04r6ebZ9GfuMB2EWPO-2RpNDHq1LhmP_igYA2o6gi4JZ_gXCd9pPueUwEqZrTCBcibi6GE1dXpKoDPRFWJ0cOZTIX4cPEv03c_y7WaX2rm0vOeAbJg16PePBqx8LDkiv8xxV6g0UkuoY9NCPUL1TCxeLJG-G3aePidnBdHsAuVb_idmA5Vr6ZjSAX5dAT4dbr8_co7iN0pyDJLccO6YkPF8TSnnBqVbzal9D8vWvSl2eXv_mC7HPjSdsjmfW36b6_9JD-pZhaT5MrR-1SR1mECWuTNREOjnMGHpLvjnXyiaIkbIkez5f7u7sXD68GYlr1Aea&__tn__=-R,2020-03-27 10:00:00,"""https://scontent.fmnl5-1.fna.fbcdn.net/v/t1.0-9/s1080x2048/91013180_10157073220333148_5899492830685954048_o.jpg?_nc_cat=102&_nc_sid=8024bb&_nc_ohc=TsvSC8yVQ50AX9w3Avl&_nc_ht=scontent.fmnl5-1.fna&_nc_tp=7&oh=7bf8c380cedc87c751aebf3e69f6906a&oe=5EBC525F""","{'Total': '378', 'Like': '319', 'Love': '51', 'Wow': '3'}","{'Jenafrille Daria': {'text': 'It is just a paper loss. This is true to all. The market crashed down due to the pandemic issue. Call your FA to enlighten you. Thanks! :)', 'post_date': '1585305845'}, 'Joyce Villariasa-Hernaez': {'text': 'i expected na mag down ang account value ko.. worldwide ba nmn ang fall ng stock market.. but im positive that the economy will bounce back and will just keep my policy as it is because it is for long term also and im after with the life insurance benefits..', 'post_date': '1585982014'}, 'Sammy Lim': {'text': 'They are back after you lose alot on your investment just not to let you suffer from anxiety so they dont want to let you see you are losing, ""only a paper lost""? thats the usual term for an investment agent. I almost lost my investment before it start‚Ä¶See More', 'post_date': '1585334264'}, 'Ira Aguilar Rozal': {'text': 'dko ma download ung app dito s UAE', 'post_date': '1585310449'}, 'Eurl Callada': {'text': 'Looks like it not good and practical to enroll AXA with these issues, ano ba benefits nito with those big money you invested and pulled out later?', 'post_date': '1585578256'}, 'Roy Mendiola': {'text': 'Loading lang', 'post_date': '1585455522'}, 'Perla Bautista Jaro': {'text': 'is dr any.problem wdaza', 'post_date': '1585539735'}, 'Cen Tel Ley': {'text': 'finally', 'post_date': '1585306808'}, 'Erik Jan Lape Apartado': {'text': ""I'm still keeping my policies with AXA. This is for my long term goal and most especially for my protection. ;)"", 'post_date': '1585914223'}, 'Chazel Camille Belleza': {'text': 'Loading Lang po.', 'post_date': '1585368767'}, 'Fernandez Perdiliza': {'text': 'But when I check my account I‚Äôm feel sad the savings is 50%down ,hope to recover soon ..üò¢I just pray that this crisis will be over soon.üôè', 'post_date': '1585415838'}, 'Sophie Lonogan': {'text': 'Thank you so much üòä AXA Philippines.', 'post_date': '1585310121'}, 'Cora V. Ines': {'text': 'Good ngayon makapag check na ,sa paninigil ng premium Ang bilis nyo pero sa service so disappointing kayo', 'post_date': '1585304922'}, 'Maiah Daymiel': {'text': 'wala naman pinakita history view sa account value natin paano nag loss ng ganun kalaki para maunawaan nating lahat na mga policy holders...pag check ko kanina nag increase ng konti mga P500+ pero 16k+ yun loss sa account value..', 'post_date': '1585314030'}, 'Kathleen Grace Sanchez': {'text': 'Its down again. Both website and mobile app.', 'post_date': '1586345050'}, 'JE RIel': {'text': 'True..', 'post_date': '1585311997'}, 'Ricky Suarez': {'text': ""Dear AXA,I just realized that I'm losing 440k from my investment! Since your myaxa was down for the past week, it's only now that I had access. During the stock free fall, you were too pre-occupied with the covid-19 neglecting your single-pay  invest‚Ä¶See More"", 'post_date': '1585479580'}, 'Roth Schneider': {'text': ""I thought life was so hard, But when I found out about binary, life became easy. Binary option trading is reliable when you invest with the right account manager like Mr Johnny Godfrey he's legit and reliable. I invested with him and got my withdrawal in just 7days. Mr Johnny Godfrey is 100% reliable. If you're interested you can contact him onhttps://www.facebook.com/Johnny.Godfrey.0"", 'post_date': '1585977202'}, 'Hameed Ansari': {'text': ""Binary option is an online forex trading (stocks, currencies and gold), it's one of the highest paid investment treasury in the world right nowüëáüëáüëáüëáhttps://t.me/joinchat/AAAAAFgsO33fa5OMxX2XOwhttps://t.me/joinchat/AAAAAFgsO33fa5OMxX2XOw"", 'link': 'https://l.facebook.com/l.php?u=https%3A%2F%2Ft.me%2Fjoinchat%2FAAAAAFgsO33fa5OMxX2XOw%3Ffbclid%3DIwAR0Evw1AkYXq6r3dttOQ5huf6l8w0LOXk3OsmuSo55ktwJxyoPeCpYBpnMo&h=AT0e6jxTR6yLiwjWcv8WnPPZkLYbc-7uRPGdPEW0wzaLhHa1uW8dCNMlaNQADUBeF9U4V3-uIeqZRQtWbmWwMOSQLdzB2yD4tZNJ5xbci7UkecuKUiJ150TtTBOJrhMGrKDjVUp3x1pSSCBLh76WRg', 'post_date': '1586218039'}}",143
AXA.Philippines,Thank you to all our brave and selfless frontliners who are leading the fight against this pandemic! We are one with you and appreciate your efforts to keep everyone safe. Maraming salamat!,https://web.facebook.com//AXA.Philippines/photos/a.422772563147/10157072914828148/?type=3&__xts__%5B0%5D=68.ARDYW6iaK2GFVPdRIIjPOaFuWdYjsXfbdOODcT9SafcU2b2TJudgAkusn0QOsguOUMehEO18RG-Ck5upsGS8Tf0KWcT1t5VftZ3WjRMPtdTjnzBMvNKMiiKAJW6D95CfYzS9ooZRjEQ-F8vcHzu8eSeDpN2Bf4XEGTpYIPlFc9nrNidcPwD69UjDBYGRPjCKUhkrWpApSZ-z4eB-XsuPedt_aXRL7_IHk6rRK02D7XCUf8sBmUvtpg1XpVs4ZI84Zv4JrTwkWscOj1pGNb7q9yHXO1iGe1HL9mdKrHUsmVVn8-JZRSfTyFZ62N5ixnXqvIH2n2n_V01Ywyx6-3Rb&__tn__=-R,2020-03-27 06:04:00,"""https://scontent.fmnl5-1.fna.fbcdn.net/v/t1.0-9/90819825_10157072914833148_8384256618308567040_n.jpg?_nc_cat=105&_nc_sid=8024bb&_nc_ohc=QCYoAay-ZJQAX8OmnAY&_nc_ht=scontent.fmnl5-1.fna&oh=c9e9b64edb1471486b1d7f8e03f48050&oe=5EB99D80""","{'Total': '432', 'Like': '329', 'Love': '103'}","{'Hannah Santos': {'text': 'Thank you and stay safe ‚ô•Ô∏èSending our prayers üôè', 'post_date': '1585289357'}, 'Veluz Niel': {'text': 'thank you to our selfless heroes, frontliners who keeps everything going for those whose staying home! Salute!', 'post_date': '1585358687'}, 'Rosalind Villamor': {'text': 'Thank u and stay safe ..God bless', 'post_date': '1585302838'}, 'Zeny Babas': {'text': 'Jesus...Josephn and Mary...always protect the from harm. Amen', 'post_date': '1585313610'}, 'Mis Vex Dom': {'text': 'Thank you and stay safe', 'post_date': '1585301594'}, 'Maryanne Seculles': {'text': 'Wala bang donate jan bigay Naman kahit isang kaban n bigas', 'post_date': '1585292135'}, 'Jhen C. Cruz': {'text': 'üôèüôèüôèüò∑üò∑üò∑', 'post_date': '1585293843'}, 'Yam Mercado Domael': {'text': 'AXA is a private insurance hindi po charity para hingian nyo nang donation.Sa mga nagsasabi nang naloko sila ni axa baka di mo naintindihan ang product insurance na kinuha mo.‚Ä¶See More', 'post_date': '1585302373'}, 'Roth Schneider': {'text': ""I thought life was so hard, But when I found out about binary, life became easy. Binary option trading is reliable when you invest with the right account manager like Mr Johnny Godfrey he's legit and reliable. I invested with him and got my withdrawal in just 7days. Mr Johnny Godfrey is 100% reliable. If you're interested you can contact him onhttps://www.facebook.com/Johnny.Godfrey.0"", 'post_date': '1585977210'}, 'Mitch L. Bingayan': {'text': 'Sa dami NG naloko nyo magdonate din kayo...kahit Yung hulog nlng namin mga nauto nyo itulong nyo nlng', 'post_date': '1585299333'}}",352
AXA.Philippines,Be on top of any situation and take note of these emergency hotlines.,https://web.facebook.com//AXA.Philippines/photos/a.10152010854733148/10157070027868148/?type=3&__xts__%5B0%5D=68.ARAyClCFc6r2wqqUYElA9wqlgZjaGfAdVoZNyzAKVC5ni32vDfGOuQO6Qa9LWwNWQI4SmdBS6oLLn5MN11kHkUMyBdaE4Eey-jSZT-jD0l20Pn7rxtuZKmOkxCht1_Nxj4S1cL_xSn2LKFbXqfnEZb8coVSfr6nPX0A8sBTaw8amBq1fRxjsKHtHdj7PlBKl3-t0e3v9e44RaCvcJszT1wjv_dBBNrVM_iI3bNlnlP6JPKrXFM2mxS9ifhAj2HKLLGw1GwT6w737r2Q1-fAVbvBPerQIJs8w5KFlACCUQiLD28pqOfm60S8HaxfoUCxpcV7DqkBk3altoJK_FPot&__tn__=-R,2020-03-26 11:31:12,"""https://scontent.fmnl5-1.fna.fbcdn.net/v/t1.0-9/91007079_10157070027873148_7290539648739180544_n.jpg?_nc_cat=104&_nc_sid=110474&_nc_ohc=9Ba6MCMU9HkAX8xW4yP&_nc_ht=scontent.fmnl5-1.fna&oh=362c3e53226919699e75f07c3e9424c7&oe=5EBB9C18""","{'Total': '228', 'Like': '202', 'Love': '26'}","{'Vinzen Leonardo Gonzales': {'text': 'how can i activate may axa card', 'post_date': '1585230158'}, 'Roth Schneider': {'text': ""I thought life was so hard, But when I found out about binary, life became easy. Binary option trading is reliable when you invest with the right account manager like Mr Johnny Godfrey he's legit and reliable. I invested with him and got my withdrawal in just 7days. Mr Johnny Godfrey is 100% reliable. If you're interested you can contact him onhttps://www.facebook.com/Johnny.Godfrey.0"", 'post_date': '1585977216'}}",212
AXA.Philippines,"On March 11, the World Health Organization declared the COVID-19 disease a global pandemic, having reached over 100 countries.  We asked our investments team about the impact of this pandemic to the economy and what our clients can do during this period. For a more detailed discussion, contact your financial partner, or leave your questions in the comments section. Keep calm and stay safe!",https://web.facebook.com//AXA.Philippines/posts/10157069290858148?__xts__%5B0%5D=68.ARAIFj0P_U_o9BDmjuWtUtlb2GkUGNzP0z9sKU5MQtdYS1ClP3gKGcJ4wBfAYiP_wovmj0L-dZxFUC6URQsN2iwJA1MXtynGvot5lM3PFTPhzuagKAjX59qLKax07UB-Yz90B5saZ3K2V5d0rLW_iEs8B0a_j8mXYXeqMGu_nTUXeFSmqsDx1qHRBZHJerPYOmEwD5bqZLYyclX3k0fAjhSXFB_PSsH2rrebHBTVeK8ktYgOVDck4dN-Il7snvD4iRqNnPgEyQjp5iOhxqwdsuacFcmhDbmmGIFg4bLgcJdoE6lqI0610PrYLklv6Ckk_VkZcSk525Bq8hlI-q89&__tn__=-R,2020-03-26 05:00:00,"""https://scontent.fmnl5-1.fna.fbcdn.net/v/t1.0-0/p526x296/91096581_10157069289923148_3100665520957947904_o.jpg?_nc_cat=101&_nc_sid=8024bb&_nc_ohc=iOTauNiqwrAAX8tMh57&_nc_ht=scontent.fmnl5-1.fna&_nc_tp=6&oh=2eb09ee7515d9b8b5617165407df60da&oe=5EBC42CB""","{'Total': '321', 'Like': '264', 'Love': '53', 'Sad': '4'}","{'Jusal Empererado': {'text': 'AXA Philippines in covid-19 times your mobile app has been inaccessible. Then suddenly boom! My portfolio is almost gone! Please explain to us!', 'post_date': '1585436346'}, 'Cirus Jansen P. Jacela': {'text': 'It means professional managers are incompetent.', 'post_date': '1585489912'}, 'Rhecxie Teves': {'text': 'As long you will not declare bunkrupcy "" AXA""', 'post_date': '1585212727'}, 'Marydeth Borja': {'text': 'D naman po siguro mawawala un ininvest na peraüò•üò•', 'post_date': '1585207620'}, 'Winnie P Jose': {'text': 'Sana maayos prin mga ininvest nmn n pera', 'post_date': '1585218114'}, 'Ricky Suarez': {'text': ""Dear AXA,I just realized that I'm losing 440k from my investment! Since your myaxa was down for the past week, it's only now that I had access. During the stock free fall, you were too pre-occupied with the covid-19 neglecting your single-pay  invest‚Ä¶See More"", 'post_date': '1585483416'}, 'Roth Schneider': {'text': ""I thought life was so hard, But when I found out about binary, life became easy. Binary option trading is reliable when you invest with the right account manager like Mr Johnny Godfrey he's legit and reliable. I invested with him and got my withdrawal in just 7days. Mr Johnny Godfrey is 100% reliable. If you're interested you can contact him onhttps://www.facebook.com/Johnny.Godfrey.0"", 'post_date': '1585977225'}, 'Karen „Åã„Çå„Çì': {'text': 'Omg sana wag nman mawala mga pera namin.', 'post_date': '1585216307'}, 'Fernandez Perdiliza': {'text': 'Grabeeh ang ibingsak ng price üò¢üò¢hndi nman po mwawala bsta continue pa rin hulog natin kasi andun nman ung mga units natin sana lng bumalik s dating price', 'post_date': '1585215351'}, 'Perla Bautista Jaro': {'text': 'ano sana.sa dami.ng invest.maka totohanan.sa na gawin.ninyopara walang ma depress', 'post_date': '1585437176'}, 'Jonathan Boboy Castro': {'text': 'Lets hope di mangyayari. Pero just incase worst comes to worst...Handa na tayu sa mngyayari....Its all about Risk ...alam naman natin lahat ya', 'post_date': '1585216458'}, 'John Philip Rabe': {'text': 'Yes. I could not access your Mobile App. Invalid cridentials pop up when i check my account.', 'post_date': '1585459333'}}",352
AXA.Philippines,We received some questions about the 60-day grace period extension for select policies that we implemented last week.  Below you will find answers to the frequently asked questions. Stay safe!,https://web.facebook.com//AXA.Philippines/posts/10157066052198148?__xts__%5B0%5D=68.ARD-2bgEHu1FcYOvm7JGX5340Zsqtve_r4SaQkooLwqMG3rt6nmTIC1QdqeaWlabbr62PyqxJrUuopKyCnCkxdwW-7ELhaKYryqYZJnJX_NU0NjqD14fr2tJGuoqvxdWXwoZD5K66p998I-Vq2-kh9rKusfAQTIoe1CtJEwqKw4QUL793tZFqSSBxGkmwRzEFe2AApK95egfSpVICinjed90om4BDlnxBjvrNzpBzfW-qKJMYAwv88BDYf5fCyqKQGY6hSCeFXApmT5SgokPhOr_eNq903i-OSgkSuX7gWIzczSm60-AGntl6muHCJ8hcBRCAD-wjNkNmZJdlI-c&__tn__=-R,2020-03-25 11:00:00,"""https://scontent.fmnl5-1.fna.fbcdn.net/v/t1.0-0/p235x350/90611951_10157066191108148_8497344915393478656_o.png?_nc_cat=102&_nc_sid=8024bb&_nc_ohc=AsRmhR5mpZIAX_WuSjF&_nc_ht=scontent.fmnl5-1.fna&oh=d5dec678bca2085acc86c172df62b70c&oe=5EBB97F8""","{'Total': '126', 'Like': '119', 'Love': '6', 'Wow': '1'}","{'Julienne Cruz': {'text': 'I called your Customer Service Monday. You did ADA/auto debit on my account more than 1 WEEK before my due date. I called your customer care and clarified if this can be reversed; I was assured it‚Äôs on process and I should hear back within the week. To‚Ä¶See More', 'post_date': '1585201824'}, 'Sha Na': {'text': 'Nag email ako sa AXA kahapon requesting to avail 60 days grace period extension on my  credit card account. Agad naman nag reply sending the Official receipt dated March 16,2020üëèüëèüëè.', 'post_date': '1585217305'}, 'Clarence Ramirez Montemayor': {'text': 'May i request to avail 60 days grace period extention for my premium payment which is due this april.', 'post_date': '1586103609'}, 'Mary Tuliao': {'text': 'I sent you a private message', 'post_date': '1585393642'}, 'Kryts Ruben Bermundo': {'text': 'Gus luck s inyo. Sna hnd kayu matulad sakin... sakit manakawan ng 100k', 'post_date': '1585485476'}, 'Filipina Kanashiro': {'text': ""Ito ba Yong May utang sir ma'am"", 'post_date': '1585373843'}, 'Faith Taytay': {'text': 'They debited my account already then sent the extension text message 3 days after üòÖ so useless din üôÑ', 'post_date': '1585257992'}, 'Mia Mia': {'text': 'Too late, AXA did  ADA/Auto debit on my account also..This announcement is useless, if they are giving us 60days grace period the most, it must apply to all AXA insurance policy clients...No need to call, text or email you guys...You are just making things more complicated..', 'post_date': '1585206922'}, 'Roth Schneider': {'text': ""I thought life was so hard, But when I found out about binary, life became easy. Binary option trading is reliable when you invest with the right account manager like Mr Johnny Godfrey he's legit and reliable. I invested with him and got my withdrawal in just 7days. Mr Johnny Godfrey is 100% reliable. If you're interested you can contact him onhttps://www.facebook.com/Johnny.Godfrey.0"", 'post_date': '1585977232'}}",149
AXA.Philippines,Need to download AXA policy-related documents?.  Here‚Äôs a quick guide on how you can download the forms you may need for transactions related to your policy and that of your loved ones. Simply go to axa.com.ph/self-service to get started.,https://web.facebook.com//AXA.Philippines/posts/10157065944113148?__xts__%5B0%5D=68.ARASUd7venY_5dcd8jlyjdiBEFCoW-dKwV0BfbJpd4fsJpvnoqrf4ExqoZwI_0y09fscKIjT5vjHxEz0BO-SYgceb12cRPfIewoeki1cXumpi7uCXzt5jjVwoslEthSGPIywYKDU9ovcW3K1Cu_2CXjxUF5EHu6rgAv1ycFNTGRFmGr42plFH-748r-dj7zDwfWNIrKRpLfJAII0dpMy5Ly5kML8zLzPdRCMFsT6kqINJzVbq_M2ZTd4xgxfKYVYNgfXfS3D22py7ajOHc5TcM84Q1A3Ag5SSWxIQh8bba_1K9Hmr8-iowirIJ8jyrqfaMhWHSc4M5e2yFtQuJHP&__tn__=-R,2020-03-25 07:00:00,"""https://scontent.fmnl5-1.fna.fbcdn.net/v/t1.0-0/p235x350/90623355_10157065943218148_4816778356148142080_o.png?_nc_cat=104&_nc_sid=8024bb&_nc_ohc=FWOyi8tkYKoAX9S9eA4&_nc_ht=scontent.fmnl5-1.fna&oh=102a58cef9c8b708c8e35b80db987873&oe=5EBC347C""","{'Total': '163', 'Like': '158', 'Love': '5'}","{'Kryts Ruben Bermundo': {'text': 'Pm sent', 'post_date': '1585131011'}, 'Roth Schneider': {'text': ""I thought life was so hard, But when I found out about binary, life became easy. Binary option trading is reliable when you invest with the right account manager like Mr Johnny Godfrey he's legit and reliable. I invested with him and got my withdrawal in just 7days. Mr Johnny Godfrey is 100% reliable. If you're interested you can contact him onhttps://www.facebook.com/Johnny.Godfrey.0"", 'post_date': '1585977239'}}",100
AXA.Philippines,"Feeling unwell? AXA policyholders can consult medical doctors via phone call 24/7. Avail of this free teleconsultation service via MyPocketDoctor without leaving your home. For more information, reach out to your AXA financial advisor or click here: https://bit.ly/2U6bjdt",https://web.facebook.com//AXA.Philippines/photos/a.422772563147/10157059457688148/?type=3&__xts__%5B0%5D=68.ARAzzfNZ0D5_HuMDeEQg6bSswZBUgrZxtDMzvp61lx4TzmqDWcU2uad0_1bn3yzLt2wqlKVP_qkiZpKMdCzcGJTMA2kjx3OFVoYyQVcO4Y58siIm7Czb3Op351_xvW1g3bbZKZR4paHPfpvh8xFV4Uk5RbNU9Y8oUnBJwp2Wo2CCHbmOlPEGs3C2xCrBVwHhf6j3Erq_8pVUnpFQnbAnWEV8yakdjAk_I46G00hjI8GyIx0XhhA2nEd6ord9L30eU0m2uvROTxKyG0divfBbs7CqQwNiwX-C_0ScGX7VtiTEFX5CUbVMzP-NZCgIj1pWq2nFfOjsb-twvBIQ-KDO&__tn__=-R,2020-03-25 03:00:00,"""https://scontent.fmnl5-1.fna.fbcdn.net/v/t1.0-9/s1080x2048/90274649_10157059457698148_4786418469283299328_o.jpg?_nc_cat=107&_nc_sid=8024bb&_nc_ohc=NThxpEZt1GAAX-FHbeF&_nc_ht=scontent.fmnl5-1.fna&_nc_tp=7&oh=99f41f10ba945fb94587f3d9cc9ce99a&oe=5EBBE0FE""","{'Total': '123', 'Like': '96', 'Love': '27'}",{},191
AXA.Philippines,"Your health and safety is our utmost priority. To serve you better, we are sharing some of our products‚Äô policy coverage in relation to COVID-19. For any questions, you may reach us through the following: Hotline: (+632) 8 581-5292   (+63) 917 1709292 (Globe)...   (+63) 998 5889292 (Smart) Email: customer.service@axa.com.ph *Operating hours: 8:00AM ‚Äì 5:00PM, Monday ‚Äì Friday *Important note: mobile lines are exclusive for calls and not yet available for SMS.",https://web.facebook.com//AXA.Philippines/posts/10157062545913148?__xts__%5B0%5D=68.ARDqhywiVq6eHhAv4NGDJyG5B8CNZJVksB2Qzj-JcVrbOEsCkw21ZAqM-Bx1T5S1nDhIVC6EYHl2ShK_yQRWAAJQBeSpnHvlolNDM2mUV8RJpPJWMvVoLzam_rgaFPhghq9eAysi5B_DSzYDW0x2b31hf8uPuDR72pw3zrogvh8NVK1xVZS4f_b01j88biY-RzXVy7sChRxP8tSYS7er14APaWCPOgkoup5WwsbsmGTN7v1pwcsXD78ltr5NYtyJQY0fz_To3l8nxLH9HPnI12Ki3XSBY5f6WxZ_2sJTnQr17vRPY6ilnE75CCfhKdU-618oCCzxc7qwPGV9RNg2&__tn__=-R,2020-03-24 05:34:01,"""https://scontent.fmnl5-1.fna.fbcdn.net/v/t1.0-0/p235x350/90145479_10157062544418148_4760638074117947392_o.png?_nc_cat=104&_nc_sid=8024bb&_nc_ohc=2s0zn3wn-woAX8M70t4&_nc_ht=scontent.fmnl5-1.fna&oh=e5b454587ea622953e59e73fe16a8e46&oe=5EBA45D9""","{'Total': '168', 'Like': '135', 'Love': '31', 'Wow': '2'}","{'Jkflightwithus TravelandTours': {'text': 'How', 'post_date': '1585137610'}, 'Kryts Ruben Bermundo': {'text': 'Pm sent', 'post_date': '1585030308'}}",281
AXA.Philippines,"The NBA season has been suspended indefinitely. With this, AXA Philippines is likewise suspending the What‚Äôs Your Game Plan promo until further notice. Thank you for your understanding.  Visit the full Terms and Conditions here: https://bit.ly/2Ur1R3j",https://web.facebook.com//AXA.Philippines/photos/a.422772563147/10157048421268148/?type=3&__xts__%5B0%5D=68.ARDJrR_9bvhz8lUyCfGB9v2WteLfW3LpwPbxJMxaT53itaE9VdWlSwO6Y7qJWkZZ17dSgImxN9k4IvA3zoSYhMt5JYF0mLP6cjgvofQR21ivMplV7-qhoBsWF-e4F4YU12kEYcshXh0IIiWL-3f-RlcPXb5PzITYPKhIAm8wyM9NQZjbOSMosGxyo9nAO5vfK2e84_-m5M8jbEXo72NVwM_3h_BoxWTOYJurikLTPTQT911Nmdt0UaCfcm5QUA_J6j-46RHxD6zcwnuJX6g_TNP_1paw1ZtJfdKuhHgDocXYJdT6DHuNEP1daxC-XvcDEOJGkN8JLRivJmA08to7&__tn__=-R,2020-03-20 11:00:00,"""https://scontent.fmnl5-1.fna.fbcdn.net/v/t1.0-9/s1080x2048/90059997_10157048421273148_3102732121781829632_o.jpg?_nc_cat=105&_nc_sid=8024bb&_nc_ohc=wV9KE2uDP58AX-hUN3Z&_nc_ht=scontent.fmnl5-1.fna&_nc_tp=7&oh=20736920632aa45c6685693804f718b8&oe=5EBB764B""","{'Total': '61', 'Like': '49', 'Sad': '8', 'Love': '3'}",{},21
AXA.Philippines,"Need to consult a doctor? You don‚Äôt have to head out. AXA health insurance policyholders can avail of free 24/7 teleconsultation by simply downloading the MyPocketDoctor app. For more information, reach out to your AXA financial advisor or click here: https://bit.ly/2U6bjdt",https://web.facebook.com//AXA.Philippines/photos/a.10152010854733148/10157048517848148/?type=3&__xts__%5B0%5D=68.ARBtMVMhPKMK9COtwqoT8cp_d2fo5m3tR7RiF6pYCaQbo1P01m4zJcxdx5_iZHjqaCIEM_RsrOXqOilh-p3Of3Dwz7ikhTxuPj4_5ciow4pVKZt8ptiaT-6GCwk3RORaBGQp3xlA0OvFFNnyBJC4BSk88aw8XJVIDvwxXpjntXKDNMv_GVpyR-SZJCV4nsq7ZGi06W9EOv75AbN8v21DQr1_8ra9b2vZWZ_Yf-uCXG9eJ5ArV_A6jSktuJAYPVR6rtLJaTTvSyD2cjfZzOBqwP5w6zeY0AsYPaykXAF55ErWGUcLU_oGT4EYxkZc5YE6tkOhO0fuGHucE_O1eb2O&__tn__=-R,2020-03-20 09:40:49,"""https://scontent.fmnl5-1.fna.fbcdn.net/v/t1.0-9/89828036_10157048517858148_5310744430351745024_n.jpg?_nc_cat=108&_nc_sid=110474&_nc_ohc=-Vkr6m2y5wUAX92BIoJ&_nc_ht=scontent.fmnl5-1.fna&oh=9d2ec6b078cccf37a01173c56b014cce&oe=5EBB320C""","{'Total': '121', 'Like': '87', 'Love': '30', 'Wow': '3'}","{'‰∏≠Â≥∂ÂõΩÂ∫É': {'text': 'Its been 2 weeks and i still cant access my account online If there is problem You should inform us as soon as possible or Do something about it Are you trying to prevent the investors to see the current account value that we have left I am not being insensitive and I know that there is much more important things than this matter but it is our right to see what the hell is happening to our investment', 'post_date': '1584972582'}, 'Winnie P Jose': {'text': 'Thank for the badge', 'post_date': '1584886877'}, 'Jaypee Lorin': {'text': 'üòä', 'post_date': '1584935954'}, 'Joey Garcia': {'text': 'üôÇüôÇüôÇ', 'post_date': '1584787110'}}",200
AXA.Philippines,"AXA Philippines, the insurance affiliate of GT group of companies, is one with Metrobank and GT Capital Holdings Group in supporting all Filipinos in these challenging times.",https://web.facebook.com//AXA.Philippines/posts/10157045081298148?__xts__%5B0%5D=68.ARDVbgVtgpbYON6JyL3oFizjqH5YiYapLq0u7MPA9D8grXm_NX5e1AbAbF7Eto25bFjT9G4j8x2N6DRDXQ39VjuZX95-WZoZ7DoD3ADyUjPDKFXZ-QpP7weZYIKtG3oW58Z_rDBnPwhcKz2yv4jjBvUdi3eooYKvI29sk6o0K-KFwOfTO423P_85MFt-R8KZy-tiMblvSE6l4_P5h2CK69q0ShRFAcvTHA98sydMIqW3yElIFKv_2J0yudYsiuW8mcu3UEQV3o2i_MNJKv2jfOqtTkJCKj5195qo-khNd_iAw0doBg6e3wDOQcKyLc8w_p4YxdJPcntEK44wF4x9ngj-KndBHZFA8sc5adhBQh5_HAsP280OrGXXx8H4FTImT59-UVKQpoCmAclGQH02opfZx3zlrue8mDH3xHaJmLZMHlchhDLHcOiIbDOtFUbbTH3Uj1X9JITaHO0zna3M3uGLirNYO7aWcam2-nVrBij1iccY&__tn__=-R,2020-03-19 09:59:16,"""https://scontent.fmnl5-1.fna.fbcdn.net/v/t1.0-9/s1080x2048/90440799_3106209506065506_2958823173740560384_o.jpg?_nc_cat=110&_nc_sid=8024bb&_nc_ohc=hsbFRVdwOa4AX-fi7q7&_nc_ht=scontent.fmnl5-1.fna&_nc_tp=7&oh=a9ab8249650b38783d73d73072bff0db&oe=5EBA4EAC""","{'Total': '666', 'Like': '491', 'Love': '153', 'Wow': '21'}","{'Isagani Manuel': {'text': 'I want to withdraw my insurance from AXA can I', 'post_date': '1584681548'}, 'Mark Flores Salcedo': {'text': 'Thank you. Any covid-related coverage can we expect from our HealthMax? Please email/reassure your clients like what Sunlife does.', 'post_date': '1584613913'}, 'Marilyn Gantala': {'text': 'Yah', 'post_date': '1584615598'}, 'Cora V. Ines': {'text': 'Just make sure our investment are intact', 'post_date': '1584612704'}, 'Jamaica Alay-ay': {'text': 'Keep safe investment too', 'post_date': '1584621511'}, 'Nerisa H. Cabantog': {'text': 'Phil stocks plunged down to 13‚ÑÖ üòî so at least life insured, set aside the investment n nkpasok sa market po muna tayo. I got 2üôè', 'post_date': '1584671100'}, 'Raquel Lansangan Jensen': {'text': 'My sister is axa member pls help to get money', 'post_date': '1584879428'}, 'Ruth Tierra Noscal': {'text': 'May payment po ba sa axa ngaung march 23', 'post_date': '1584614630'}, 'Mia Mi': {'text': 'ano ba yan axa mali naman yung instruction samin  ng Advisor   ,ang ending di tuloy nag reflect ung bayad namin', 'post_date': '1584613181'}, 'Adiemar Gonzales': {'text': 'Tnx MetroBank...', 'post_date': '1584613426'}, 'Larrie G. David': {'text': 'Ceasar Ferriol  You are in Good Hands with MetrobankSalamat sa inyo.', 'post_date': '1584873654'}, 'Sonia Yongco': {'text': 'Thank you Axa', 'post_date': '1584618417'}, 'Erwin Nunez': {'text': ""Let's see."", 'post_date': '1584615437'}, 'May Ya': {'text': 'Wow', 'post_date': '1584621399'}, 'Alma R. Macua': {'text': 'hello po mam lapit na din po ako mag 5years paano po sya mawidraw po salamat po', 'post_date': '1585189864'}, 'Heroine Brylle Jacob Campos': {'text': 'Gud am mam/Sir ask ko po sana if may extend po pag hindi ako makabayad ngaun month nato.', 'post_date': '1586747934'}, 'Connie Reclusado': {'text': 'Sobrang bagsak na nga,hirap pang maaccess ang web nila.Axa emma is not friendly user sa ifon6. Di madownload', 'post_date': '1584697019'}}",318
AXA.Philippines,"In these challenging times, your health and safety is our utmost priority. For your convenience, here's how you can file for claims online. Stay safe!",https://web.facebook.com//AXA.Philippines/posts/10157044782388148?__xts__%5B0%5D=68.ARCFlubdloq6qa8AvPUkX8kVPRzfz2KfGQWt6vmUBuNQnGQ2MN_WaOdIFfvq21EDRrg_sPRblp7FSCNWS-M7fSJLKArOT_F2QGkqRM_SLWtFCoTLqC7KsvFfDb_alo2nZcfpgs0xlGPSDJyM0UbaL-XNDwWT8lfKaJarGSNMXWU_NGhnH_E7-alvoIw4k6rHwickw07KkH5_alraRVlQ2CJld-g8VS7XsKCAiYYf4DBmURSCB_iAXEfMH-8eVU6TdLKv-UKcSTBDDUZedto62hYsbBsGHH1IEN4F54u2AAFKBXj_8weQiuo41EZJ4W2pA7QIBC-5UdVOtPNESUpG&__tn__=-R,2020-03-19 07:00:44,,"{'Total': '194', 'Like': '170', 'Love': '23', 'Angry': '1'}","{'‰∏≠Â≥∂ÂõΩÂ∫É': {'text': 'Its been 2 weeks and i still cant access my account online If there is problem You should inform us as soon as possible or Do something about it Are you trying to prevent the investors to see the current account value that we have left I am not being insensitive and I know that there is much more important things than this matter but it is our right to see what the hell is happening to our investment', 'post_date': '1584972599'}, 'Martina Quetua': {'text': ""Good day,,my car insurance will expire on the 25th of this month,,is it  possible if i can't renew my car insurance PS BANK will automatically deduct my maitaining balance? Please take a look at my concern,,thank you"", 'post_date': '1584623270'}}",193
AXA.Philippines,"In these challenging times, your health and safety is our utmost priority. For your convenience, here's how you can file for claims online. Stay safe!",https://web.facebook.com//AXA.Philippines/posts/10157041992713148?__xts__%5B0%5D=68.ARAGs3-DpF0Ehg77rabUEKLnMHWVtY26tKuN9iN8CkKMnuWfXVprmU_lQ2XSJcBkoTPpLL_pJhGb4QRofYDhJ3puQ1yq2phhhGArIw04EmPzZG8UuRv8I6-artUIJYLVPhdEtn_yKMTQvGSAEAFahAa0qr8k9POahJcHFUWSJr68OnT5oIzVl1366iVtxvc8baFms5pTZWhkU_dKHalnmYFaNXtZKVQOIdiETC3EXeg0jdYu6bZkxz_r499-VI0V0WNFDGRMfWD9KZcuWTzx68QG1IeV9gr1zKhdZ-K5xpV3IdML-cuF6j5KDs8bnAprkikKMJGPQYmoyxAIlkC6blO8kmhhZKmCmlrAav2VALIuKidX1n9z2qtwAVDm0Vp399JHI64pL_Ka0tybLtU9BGS3ClZu_gxaCyU0J2RUsGFaIHx9KjuCag_xsatYT3vqJGvRsag&__tn__=-R,2020-03-18 11:58:41,"""https://scontent.fmnl5-1.fna.fbcdn.net/v/t1.0-0/p526x296/84132359_10157041992868148_6057502177834827776_o.png?_nc_cat=100&_nc_sid=e007fa&_nc_ohc=IC-bdwB3e1MAX9hJg4h&_nc_ht=scontent.fmnl5-1.fna&oh=7b7aae76981bc96955a12ccb0d40bc3a&oe=5EB9542F""","{'Total': '15', 'Like': '13', 'Love': '2'}","{'‰∏≠Â≥∂ÂõΩÂ∫É': {'text': 'Its been 2 weeks and i still cant access my account online If there is problem You should inform us as soon as possible or Do something about it Are you trying to prevent the investors to see the current account value that we have left I am not being insensitive and I know that there is much more important things than this matter but it is our right to see what the hell is happening to our investment', 'post_date': '1584972608'}, 'Joy Marie Morales Sambot': {'text': 'bkt hindi open', 'post_date': '1585903852'}}",6
AXA.Philippines,"With the government's declaration of enhanced community quarantine, we are implementing some measures to make things easier for our customers in this challenging time. We assure you that we are doing everything we can to service your needs. Stay safe!",https://web.facebook.com//AXA.Philippines/posts/10157041514438148?__xts__%5B0%5D=68.ARD6VZ24VQXV0FJcMWnMUXi3jLloxD7oqWehaWIpY2ok-o28Vr186iPEMtflXOoz-KyAccjogPFsO1D1pV8_I9mRYbZBCxQB0laVBe5J5jKnFughS5_ruSSEgHfvEXJqtWp_Y6tQiHzA7FbUQyrv6fKHRqqF6W2AL6-fmK2QU3_5Y2fR4LCSoaBBxPnLpejzN6hw3dI-03EFNUSwWDW_pQ_n_8ExN4Xe-PcNcMJ2RZribNlvpURYu5WAal8Nf4FiyuqJe_hursFF5zLkuQozM0mcggoq22SiBMpPePs9OkBtZvDmM3lmgw3PbDJ5BwuhJ0uiK-yKRzz_Wp-_gL7R&__tn__=-R,2020-03-18 09:00:53,"""https://scontent.fmnl5-1.fna.fbcdn.net/v/t1.0-0/p526x296/90612230_10157041513348148_1341625179133968384_o.png?_nc_cat=109&_nc_sid=8024bb&_nc_ohc=8LJGqwjKQOcAX_CuIlF&_nc_ht=scontent.fmnl5-1.fna&oh=5023b73ccd14e9b8c104595c874f68f1&oe=5EBB9D14""","{'Total': '615', 'Like': '489', 'Love': '122', 'Wow': '3'}","{'Cee Valdes Velasco': {'text': ""I have 2 policies with AXA. But my other policy never shows on your website whenever I check my account. It is under ADA every month and you never fail to deduct. I haven't even got an electronic policy. Kindly assist me with this."", 'post_date': '1584867517'}, 'Randy Boots': {'text': 'Nka auto debit arrangement ako. Why was my account debited I thought you are extending?', 'image': 'https://scontent.fmnl5-1.fna.fbcdn.net/v/t1.0-0/p526x296/90907083_552675062025306_6853295141734580224_n.jpg?_nc_cat=107&_nc_sid=dbeb18&_nc_ohc=LuyjNcc09xIAX-oeB8j&_nc_ht=scontent.fmnl5-1.fna&_nc_tp=6&oh=4d6021da82160741b4ddc15c741400ea&oe=5EBA390F', 'post_date': '1584843363'}, 'Ash DS DL': {'text': 'Hi AXA Philippines! Kindly let us know WHY WE CANNOT ACCESS our MYAXA APP & EMMA by AXA App.', 'post_date': '1584942773'}, 'Thea Mappala': {'text': 'I hope you can help me, I tried resetting my password to check my current fund value. But I kept on receiving the same email, I am already registered to MyAXA. I just want to reset my password. Also, I have a question regarding premium payments. Also, the guy who sold me the insurance has left the company and his supervisor too. I hope somebody can reach out to me the soonest.', 'image': 'https://scontent.fmnl5-1.fna.fbcdn.net/v/t1.0-0/p417x417/90136805_2785762634792071_572369426586796032_n.jpg?_nc_cat=100&_nc_sid=dbeb18&_nc_ohc=9qspKEpDPTEAX-Apcs_&_nc_ht=scontent.fmnl5-1.fna&_nc_tp=6&oh=0e69072386f753ded38f4b3262db35bc&oe=5EB93D35', 'post_date': '1584858607'}, 'Mae Lonzaga': {'text': 'Bakit po hindi ako maka pag log in account ko online? Nagtry po ako ng to change password pero ito ung email hindi ung reset ng password na link.. Anong nangyari po?', 'image': 'https://scontent.fmnl5-1.fna.fbcdn.net/v/t1.0-0/p240x240/90201923_2738959729473567_2389286467064037376_o.jpg?_nc_cat=100&_nc_sid=dbeb18&_nc_ohc=MC_6x4kHCSgAX-GLbiL&_nc_ht=scontent.fmnl5-1.fna&_nc_tp=6&oh=b7d6e4f69e1f5847693cba9abed6ac67&oe=5EBB16EE', 'post_date': '1584777772'}, 'Ruel Luchavez': {'text': 'What the hell AXA PH, its been months we cant access your portal! We cant verify the fund/policy status due to your system fault! Is this your tactics so we cant wdraw our funds during this time of chaos??????ü§¨ü§¨üò°üò°', 'image': 'https://scontent.fmnl5-1.fna.fbcdn.net/v/t1.0-0/p526x296/90922282_10222580906617325_537791538239897600_n.jpg?_nc_cat=110&_nc_sid=dbeb18&_nc_ohc=UCuaDCHlEu0AX_xdKgm&_nc_ht=scontent.fmnl5-1.fna&_nc_tp=6&oh=6254762c945175674f2c2d68d99bc642&oe=5EB9D490', 'post_date': '1585068547'}, 'Sharm Ganchua': {'text': 'This includes Global Health right?', 'post_date': '1584525400'}, 'Exzur D. Sanchez': {'text': 'Same problem to me di rin ako maka log in! This is terrible.', 'post_date': '1584837197'}, '‰∏≠Â≥∂ÂõΩÂ∫É': {'text': 'Its been 2 weeks and i still cant access my account online If there is problem You should inform us as soon as possible or Do something about it Are you trying to prevent the investors to see the current account value that we have left I am not being insensitive and I know that there is much more important things than this matter but it is our right to see what the hell is happening to our investment', 'post_date': '1584888601'}, 'Daye Malsi': {'text': ""I've been trying to access my policy online since feb22, this is the error i get until today. I was worried about my 6yr old policy since covid19 cases became scary. I was trying to access my policy online to check if it is safe to still continue but t‚Ä¶See More"", 'image': 'https://scontent.fmnl5-1.fna.fbcdn.net/v/t1.0-0/s526x296/90036946_2934115423312343_5840249108366884864_o.jpg?_nc_cat=104&_nc_sid=dbeb18&_nc_ohc=E5lXswMEEnAAX-1HkW7&_nc_ht=scontent.fmnl5-1.fna&_nc_tp=7&oh=634c7d7ce75708610bf0ad033060fb61&oe=5EBD1AEF', 'post_date': '1584687637'}, 'Lynette Lantion Sarmiento': {'text': 'Check nyo fund allocation nyo, unti unti nauubos better full widraw nyo na', 'post_date': '1585644498'}, 'Adiemar Gonzales': {'text': 'Thanks AXA Philippines', 'post_date': '1584592657'}, 'Jason D. Caande': {'text': 'Thank you AXA', 'post_date': '1584612736'}, 'Shiela Soriano': {'text': 'Auto Debit mode of payment hndi. Hmm. ü§≠üôÑ', 'post_date': '1584736076'}, 'Alma Dumangas': {'text': 'Last week 360k account value ko  today I check again 186k nlng acct value q üòû', 'post_date': '1585468062'}, 'Ermena Genese': {'text': 'Thanks AXA .', 'post_date': '1584685397'}, 'Pete Hermogenes': {'text': 'Maapektuhan ba ang invesment dahil dto sa covid19', 'post_date': '1584690208'}, 'Honey Lette': {'text': 'yakult 28 akoa... kung dli pa mka byad ana? meaning ani npa grace period?üòÅJojo Eran Sulatan', 'post_date': '1584541267'}, 'Fernandez Perdiliza': {'text': 'Ask ko Lang po ksali din ba ung mga policy holder na ofw?', 'post_date': '1584537201'}, 'Kryts Ruben Bermundo': {'text': 'Pls beware for dis insurance. Masasayang lng perang oinag hirapan nyo... pls....', 'post_date': '1584522641'}, 'Jf Salazar': {'text': 'Em Topacio Aplaon Michael Mar Claramo how do we ensure all UHs and advisors will forward this to their clients?', 'post_date': '1584535783'}, 'Jonel Ollano': {'text': 'Sayang.. di umabot', 'post_date': '1584525573'}, 'Abai Calvin Vander': {'text': 'Tanong ko lang po bat di po ako mka pag log in sa axa phil. Na site po. Na register ko naman po account ko at na verify. Tapos ngayon ayaw po ako mka pag log in.', 'post_date': '1584524047'}, 'Camille Bacerra': {'text': 'Hapit na raba 20 hahaha Lyre Espineli', 'post_date': '1584538984'}, 'Maryanne Seculles': {'text': 'Post KAYO Wala Naman sasagot dami tanong', 'post_date': '1584576348'}, 'Nikka De Guzman': {'text': 'Pag nka auto debit ang aga mag deduct, my due date sa Academix is every 28th of the month pero 21st palang ngayon nag deduct na agad. ü§®', 'post_date': '1584768277'}, 'C Chichiz Akoh': {'text': 'Lagi na lng we apologize,galing galing kumuha Ng pera(auto debit)Magpakaayos kayo AXA!', 'post_date': '1585115912'}, 'SmƒÅllvƒ´llƒô DeeƒÅyohƒôsƒôsƒÅ': {'text': 'AXA BAKIT INDI PO AKO MAKAPAG LOG IN SA ACCOUNT KO ONLINE??? ANYARE PO SA POLICY KO? PAKI EXPLAIN!!!', 'post_date': '1584725089'}}",734
AXA.Philippines,"All AXA policyholders can avail of Php 200 off on select at-home health care services from our health partner, AIDE. For more information, reach out to your AXA financial advisor or click here: http://bit.ly/38VwjaN",https://web.facebook.com//AXA.Philippines/photos/a.10152010854733148/10157048389478148/?type=3&__xts__%5B0%5D=68.ARA8L8YIbEJs4oWagrL03MRvjEliTHp5r_O4zjElnGrodp_XjQjfcHdVl_5XwCrVS0r0PpCtmgB7mcHRNGXzYYNGvrZHpNkRLXQcIzkFUGqa0miIq_hIu7wvBhrzDJi117Td-LKwD9Ynio2-GhL_6igWP3R4l9Nir1nnPZ2FOPwlM2p27gzQW2pEGMyOieVbRwyWgoioQcA-DuqvwwDJ-6HgX4Rr673TERaC9JyhYaxxsSPQxyaKjhpfJCp17XN8hQz3RDm1WzmOu1iYPx4RwXKYqX_5hZS_jWZ7tocRkX_h4U-ejX2QuFweUyD8HJqNH86JdR-l0GaFCSCZb_Yg&__tn__=-R,2020-03-18 05:53:23,"""https://scontent.fmnl5-1.fna.fbcdn.net/v/t1.0-9/90417579_10157048389483148_7786010481914806272_n.jpg?_nc_cat=101&_nc_sid=110474&_nc_ohc=w1OIvTPZDhgAX-PV4H5&_nc_ht=scontent.fmnl5-1.fna&oh=9be8cf134f2eef9aafd64114a2eb0e21&oe=5EBAE0AA""","{'Total': '90', 'Like': '75', 'Love': '15'}","{'‰∏≠Â≥∂ÂõΩÂ∫É': {'text': 'Its been 2 weeks and i still cant access my account online If there is problem You should inform us as soon as possible or Do something about it Are you trying to prevent the investors to see the current account value that we have left I am not being insensitive and I know that there is much more important things than this matter but it is our right to see what the hell is happening to our investment', 'post_date': '1584972614'}, 'Anabel Salcedo': {'text': 'Hi axa', 'post_date': '1584618201'}}",108
AXA.Philippines,"Beyond providing insurance solutions, the health and safety of our customers, our employees, and our partners are of the utmost priority.",https://web.facebook.com//AXA.Philippines/posts/10157038397928148?__xts__%5B0%5D=68.ARAiFMTlILa92AKEj5YPNSeHS6k2dr-kfEg6HhY1lhc1tx1_XwTNItjpJsvO7wQukT5WvB3KA6JDdrGuL5s4E9du3FN3Z8_8oTCCSaxWCkXbQPWL1L5chyxEpfnDSXJblhhGnYk_Ju7ZhL3-60XachaM33FvqRhahZv_DdxXuvoqlW9IyXJelzc2HptGqg9--EAfWw-fEkFbjxOThZh8tidnrU3F5-U8OJN91gXK5OLe5UyyadBG-bYGIfIQ5XuGQjT-WDpKRQD88qkbFsn81Ey-H75Oec_bOL8rUgnpX3m8KL-UZesUefxCmoGCyOovToW-0-LHTjmzCZjmrV3Q&__tn__=-R,2020-03-17 10:30:43,,"{'Total': '269', 'Like': '198', 'Love': '68', 'Wow': '3'}","{'Rose Anne Cortezano Payno': {'text': 'Thank you AXA Philippines!is it applicable as well for those auto debit policy holders?thank you', 'post_date': '1584445935'}, 'Joanne Reyes-Abrera': {'text': 'Hello AXA Philippines thank you for this but would just like to clarify please if this is also applicable to auto debit policy holders? thanks', 'post_date': '1584452916'}, 'Janice Advincula': {'text': 'How about savings and investment na naka auto debit', 'post_date': '1584523679'}, 'Shelley Vargas': {'text': 'Hi AXA, The enhanced community quarantine has been extended, will you also be extending the payment extension?', 'post_date': '1586454146'}, 'Mark Salcedo': {'text': 'Thank you, AXA!', 'post_date': '1584447839'}, 'Ynah Condes': {'text': 'Thank you AXA ‚ù§', 'post_date': '1584475309'}, 'John Paul Monteza Aquino': {'text': 'Thank you üòá', 'post_date': '1584451672'}, 'Yren Henry Inosanto': {'text': 'Ano na website nyo? Napaka bobo nmn ng devs and IT nyo almost a month ng sira websits nyo pati app.', 'post_date': '1584442512'}, 'Eddie Albert Bermudez': {'text': 'Sayang ang pagod nyo sa AXA..type victim of axa.', 'post_date': '1584509684'}, 'Chio Chen': {'text': 'Ang hirap maglog in ngaun sa app nio ilang araw ko n tinatry.', 'post_date': '1584489401'}}",338
AXA.Philippines,"MyAXA and Emma by AXA are currently inaccessible. We apologize for any inconvenience this may cause. If you need Rescue Line emergency assistance, here are the alternative numbers that you can contact: Ambulance: +63285815222... Police: +63285815201 Roadside: +63285815280 Fire: +63285815229 Please note that these are temporary hotline numbers while we are trying to fix the issue. Thank you for your understanding.",https://web.facebook.com//AXA.Philippines/photos/a.10152010854733148/10157029193578148/?type=3&__xts__%5B0%5D=68.ARB28EI-js8GBzxaJycQtQ4KMS59D5H7SvDODpQ48pYJStjhd4Gxj3-LBZxjFEeX3mNJwYU0T1o2JTgBh8cFpy0qmek1gv3HzKNAW295sIiPNWY-GGtGZLPHRN_PCi6Yrlg83-KYCoyUnKWG2LILSI5GBQGecMlB6RP8A3FWxyYsnY95ORQjWmksaDB8eNi21dZNSehY6kbgT2idvtB1OEpakxnDtoKo8WwEYeJJHxkGcdDzxKcrC_9Fnx42ESa6uYMNR-ZLwVrd73kQPDltLFdN49rnvikoQzMY2UFbARjtCdr6xAPqnlMXByAov7RJgzcsb57lDvivwpXNWwNd&__tn__=-R,2020-03-14 07:33:44,"""https://scontent.fmnl5-1.fna.fbcdn.net/v/t1.0-9/89495934_10157029193583148_5733133787940782080_n.jpg?_nc_cat=105&_nc_sid=110474&_nc_ohc=Kc7cRzePh1wAX_Xwv06&_nc_ht=scontent.fmnl5-1.fna&oh=bad5fa379b48c59c1a158bc817975b59&oe=5EBD1D0D""","{'Total': '250', 'Like': '231', 'Sad': '9', 'Love': '5'}","{'Sonny Uy': {'image': 'https://scontent.fmnl5-1.fna.fbcdn.net/v/t1.0-0/p350x350/90515835_2399579423477665_2643742118048169984_n.jpg?_nc_cat=109&_nc_sid=dbeb18&_nc_ohc=3iDWuv3QcysAX949CTi&_nc_ht=scontent.fmnl5-1.fna&_nc_tp=6&oh=2620b9d4b0c6a3bde6563cd39cff6456&oe=5EBCE20A', 'post_date': '1584436396'}, 'Cherry Estaciones': {'text': 'Yay thank you for this badge', 'post_date': '1584281598'}, 'Patrek V Onagut': {'text': 'same issue here. hindi ma access and website ng axa. ‚Ä¶See More', 'post_date': '1585154941'}, '‰∏≠Â≥∂ÂõΩÂ∫É': {'text': 'Its been 2 weeks and i still cant access my account online If there is problem You should inform us as soon as possible or Do something about it Are you trying to prevent the investors to see the current account value that we have left I am not being insensitive and I know that there is much more important things than this matter but it is our right to see what the hell is happening to our investment', 'post_date': '1584972621'}, 'Ylah Zepol': {'text': 'Until now I can‚Äôt access my account. Either I have to register my policy but when I do I have my account register already or password is not correct and i have to register my account again..it will go like this continuously since emma axa started.', 'post_date': '1584505319'}, 'Erna Pfaff': {'text': 'Until wen Po ?', 'post_date': '1584617605'}, 'Jane B. Engalla': {'text': 'Omg', 'post_date': '1584253618'}, 'Ron Macalipay': {'text': 'Hi AXA Philippines - Sunlife and Prulife already released statements about giving their clients an extensions for this months payments. No plans of doing the same?', 'post_date': '1584434361'}, 'Joel Hapitan': {'text': 'Until now? Please fix this app. Funny axa poor customer service. I cant track the units!', 'post_date': '1584194314'}, 'Ge Manzano': {'text': 'Pakiexplain nga po eto? Hindi ko po kilala Yan pero gamit Ang phone no. Ko!', 'image': 'https://scontent.fmnl5-1.fna.fbcdn.net/v/t1.0-0/p200x200/91112027_2335519763412601_6780737497539280896_o.jpg?_nc_cat=106&_nc_sid=dbeb18&_nc_ohc=8QaOQHkjT_wAX8LwWf-&_nc_ht=scontent.fmnl5-1.fna&_nc_tp=6&oh=36543a0a530c69ca5ead3edb0cb2b1c4&oe=5EB9EAE2', 'post_date': '1585610384'}, 'Orrab Cire Nob': {'text': ""Experiencing the same problem sa accnt ko. App says my login incorrect when I'm sure it is. When I try to reset my password it wants me to create a new accnt instead."", 'post_date': '1584508411'}, 'Liezel P Ramos': {'text': '5yrs akong nagbayad! Sumobra pa sa face amount ko!bakit kulang nalang simutin nyo?anong balak nyo axa?pinagpagurang investment yan hndi para lamunin at nakawin lang ng ganyan', 'post_date': '1584264747'}, 'Sammy Lim': {'text': 'F_ _ k you !!! in times like this you are no where tobe found. üñï', 'post_date': '1584626808'}, 'Rey Gimban': {'text': 'May issue ba sila naku naku huwag naman sana kakarampot na nga lang pera mo mawala pa', 'post_date': '1584179444'}, 'Lyn Virtudazo': {'text': 'Kaya pala dili nako manopen.ok', 'post_date': '1584180210'}, 'Bernados Jay': {'text': 'till now ba wala prn? ... d ko ma monitor ung invesment nmin ... ..', 'post_date': '1584420700'}, 'Yren Henry Inosanto': {'text': 'Ano na axa. 1 month nyo nbang inaayos yang pestebg website and apps nyo? Bka mgulat nlng kme wla na investment nmin since di kme mka monitor', 'post_date': '1584325418'}, 'Kryts Ruben Bermundo': {'text': 'pls,,,,, do action for  concern,,,, nawalan po akong 100k,, nawala parang bula,,, baka pede nyo maayus yung concern ko,, pls', 'post_date': '1584173399'}, 'Mylene Monteza': {'text': 'Until when?', 'post_date': '1584386933'}, 'Cindy Rose Rosaria Bautista': {'text': ""Christine Alcantara Eclipse Here's the official announcement"", 'post_date': '1584171809'}, 'Mitch L. Bingayan': {'text': 'Naku kadismaya Ang axa iba Ang paliwanag  para ma enganyo ka nila pag napasubo kana dun mo na mkita Ang puro negative!charge !negative', 'post_date': '1584191584'}, 'Kaycee Cabarlo': {'text': 'what happen po? bakit manloloko ang axa?', 'post_date': '1584177491'}, 'Lhency San Agustin Penaflor': {'text': 'Jason Jr Penaflor read!', 'post_date': '1584281315'}, 'Daye Malsi': {'text': ""I've been trying to access my policy online since feb22, this is the error i get until today. I was worried about my 6yr old policy since covid19 cases became scary. I was trying to access my policy online to check if it is safe to still continue but t‚Ä¶See More"", 'post_date': '1584688631'}, 'Rexy Del Rosario Pangilinan': {'text': 'Nakakadismaya talaga ang axa 5yrs kong hinulugan 5000monthy..ung capital na 300thou,ngaun 181thou nlng nakakadismaya..tapos iaadvice nio w8 lng tataas din uli..mag six yrs nko ni minsan d nadagdagan yan at laki ng nawala?paki explain nga po!!!', 'post_date': '1584201358'}, 'Summer Beige': {'text': 'Last time i  checked, bumaba ang account value ng malaki. That was 3 days ago. Kaya siguro nila dinisable muna kasi baka magpanic mga clients. Magwithdraw lahat.', 'post_date': '1584254889'}, 'Marie Degay Habon Wagsayen': {'text': 'Naku po sana whug naman sana kc dalawa kmi mag asawa  nag invest jan 78k yearly ang asawa ko at 3k monthly sa akin..', 'post_date': '1584199786'}}",78
AXA.Philippines,,https://web.facebook.com//AXA.Philippines/photos/a.10150576179563148/10156708003253148/?type=3&__xts__%5B0%5D=68.ARBIFcHXZJ35qRmga3TORGYvlcVqBt1jdhtTJLhRtPu783lvVMhGPHcvaPLlxkTZcL1VnR2Eh_-R39rtmzji1uV9E4kLy3JFJffEx1X6uZdcvFajKwZDtqREGawBKdChq2Dx9Fowu85kp-wFi4PQ3jAeLlvYUNszok8oZYpsrCpOWKg5ms1XKczGRRIUwTSktuWLxCNyJkw4f0xcQIKjpHlgQfQpbel1KC-g3XDlHv-f7AYCx6ogj49R_KI6bpCSoCph0M-RiS-gWV-kfOsjxHRDvnO7YzY&__tn__=-R,2020-03-14 03:33:15,"""https://scontent.fmnl5-1.fna.fbcdn.net/v/t1.0-9/74493645_10156708003258148_441169823645302784_n.png?_nc_cat=101&_nc_sid=dd9801&_nc_ohc=pSnlCT5v024AX_NsN-F&_nc_ht=scontent.fmnl5-1.fna&oh=065942182e061122d4b909e6b8a95573&oe=5EBB87C0""","{'Total': '274', 'Like': '223', 'Love': '50', 'Wow': '1'}","{'Cir Baj': {'text': 'I have 2 policies that i cancel or withdraw online. Customer Support no longer contacted me. And Now I can no longer access my account.Kindly contact me please. thank you.', 'post_date': '1584371047'}}",56
AXA.Philippines,"With the increasing number of reported COVID-19 cases in the country, remember to remain calm and vigilant. Look out for symptoms of infection and immediately get checked if you experience any of these.",https://web.facebook.com//AXA.Philippines/photos/a.10152010854733148/10157023852648148/?type=3&__xts__%5B0%5D=68.ARC9lFASIrCMsmSmdgcQgrvpGmKY1NkuN61My5hfsj7Oz7n9aFsHYYL9PIpTeGpHvsq3hqGYC0z2Nf4Za46anCUyXT8OFLg4viVBdUGbPpUmtg_ZcoAi2U8jjQB35gWrViy6xU1kYxgTz9zm55cne5uX_HFhnU0AN0jTIoxWMJrmX2MrZUYABS6aNG18117YgswhJ0fajzAngjFGGn9zrYvMiq1mdGk7SINp2EYcQBcjolDkXesF8rFqIWaBTZ83FXBz9Bs9I8Gy3v50tMfpBkCqn_JgaS4Y1wXVaJg70bvSPy_mhfJff7skO9cTqPbw0Ps29PVtKjmG2GgW8YvK&__tn__=-R,2020-03-12 11:32:41,"""https://scontent.fmnl5-1.fna.fbcdn.net/v/t1.0-9/89435958_10157023852653148_3196604507551170560_n.jpg?_nc_cat=104&_nc_sid=110474&_nc_ohc=XI4ja4Jq3-UAX8iIWF7&_nc_ht=scontent.fmnl5-1.fna&oh=0550f8211d8857bc328b6bc81883b724&oe=5EBAEBB7""","{'Total': '4.3K', 'Like': '4.1K', 'Love': '191', 'Wow': '13'}","{'Ivan Noo': {'text': ""I don't usually like to make a complaint, but one of your staff is proving very unprofessional. She never responds to emails or to any phone calls."", 'post_date': '1584070093'}, 'Arvin Balageo': {'text': 'One of your major competitors just extended a grace period whose due dates fall within the month of February to March. Will AXA all follow the same?', 'post_date': '1584431192'}, 'Moon Chaser': {'text': 'how about csr central serous retinopathy?  is there a claim for this, any benefits', 'post_date': '1585526760'}, 'Rj Garduque': {'text': 'Wala man lng ba delay payment muna for a month, knowing how bad the situation is in our country right now. Parang tutulong lang if may sakit na ah.', 'post_date': '1584367301'}, 'Mark Michael Palazo': {'text': 'Hello, is it wise to partially withdraw the account values of my policies? Biglaang bagsak naman na po mga account values po:(', 'post_date': '1584021230'}, 'Muhammad Yusuf': {'text': 'Khpon pq D makapag Log in...', 'image': 'https://scontent.fmnl5-1.fna.fbcdn.net/v/t1.0-0/p200x200/89769135_10222095418082401_162119759700164608_n.jpg?_nc_cat=101&_nc_sid=dbeb18&_nc_ohc=ZJBqT50DPRIAX9ZuIK-&_nc_ht=scontent.fmnl5-1.fna&_nc_tp=6&oh=be95c3846f863a4319b47689e70bb981&oe=5EB94496', 'post_date': '1584178585'}, 'Eleese De Quen': {'text': 'Oh my God! I am a recipient of AXA how about if I have the same complaints in the future.', 'post_date': '1584330401'}, 'Lanessa Cago': {'text': 'Sent claim request on Monday 3/9. One week after still no replies. AND you charged my card twice for a single transaction üôÑüôÑ', 'post_date': '1584245702'}, 'Joel Hapitan': {'text': 'Useless customer service.. emma is not working.. where can i file a complain. Funny Axa', 'post_date': '1584168295'}, 'Jan F. Malaya': {'image': 'https://scontent.fmnl5-1.fna.fbcdn.net/v/t1.0-0/p480x480/90356643_515085206107440_3229824821160312832_n.jpg?_nc_cat=102&_nc_sid=dbeb18&_nc_ohc=-7Jejxy6C-oAX8e7fkC&_nc_ht=scontent.fmnl5-1.fna&_nc_tp=6&oh=447fd761f9a3b93842381da1cdd53f5d&oe=5EB9C28B', 'post_date': '1584435394'}, 'Jane B. Engalla': {'text': 'Axa ano na sira pa din app nyo!!!! Baka pag naayos yan ubos na pera nmin', 'post_date': '1584338487'}, 'Nicole Santiago': {'text': 'How will i know if i am entitled?', 'post_date': '1584360059'}, 'Michelle Paunlagui': {'text': 'Is ncob covered by term insurance plan with critical (care) illiness rider?', 'post_date': '1584395355'}, 'Ivan France': {'text': 'Covered din ba siya ni Life basix?', 'post_date': '1584013036'}, 'Kel Custodio': {'text': 'Any issues filing claims related to Covid, specifically for US travels?', 'post_date': '1584325538'}, 'Rhea Ann DG': {'text': 'Sana my pa PAYMENT EXTENSION din po kayo.', 'post_date': '1584354387'}, 'Camille Abias De Leon': {'text': 'May grace period po si Axa.', 'post_date': '1584430944'}, 'Grace Celones Tablan': {'text': 'What if asymptomatic???üòîüòîüòî', 'post_date': '1584803681'}, 'Ivan Tot': {'text': 'Paki explain in tagalog madam. üòÖ‚úåÔ∏è', 'post_date': '1584281905'}, 'Mayjune Gelasan Destriza': {'text': 'Gudeve. Tanong lng, kasam din ba dito ang heath start family?', 'post_date': '1584016509'}, 'Romelyn Lecciones Potayre': {'text': 'Pwede bang magpalit ng financial adviser? Wla na kasi akong tiwala sa  financial adviser ko!!', 'post_date': '1584016678'}, 'Albert Panganiban': {'text': 'Pre dala Kuna de', 'post_date': '1584022189'}, 'Chummy Arquiza Mangabang': {'text': 'Ptp thanks', 'post_date': '1584016961'}, 'CJ LG': {'text': '#BusinessContinuityManagement', 'post_date': '1584012945'}, 'Maricel Sandoy': {'text': 'Kasama ba yung my shield rider?', 'post_date': '1584153391'}, 'Catherine Factoran': {'text': 'Hi Cleto, what does this mean?', 'post_date': '1584021497'}, 'Chan Chan': {'text': 'Gi ask ko lang kung pwede i delay yung hulog muna for next month ? Wala kasi kami work nowüòû', 'post_date': '1584517421'}, 'Jovz Orpilla-Yanga Boado': {'text': 'Wala man lng ba delay payment muna for a month, knowing how bad the situation is in our country right now. Parang tutulong lang if may sakit na ah.', 'post_date': '1584373860'}, 'Rich Martinez': {'text': 'Baka pwede naman muna payment holiday? At least for this month?', 'post_date': '1584406174'}}",892
AXA.Philippines,"Find out what inspires the longest-serving member of the Reds, Forward - Ashley Hodson, to keep playing. #KnowYouCan #LFC #MadeInLiverpool",https://web.facebook.com//AXA.Philippines/videos/2560974544114409/?__xts__%5B0%5D=68.ARBh4jqJElhwvlggF-6HngpmLQ4-SJ93TrD5eTRUVeE11K7GMJ5a6JFatg5XSLbd6ygteD5Z6Cm8YqwOJAV0BP_aqveJfaaSDuGjC_eZVhsk3uCc2vfaTW_2vaXehCzkTLeB44dj3aGDIrczIZ9Mjrv0q7apL8w-VoPbL8SY6RGYhGEGXEPG-YpUZ0qUlCJPpkDQxPOCRX3oFtPm38A5JghVrc591xkj0gkToYGp5Ki16GmMHvB7uVYqlGxDtI33YEg_MazdDUozDbeFHNMtP-jzCuY7mt4mxFOsgU87Rx2ekz6TLl-GJNUZfeNgauPpMLZTCa_rOWwsCrL0OrzpGuUgWurke0bb&__tn__=-R,2020-03-12 06:00:00,,"{'Total': '79', 'Like': '71', 'Love': '8'}",{},59
AXA.Philippines,"In AXA, we are committed to promoting women empowerment in the workplace, with programs that help advance their health and wellbeing and those that support the needs of working mothers. In celebration of Women‚Äôs Month, we give back to the women in the communities in which we work with a free cervical screening activity for public school teachers in partnership with the Philippine Cancer Society, and a financial literacy session to benefit the female employees of DepEd Manila.... We also put the spotlight on some of the remarkable WoMen@AXA through an exhibit that recognizes their strength of character, dedication to their profession, and their passion and purpose.  In photo: Peachy and Zaida are exemplary examples of women of strength, character and integrity. Peachy is married, a mother of three and a breast cancer survivor. Zaida is a single, independent woman that loves her furbabies. Peachy is a training and development professional, and Zaida is a certified internal auditor. Both of them excel in their chosen fields and lead fulfilling lives with work-life harmony.",https://web.facebook.com//AXA.Philippines/posts/10157021149388148?__xts__%5B0%5D=68.ARByX_WfGEuT153sKJv6Vp4v8CSy5Wiuncu8usP-XjHn6n7f0NUK5kvXvcupnSE7Hb7wEk_dt-qOHrw6rWXylMMpHsdYo1bVQ_nGR7b9o2kfKCRIZ463b0SvmAUoTJtgshdgcGxRB3MCEwsaApvMeckjWI7qpHIvcmS8YdQdYUainfAgSzY4JzQERMtB1Gm3oUsuKnwUmDn_SlCazUJ9AkyIe1uEIW0JJPkg_9HTxwq44kO3ZonXPGMRr0q3h2ixryRT4o5tW6h4hU7j9cnMRQCohAqMKzZZoclAFZCnoW68HNPeEw43EOK91Gd4ui5ZeiFgpNyL3nYH2o4fmxOB&__tn__=-R,2020-03-11 11:00:22,,"{'Total': '312', 'Like': '218', 'Love': '86', 'Wow': '8'}","{'Rita Nisperos': {'text': 'Looking good Peachy and Zaida. Honored to know you both.', 'post_date': '1583932169'}, 'Mary Ganob Del Prado': {'text': 'I have stop my health insurance because axa is not paying', 'post_date': '1583949358'}, 'Gerry Fabra': {'text': 'So proud of you friendü§ó', 'post_date': '1583935351'}, 'Bert Gee': {'text': 'truly awesome Ms. Peachy Bassig Felix salute!!!', 'post_date': '1583991572'}, 'Jay Angela Mabulay': {'text': ""Wow looking great Ma'am Peachy Bassig Felixüòçüòçüòç"", 'post_date': '1583928997'}, 'Kryts Ruben Bermundo': {'text': 'Pls paki gawan ng action yung case ko...hnd po biro yung 100k na nawala sakin  pinag hirapan ko po yun', 'post_date': '1583925907'}, 'Re Za': {'text': 'üíôüíôüíô', 'post_date': '1584084731'}, 'Jen Antonio': {'text': 'üòªüòªüòª', 'post_date': '1583930709'}}",75
AXA.Philippines,Your insurance premium payments‚Äîever wonder where they go and how they grow?  The first episode of #AXAInvestmentSeries focuses on how they work and why you should never miss them.,https://web.facebook.com//AXA.Philippines/videos/849361598860901/?__xts__%5B0%5D=68.ARBV5qMoqnvfgMO-q1L1309bep6vqgNLFyWQIIpUrSExBenhfiT4oU8cVaXNTyo-TPZfzwSYPB3k5p67Bt7gbEjJxDtBj_u3Z8TAV2r3HBbgPVO-X8LP4mRReZ6dIc3SPJQSbPQTY-brmjsHdUuQgzTJtZn07vAWJ740spqaOvPFQyIJc18ctJbS9fMcdVJIX7lOF_O2qKY_dQaer4a8Z7iP8815O-RTPqRMo14hQ_ugvHyD3VoazCxuGphrwlRmG4lXRlI4yekN2UEtDc2bXatGa_b5fke4mR3f29shbC-j8jCgAGnzWeIsaQrWmJnz_7oIFFHiZK7noZ48NtxQ5aXyV2MK_93w&__tn__=-R,2020-03-10 04:30:00,,"{'Total': '440', 'Like': '354', 'Love': '82', 'Wow': '3'}","{'Kryts Ruben Bermundo': {'text': 'Pls.. paki balik pera ko.. 100k is not a joke. Pinag hirapan ko po yan', 'post_date': '1583926042'}, 'IMG Cebu Financial Educator': {'text': 'This is nice.', 'post_date': '1583888149'}, 'Belgica V Randy': {'text': 'Apply  muna premium holiday', 'post_date': '1583835610'}, 'Natalie Bacosa': {'text': 'Ohne push na next month! haha', 'post_date': '1583815267'}, 'Eric Guiritan Mahinay': {'text': 'Christine Codoy Mahinay', 'post_date': '1583838391'}, 'Ella Usman': {'text': 'Ptp', 'post_date': '1583828726'}, 'Francisco Mariza': {'text': 'Meron sa Metrobank', 'post_date': '1583829403'}, 'Tara Shajen Torres': {'text': 'Thea Lallaine Torres check mo nga toh, sa metrobank kung meron', 'post_date': '1583824874'}, 'Vanessa Pando': {'text': 'Always same message online dont make business with them', 'image': 'https://scontent.fmnl5-1.fna.fbcdn.net/v/t1.0-0/p240x240/88986528_10219879269603515_3134710262129491968_o.jpg?_nc_cat=103&_nc_sid=dbeb18&_nc_ohc=gJAYYg_KDt8AX9bF0L3&_nc_ht=scontent.fmnl5-1.fna&_nc_tp=6&oh=54036377516e69bb20ac5669852398c5&oe=5EBB3186', 'post_date': '1583885750'}}",666
AXA.Philippines,Financial planning is key to attaining a secure financial future. But what are the things you need to consider in planning your finances? Plan for your future by having the right game plan. Talk to an AXA financial partner today! #WhatsYourGamePlan,https://web.facebook.com//AXA.Philippines/photos/a.422772563147/10157015627683148/?type=3&__xts__%5B0%5D=68.ARDHsGXwv6jRtj1Dvv_sTHB2_gO10wu4jPNVlhWr9uELs_kXmybhlwIP-H7DfLvATBOXLNth0d3CFQGuwrnaeqmCVIdd-8BzgcK6dT-HSe_jnDcdsSg1oOMrspGisOE6sVr38z9H-qE0l9PLJGWVjtEM-nT_OeNuDzK_rdnrd3Uml0qCA4jV6VjR3Kqg6bN_lpWWSWdg8G8I__A2V6VVbTZcNXZIb7sbrLNpEX0BUnV5XnPseZt97_elWsIFvBRTzF2jmAI3UleoW5w1rpwiFPCxqM-4CQC8Y5LPSin4SgBt5PhR5jF2s0Y-yG-xcAQ5jt0hzQqqn_fUd5iq8ytI&__tn__=-R,2020-03-09 05:00:39,"""https://scontent.fmnl5-1.fna.fbcdn.net/v/t1.0-9/s1080x2048/89567526_10157015627688148_7521442802878644224_o.jpg?_nc_cat=107&_nc_sid=8024bb&_nc_ohc=f5lRwlZStJIAX_Cz234&_nc_ht=scontent.fmnl5-1.fna&_nc_tp=7&oh=633738ee74aa6dd34d54fc4338e9bcdb&oe=5EBAD5E7""","{'Total': '299', 'Like': '242', 'Love': '54', 'Wow': '2'}","{'Vanessa Pando': {'text': 'Always had same error online dont make business with them', 'image': 'https://scontent.fmnl5-1.fna.fbcdn.net/v/t1.0-0/p240x240/89851347_10219879274043626_6986483752620785664_o.jpg?_nc_cat=103&_nc_sid=dbeb18&_nc_ohc=6h-kFgUdBqoAX_dpSq6&_nc_ht=scontent.fmnl5-1.fna&_nc_tp=6&oh=af2dc4acc9e5cd7e15561c148fc07316&oe=5EBCFF38', 'post_date': '1583885812'}, 'Audrey Israel O. Deopante': {'text': 'Yes! Happy planning everyone for your financial future ;)', 'post_date': '1583805592'}, 'Cjm Carpila Folado': {'text': 'Lord kau n Po Ang bhala s investment k,kng ano ano nlng n bad comments Ang nbbsa k,pno nlng kng malking scam ito,nagkanda hika hika n ako s pagttrabho pra lng mkaipon pra s pag aaral Ng mga anak k tpos gnito.', 'post_date': '1584616694'}, 'Jham Bhe': {'text': 'Good day sir/mamBatangas City BranchLaking tiwala namin sa inyo, dahil maasahan at save at madaling makuha kong kailangan‚Ä¶See More', 'post_date': '1583802105'}}",393
