fwdlife.ph,"The COVID-19 pandemic has shown us how precious life is and how we should never take for granted the time we are given to spend with our family. After all, when life as we know it is changing at dizzying speeds, the only thing that‚Äôs constant is family. So look to the coming years with a grateful heart and smile at this chance to build and protect the future, together.",https://web.facebook.com//fwdlife.ph/photos/a.1484923395117285/2616755665267380/?type=3&__xts__%5B0%5D=68.ARCKszh5kBXxRDe386QBkhcs4fiRq0RrCXRHptJ4OpY96ae6RNnLvBvItyI2a7a1IkCjTEN8G25kchvU4QpX60gdtijilcBtEeQ0jYRV4jxsH-qzT-ZiBB49LK4Gov5OKl-cdxCWkf3L2jr8RgZHichHtsbYeCuSAx_GrN2n8bML3_j-3saZ0l_BX6fteSVjqDHwBlb6wxn3tpXJ6GJFYeDbHkz4DD-wkmtVFTuw9RWOmVpJyaWz2GWgw6V0ZZZPa-0wtNJ03ZdRVTOVvmUiBrDp3G_MnV2Dtxnfn1e577OD2Y1Vg34trTy7QJAsDYi0SRW_ub3uLkLEWSzmTIE86DnQryoG&__tn__=-R,2020-04-12 01:00:00,"""https://scontent.fmnl5-1.fna.fbcdn.net/v/t1.0-9/93421049_2616755668600713_6990901667650600960_o.jpg?_nc_cat=110&_nc_sid=8024bb&_nc_ohc=Xpw6nIUuLSsAX8_om2i&_nc_ht=scontent.fmnl5-1.fna&oh=24761f31143acf3ec4b19febc55fcd27&oe=5EBACBE4""","{'Total': '209', 'Like': '158', 'Love': '51'}","{'Ace Bette': {'text': 'True', 'post_date': '1586790776'}, 'Quan Lao': {'text': 'Nguy·ªÖn Vi·ªát T√∫!', 'post_date': '1586675962'}, 'Roseline Castillo': {'text': 'Kamusta sa lahat, nais kong magbigay ng isang maikling patotoo at rekomendasyon sa isang tiyak na tao ni G. Samuel Lee McCall na nagpakilala sa akin sa pangangalakal sa forex at pinino ang aking kaalaman.  kung interesado ka sa forex trading maaari kan‚Ä¶See More', 'link': 'https://www.facebook.com/clintdamienR', 'post_date': '1586737959'}}",172
fwdlife.ph,"On this Good Friday, reflect on your past mistakes and what you can learn from them. It‚Äôs always best to address the challenges you‚Äôve been through and recognize the lessons you learned from them. Doing this gives you a clearer picture of how far you‚Äôve come, and how far you can still go if you make better choices for you and your family.",https://web.facebook.com//fwdlife.ph/photos/a.1484923395117285/2616755058600774/?type=3&__xts__%5B0%5D=68.ARDM8w3TodIpv_38vJMsno_WnMy4NrKA7OjtNgEcAV1Jl_M276q2nvCtIK5Yizyp-KwT5z6AdM4UdxDUZU8D-4KJPRPG4Vd3wEYAAWQkES4dOcu2ei3KuEw-2lYA_rcDZTrJqNdoZNInYv_t2cv5noMsnhB24Jy5J_b6wpfPJyADTUMwxmJ-9z3raCFw51HlQptF1FcBtDDZz71K_7reYW7vQ2H66mfL6WGioQEm9uiGdgxhg72dFCiG_BMIIuv9LJplUJ618_-v28R5BqdPfmMricLJi17HCscpl_UFcXuRixp2Il9tFd9b8l_dpstfUU9geiJJ-Syinms41errpNhzfsKw&__tn__=-R,2020-04-10 10:00:02,"""https://scontent.fmnl5-1.fna.fbcdn.net/v/t1.0-9/93313251_2616755061934107_2456265172080132096_o.jpg?_nc_cat=101&_nc_sid=8024bb&_nc_ohc=2bwHz-D20J8AX-vNLzK&_nc_ht=scontent.fmnl5-1.fna&oh=4d452abadddc190edbd5444f31038de8&oe=5EBA034C""","{'Total': '183', 'Like': '152', 'Love': '31'}","{'Jheysa Mendoza': {'text': 'üß°', 'post_date': '1586613314'}, 'Roseline Castillo': {'text': 'Kamusta sa lahat, nais kong magbigay ng isang maikling patotoo at rekomendasyon sa isang tiyak na tao ni G. Samuel Lee McCall na nagpakilala sa akin sa pangangalakal sa forex at pinino ang aking kaalaman.  kung interesado ka sa forex trading maaari kan‚Ä¶See More', 'link': 'https://www.facebook.com/clintdamienR', 'post_date': '1586737980'}}",115
fwdlife.ph,"We may not be in the frontlines of this fight but we can still do our part to help protect those who protect us. For every purchase of a protection plan from now until April 30, a percentage will go to PPEs for our healthcare workers. On this day, Araw ng Kagitingan, we thank you our brave COVID-19 heroes who have dedicated their lives to us. Know that we are with you, all the way. #WeHealAsOne",https://web.facebook.com//fwdlife.ph/photos/a.1484923395117285/2615292315413715/?type=3&__xts__%5B0%5D=68.ARCAvw428X1t6jElx51qJQyTL7VBHEjLUsiA7R41gSQRpzR6T4KzquHn50Wscmjp8GYRKwXZARKGhzfPmd4sT-3SkpZ4tq4hSujrRaV6QTTiK8Ms-C2exHohQ193bj5qPSSsjaUNHy2ysaHRaCLTnvPwxsXVsYcNVhhWQ_9rPOVlA4b2X6SHHazHoBwgLGRWVpadXs_Y-hI8KWdnm8Kmnmeuf7VpQ9UAd1ILbjT8V8SGuA9k79LP28d34Ammz1Z5gOGw6Gtadc3UE3xcTk7eoJi-zN2c9L4sv4KUZV_RJnyIyS05wwDEGEULfHy-71bWZZ6VZkC8RbNDQ0IyJwUibj_caWWv&__tn__=-R,2020-04-09 02:00:01,"""https://scontent.fmnl5-1.fna.fbcdn.net/v/t1.0-9/93220926_2615292318747048_7385583310744846336_o.jpg?_nc_cat=111&_nc_sid=8024bb&_nc_ohc=9w0f8ZblIvMAX85ffgW&_nc_ht=scontent.fmnl5-1.fna&oh=3d834a801951ecd2983711ba389c4d6c&oe=5EBBF585""","{'Total': '226', 'Like': '175', 'Love': '51'}","{'Roseline Castillo': {'text': 'Kamusta sa lahat, nais kong magbigay ng isang maikling patotoo at rekomendasyon sa isang tiyak na tao ni G. Samuel Lee McCall na nagpakilala sa akin sa pangangalakal sa forex at pinino ang aking kaalaman.  kung interesado ka sa forex trading maaari kan‚Ä¶See More', 'link': 'https://www.facebook.com/clintdamienR', 'post_date': '1586756997'}}",165
fwdlife.ph,"Times like these remind us how important preparation is. It‚Äôs never too early or too late to prioritize your family‚Äôs wellbeing and protect your financial security, Prepare now and have the confidence to face challenges and uncertainties, worry-free.",https://web.facebook.com//fwdlife.ph/photos/a.1484923395117285/2615198035423143/?type=3&__xts__%5B0%5D=68.ARA8nnbKGnMiJx9FVX4cBxnYs0XcbQL8SkXui1i-ox-jIkaQGnZ9K2FzLKe5GBSHBglfR5Se4nUQvvS5hxbAxlPDex1YqEEdhYSLbFWHtmbRVOwMBqytrkgeAE4Bw_hjxd-uHzrn20mpIwvQGv915Yk1B6_eCVQINH8jG1MuXtudzs7nbZ2m6mlN7fEw9kXxVt7Ifm8oCUHArlZcHgXJe5NbDYnf2c8NHINHUFhQ_V9GXKSsy7ps7V2MKszX6JQdlJ--TQSg_0DOAbQSvMuy3ME0SkbOb0PX6Pn2NgLUJUnu3EJmnKODiLpqJGpqhIf-lMZkgpDxukyVXwbPYURCdHyrplmY&__tn__=-R,2020-04-08 09:54:15,"""https://scontent.fmnl5-1.fna.fbcdn.net/v/t1.0-9/92497929_2615198042089809_1753742117412274176_o.jpg?_nc_cat=111&_nc_sid=8024bb&_nc_ohc=CjyX_tL0c1gAX_atbPV&_nc_ht=scontent.fmnl5-1.fna&oh=535a552caf2c14cfeeca7d82861ae16e&oe=5EBD2B81""","{'Total': '311', 'Like': '229', 'Love': '82'}","{'Liza Lopez Garcia': {'text': 'Pa share po maam ..', 'post_date': '1586356551'}}",392
fwdlife.ph,"With the Philippines extending its community quarantine to April 30, working from home has become the new normal. Here are tips on how you can make the most out of your work time and still achieve work-life balance.",https://web.facebook.com//fwdlife.ph/videos/1285069691689275/?__xts__%5B0%5D=68.ARDZGaaZAwUMpXLWdH4RSMkAQWhQDaDTnLkcJJA3zsd51_zeg3vjQYvOsRFE0D7k9g8VdfqVxOq2_yRY0dvdprhrDY4SWN7h04F7bM3utovqBFMQh0pJZWKI_k_dGyYSEtdwM22eT4QSJjl2pVrgUh1HTZnceKqf_dUi9-I_dYVSj1EiD4lx7P2kJbSiyXQjuA9ZB1CY1bY5Uz3BJ5inwb1Sg9HYuNd0EzxdHhEiVADDNYaoweioJLm16cVhoUTHjcU5qmQoW-FKwXnD70MkXfCb-gguVVzlXmFaABRxKWzyLTVpupJg7-YTUXNsAvgRbAiueNgKcyPvPtHxxQyOcZWQNZX4gGuQdBdO3mlW&__tn__=-R,2020-04-07 04:00:01,,"{'Total': '115', 'Like': '92', 'Love': '22', 'Angry': '1'}",{},85
fwdlife.ph,"With everyone on Enhanced Community Quarantine, churches are celebrating Holy Week online or on TV. There may not be actual processions, holy masses, and other religious rites this year, but you can still practice your faith with your family, safe and healthy.",https://web.facebook.com//fwdlife.ph/photos/a.1484923395117285/2613471815595765/?type=3&__xts__%5B0%5D=68.ARCBjWu2l9JerTdgt0Xs3ZleG0llWyY2OIhYXoCJjxHd23ODPVFy9jA8O_94l8SPkv55cDuaWb0ibKC8jtg49VMEqDm6D7PqcwlhV7Yqf_Ty8myQ_SIPtwa3Mw2rnXBojhKZWYEWzai-MSxF6dgZs_5-YylDGLpWP9GpxmPAkNk3Kh74IV9tRuAWl8at2kkxqDHk-Ec9aLvmHbNmf4ceezz7d-xB9Ilj32xKr4RDQ2dDWI6aXXU9vf_CZnzlIQ4i4UR3l0Sdf_qTVShRGXSjMJ3mSPj8LUxJHDqJLd7zCryWIqt2bJnBXjUq75mXlv6LDPvXmKXdRURzCXpcdWplzroKas1w&__tn__=-R,2020-04-06 05:36:30,,"{'Total': '193', 'Like': '158', 'Love': '35'}","{'Ana Dolindo': {'text': 'Thank you po sa badge', 'post_date': '1586170584'}, 'Zhanelle Julie Zfia': {'text': 'Thank you po sa badgeüíñüíñüíñ', 'post_date': '1586188171'}}",72
fwdlife.ph,"Holy Week is a time of reflection, repentance, and celebration. Let‚Äôs start the week with a grateful heart by thanking those who are on the frontlines. Through FWD's COVID-19 charity drive, proceeds from every purchase of a protection plan will go to protective gear for our fearless healthcare workers.",https://web.facebook.com//fwdlife.ph/photos/a.1491971444412480/2612661939010086/?type=3&__xts__%5B0%5D=68.ARAk52d5eCzSrC9K2z9h0yI9vNz1YnLfl7iO7xrWQ-mbciX6hJ5w_9b42yM8V1LQlt929BOtlnYzOcfGwJ6VOFWoWjCQyzwQ9hw8-XDnZlkYeD2xbNQxDUhHMeLHrHtP-iFWWO-7TKFGPqPZn2naWMz--65R1AJZf_iS3CrQclZ9VpdYAECfCc5KRqbfHQNFd9-jVCIWVUSl0eKBkCEK19fMX21A78e_nX784eyb2s5TUdp827zHgaHYMPfxw-RscvE7H1X7h_kI1kjQONBBsg-9f2C-waBg4upZgThHevxEydQTQbSsNy-waZudFh72hd4S-ElaVWHo4dNG2hSrkqL9DQ_P&__tn__=-R,2020-04-05 03:27:33,"""https://scontent.fmnl5-1.fna.fbcdn.net/v/t1.0-9/91809274_2612661942343419_5583740750778073088_n.jpg?_nc_cat=103&_nc_sid=110474&_nc_ohc=-JySYfx0F70AX_E7WBD&_nc_ht=scontent.fmnl5-1.fna&oh=c160ae706cbd770b9f3c248339c480d8&oe=5EBB4720""","{'Total': '356', 'Like': '254', 'Love': '99', 'Wow': '3'}",{},353
fwdlife.ph,We know you have a lot of questions about our operations during this challenging time. Our Advisories and Updates page will be kept up-to-date with any new developments on our operations while we are on Enhanced Community Quarantine. Click bit.ly/FWDUpdates to visit the page.,https://web.facebook.com//fwdlife.ph/photos/a.1484923395117285/2611290465813900/?type=3&__xts__%5B0%5D=68.ARAcqafmy5U__x_TPg7iIYOY43tWAz42uoGXTx3wlEXcfw6YVd-cBDzWPHVtM9ZDiP7SSkvj-vo6V0DVAJFOYhEgnwmqKyLj8P0GVlGnlWQecuq5a4h_6v5LqI6E-l2a5e5NPZcO5QszG03f-iPNRzc2jPOwiX5zRH6tr_WFrypntXBuLghaZNrLIVed6IYxDToiayizHU1THQe_2XFgN3xnx-lgx_YVLbv7P01SJyUxIxZHJkeEXVZ0liyzT7b1MOikLQ9XfIQqzVWYEOU2NT9YIyTQXYhwoQy9Icli-5Qu_fLwQkPGBzW8Nz2sTklr0aNrPrnsrDG_3wIA8ZYp3khZV4Hq&__tn__=-R,2020-04-04 02:00:01,"""https://scontent.fmnl5-1.fna.fbcdn.net/v/t1.0-9/s1080x2048/91908183_2611290469147233_2929592816029925376_o.jpg?_nc_cat=104&_nc_sid=8024bb&_nc_ohc=TyfBL19FbNIAX_cMwMq&_nc_ht=scontent.fmnl5-1.fna&_nc_tp=7&oh=96e904738e99d60c862abe653ae1fea2&oe=5EBCE9AC""","{'Total': '157', 'Like': '150', 'Love': '7'}","{'Emmanuel Sang-an': {'text': 'Thank you FWD Life for updates...üëçüèªüëçüèªüëçüèª', 'post_date': '1585988750'}, 'Lhases Langtiw': {'text': 'Panu mag update?', 'post_date': '1585993060'}}",119
fwdlife.ph,"What COVID-19 has taught us is that preparation is key in winning any fight. Even while in quarantine, FWD is enabling you to protect your family by making it easy and convenient for you to purchase and manage your insurance, online. Click bit.ly/FWDPrepareNow to chat with a financial advisor. Remember, when you‚Äôre ready, you‚Äôre worry-free.",https://web.facebook.com//fwdlife.ph/photos/a.1484923395117285/2611281055814841/?type=3&__xts__%5B0%5D=68.ARDXMsEXQtJPn8Hd9DYz281pWhDQD4Rr3i2abWK8YbMFnlopZw90R84JpVBegy5RAHNffrQZehxYscHSbSHG-l5QDhyqHb00dpirNjs00Jz12a0RcqXqDFv-nwUbYogt9WvSgOFbf3ZVvjtWSSk-BDVeE8f-Eu3sS9-eVEzMzPe3RyT73UMnwqy80orzTUARRo1Cpdn3UmlNFOybiKuZZDeuFiCOI0sRCg7PS4rMSxXjSd1HRMxnbwyaYihV6xEFCA8w9JZGgw-eoe8UFyjERYwleVHNr3UD1YiTAsX_1k7G4NRsgVenRpHmyXiRq3R_0cCq5j12ouv5AoCCQJkKQZLGIPZj&__tn__=-R,2020-04-03 11:15:56,"""https://scontent.fmnl5-1.fna.fbcdn.net/v/t1.0-9/s1080x2048/91586436_2611281065814840_5693872873412755456_o.png?_nc_cat=104&_nc_sid=8024bb&_nc_ohc=OfWEYrkoaPkAX8IehJU&_nc_ht=scontent.fmnl5-1.fna&oh=9800f0380ca0ba528f9e8400a7ebce33&oe=5EB9B9C8""","{'Total': '108', 'Like': '86', 'Love': '22'}","{'Emmanuel Sang-an': {'text': 'Thank you', 'post_date': '1585988768'}}",142
fwdlife.ph,"Get protected from covered critical illness or death due to COVID-19‚Äîright from the comforts of your own home. Plus, get rewards like 24/7 unli KonsultaMD access, where you can consult doctors over the phone and unli medical consultations at selected Aventus clinics open during quarantine! Apply online in minutes!üëâ bit.ly/FWDShop",https://web.facebook.com//fwdlife.ph/videos/245864679885198/?__xts__%5B0%5D=68.ARCOymEO1ZoNxUl3DHmhtVTF1HgXH6QJj_bif7kG5Emvi8yWMunGFpVwl81GaKIPmz9NoClGkhLW2unT6_vN-lteGPH3CK7DITMHxtjaz1napUCxu4KoRHoUitdAVOLYKAH49BwC60LXRJWy9Y5NF--wZGxfWaFR2ieIqvgSvjiqF8fVP3UOcPgRoQJh5RSStrsc7XlacIHN5jQqPaeSVc0_QlDGLpVW69aJ4glNVx40gctDw8wqYgHVT3sPusJ9fH6iGwENcmjQqHpqr_nYVZ742CDagr4dW4CDvdW36wSPFP0ObBA6hL_R68WDxto4PwlqHom0orwpy2k1yrqgW4yGyWnJjAVzPSKKh0wRh_wD7vgOVSrnFir8uAts&__tn__=-R,2020-04-02 04:40:08,,"{'Total': '63', 'Like': '49', 'Love': '14'}",{},69
fwdlife.ph,"In view of the Enhanced Community Quarantine in Luzon and Cebu City, our FWD business hubs in Metro Manila, Luzon, Cebu, Davao, and Bukidnon are temporarily closed. Our business hub in Cagayan de Oro is still open, Monday to Friday, 10 am to 3 pm to serve walk-in clients. You can still reach us via our 24/7 LiveChat at fwd.com.ph and FWD Tapp, on Facebook, or thru your FWD financial advisor.",https://web.facebook.com//fwdlife.ph/photos/a.1484923395117285/2608750832734530/?type=3&__xts__%5B0%5D=68.ARBCbEnNS3hVqt53apOThjT8lFy9WvU2c__Xpn_EGK4TdifKtzdIkA8-eZ76cCl3V-BVa7QV6ls8b8WR9KZS_ph7hLzvQ8l1uOyudQdqZQLp8qctX2VmVRazxYvrlb6V3UR8NrKyqZdoCm1l0sdWu-M7UNJ52IeUZbTK0xYPQgYz8GTfVuu9yeEgt9xPngotqdhXd51p2pxcQfNQCRzSXFaLuDQNz3KOW3ymGOBt-38PEocdrGUcMBo5U4c3g3GbIYNoileOxkcuwunRsxZ00LAJ2ovn2TMWAudizk3dSLXurjmKWcBbxlxrTlLSDMmKfs4htqiW96m3tP4DHcXek5mvPt-Y&__tn__=-R,2020-03-31 06:37:58,,"{'Total': '81', 'Like': '79', 'Love': '2'}","{'Miaflor Cirky': {'text': 'And you really charge me! How selfish is your company same with your affiliated security bank who stopped releasing loans due to Covid19 Crisis? Makasarili!', 'post_date': '1585902389'}}",18
fwdlife.ph,We salute the hard work and sacrifice of the FWD-MCX team members who continue to serve motorists 24/7 amid the Enhanced Community Quarantine. These brave men and women are risking their lives to make sure healthcare workers and frontliners reach their destinations safely. FWD-MCX will continue operations to ensure safe delivery of goods and service during these trying times. #FWDMCX #RoadToProgress #GetReadyToLive,https://web.facebook.com//fwdlife.ph/videos/609280043260922/?__xts__%5B0%5D=68.ARC4WvIsU-J13oWadQEzW3bKDX0Na7dIeFGHFB--w-x0ViyWjZJuSW-26oW98_D5Xhlyo3-zDQuHw471ziJa88b5zs0W3dt81b-sjU5rUz5GUE3tUViLW5qfED1NDPgnuPSzWrKcBRdR6ntMRSHP_kiO_EpJotSvg637Sti45ey3vr7G3_laJAWuACDPIifRu3-KslCIV_Um2RG5CRpx24gfywUzW10tPpdfzMgxG4UbZL320infvbKSmVmaNpuP3MNsItkebizNQihh15ld5d0P7cJtFsxjvtDVjDeGVuezEb6iKkQqTHLW8S0s4PIc677ZED1j6b_mcqJAgH9g1ZDC_PSZgr2comolfGhL&__tn__=-R,2020-03-26 02:30:40,,"{'Total': '124', 'Like': '105', 'Love': '19'}","{'Joel Ronquillo': {'text': 'thank you', 'post_date': '1585337546'}, 'Emmanuel Sang-an': {'text': 'Thank you  frontlinersüëçüèªüëçüèªüëçüèªüëçüèªGodBless', 'post_date': '1585988837'}}",55
fwdlife.ph,"To all the COVID-19 healthcare workers and frontliners who are helping everyone and the whole country get through the pandemic, to those who still go to work so that others can be with their families, to those who continue to show kindness in this time of uncertainty, thank you. We salute you for your hard work, dedication, and sacrifice. Stay safe and stay healthy!",https://web.facebook.com//fwdlife.ph/photos/a.1484923395117285/2602632570013023/?type=3&__xts__%5B0%5D=68.ARD4w7Uppi2ttlpQHXkRELnYmsonTOCEUP9IgKauU0Uekeuxx00aEgfCyFgIIHz4RTKVLA2lgnFjXC6K0z3zp3uC6kRBJsCU4207jOxCcv5tZXoMBoFP86vndUHE6Pvea4mdqwynAE6rBwxv0dBQ5Z9wLvof-y2lfSjjZqi5B53a6SSV0XR5cXPwMEnZVkCHG03TrXiq5S1uSR6C5GLd-jC00zszD1wvLmChBqWIw18Rdj3kdBMZ15uhwpFFhWe4fpWkFlQ_5TX8yBeiZgD6NY5Nw1So04vV0j61kauAjHt1FZnMwBJNRuEZL9fDaUsDiZ_gHO5Ex_03RwlLsy9bJAynt0vg&__tn__=-R,2020-03-24 10:00:01,"""https://scontent.fmnl5-1.fna.fbcdn.net/v/t1.0-9/p720x720/90356842_2602632573346356_5735427833052790784_o.png?_nc_cat=106&_nc_sid=8024bb&_nc_ohc=UUIAMbtkOVEAX-_3HCD&_nc_ht=scontent.fmnl5-1.fna&oh=7adee99458d3c69ab7a968e50bf12956&oe=5EB97E5E""","{'Total': '318', 'Like': '236', 'Love': '82'}","{'Eve Samson Duhay Clavano': {'text': 'Heavenly Father God blesses you all ! We salute you frontliners !', 'post_date': '1585058682'}, 'Laine Lemeric': {'text': 'Salute ‚ù§', 'post_date': '1585095513'}, 'Maribeth M. Salazar': {'text': 'Salute !!!', 'post_date': '1585048019'}, 'Rogie V Bertol': {'text': 'üß°', 'image': 'https://scontent.fmnl5-1.fna.fbcdn.net/v/t1.0-9/90715367_10207263686748587_2767548737948483584_n.jpg?_nc_cat=105&_nc_sid=dbeb18&_nc_ohc=5Y7iJwm-ghoAX9vxmp9&_nc_ht=scontent.fmnl5-1.fna&oh=ea489d5e4661428507634608d8e1533b&oe=5EBC3391', 'post_date': '1585046732'}, 'Oayaddis Gnob': {'post_date': '1585047456'}, 'Dexter Angeles': {'text': 'Lord Heal our land ‚ô•Ô∏èüôè', 'post_date': '1585128559'}, 'Ru Chelle': {'text': 'üôèüôèüôè', 'post_date': '1585159456'}}",235
fwdlife.ph,Advisory: Here's how we are processing your investment transactions after the reopening of the equities and fixed income markets.,https://web.facebook.com//fwdlife.ph/photos/a.1484923395117285/2601725206770426/?type=3&__xts__%5B0%5D=68.ARBgimgRKcNT4WHFwHJdx3UtSSzYZcYN8m7Z5_s6s5oP9hCWJ9fcLRBlR7DyLoPAgTIvX9aFjq9zrFghAUmzy-90OD32wOh7S9geOrS52WieNma4UKwHXkAngqcKT5YjijSHLIRsg8LHdvB2sh6LYnYyz65PJJR3Yk6xVWL3icvTVKhm-KGEmfNruXCUSl5HjkmlG6HYWGFw94aeZ6Mb1bO7rH1Ruf1-xkLBBzFrlshG0J_qM78x49a-PELxIO-7EwqcEGUikuY9nYjmE_UnM3cIU8EARzZzodgCJIJbCZdLUwtMShdXc1qu2Y6fxVNmVdhrxV10I7FtKNU-wndQwKoRxnjf&__tn__=-R,2020-03-23 03:12:09,"""https://scontent.fmnl5-1.fna.fbcdn.net/v/l/t1.0-9/s1080x2048/90171721_2601725213437092_3543198494208557056_o.jpg?_nc_cat=108&_nc_sid=8024bb&_nc_ohc=rgKD9YAZ6bkAX8FXeXa&_nc_ht=scontent.fmnl5-1.fna&_nc_tp=7&oh=abd33167cdbda5a9bf6b5c0249a5d1a4&oe=5EBA9F41""","{'Total': '161', 'Like': '140', 'Love': '21'}",{},70
fwdlife.ph,"Because your safety and convenience are important to us, we are extending your grace period to 60 days and if diagnosed with COVID-19 to 90 days. These are for plans with due dates from March 9 to April 15. In addition, no more deadline for the submission of claim documents and we're accepting digital copies of claim requirements. For further support, please reach out to us at 24/7 Live Chat via fwd.com.ph or thru our mobile app, FWD Tapp.",https://web.facebook.com//fwdlife.ph/photos/a.1491971444412480/2599446113665002/?type=3&__xts__%5B0%5D=68.ARD7frMfE2oJuyTAKla_2r4Z4QJyjliHfLwOB0d7HAFedVWv0kDpzDtOhMLsqo0szFcXRofKJTJSSLXRaKXqX8CHDCQ1clrOFWEuxioN_ivjitGKk3_Pf4Yr5fWaMdQoa1ohP-zH4qzu4GShcLuFo87-pBPz8Kz5i-c5lKS3bNXCcbgkI4ArXA9rHpKoU-oBNn2Et_KJYZtXcu21SdUgkRdxfDG6bJfJHbdUJMihZuhmy6dFPh2T6t8xiRCaQY2xnqdg6uIUOAir8cZuqWyHQYs5HlZEzwCqqWv6YWhjY96Y8WzGJ1ne5zCvNylUUEIyMDLFcatiY_7YZbkwjb3-iOBWHvkx&__tn__=-R,2020-03-20 13:19:46,"""https://scontent.fmnl5-1.fna.fbcdn.net/v/t1.0-9/s1080x2048/90298600_2599446116998335_6178448426825416704_o.jpg?_nc_cat=105&_nc_sid=110474&_nc_ohc=_NjebVWhltEAX9gDJaw&_nc_ht=scontent.fmnl5-1.fna&_nc_tp=7&oh=e548ffd788358bd9bd7f074221d89631&oe=5EBA5913""","{'Total': '238', 'Like': '195', 'Love': '39', 'Wow': '3'}","{'Molly Claire': {'text': 'I got deducted for my premium due March 19th. Guess this does not automatically apply to all?', 'post_date': '1584843751'}, 'Ninno Rabano': {'text': 'Thanks for fwd life Philippines for being part us family,my due us dis coming month,and I hope u understand upon the situation coz the covid 19.tnx fwd, God bless üôèüôèüôè us all,take care', 'post_date': '1584874596'}, 'Anneth Collantes Bangloy': {'text': 'Hi FWD, how about for those who are enrolled in AutoDebit?', 'post_date': '1586350365'}}",148
fwdlife.ph,No virus‚Äînot even COVID-19‚Äîcan defeat us when we fight together. Update your profile photo with the ‚ÄúFWD is here for you during COVID-19‚Äù Facebook frame and join us as we all bravely face these uncertain times. FWD has got your back.  #FWDCOVID19Ready #FWDPH #FWDHereForYou,https://web.facebook.com//fwdlife.ph/photos/a.1484923395117285/2599259360350344/?type=3&__xts__%5B0%5D=68.ARC3gR2sfbs6blNlBIsaEJibMbNCD9bF1raJVie1QzU4Px-RZ7ZwJY1nc4hIOEEbOIgXFXvZQymkQMeEjWcToVEJVQSBp7bxPtWzhokiupGtQNK-2lJ_9V-4t44xPi7jc1aCfz8OYNaMgFnG31h0Sz8qztW747rA2a7H_XbOKJ9kyopqvqX_JiKLYEDbuEoehImyVWKGn8LhDrnP0IubkVeMKxfy1LJpvIl0Crpk5hwJLeWhe-7EExsu9NaaJcx3KA1dVk6QVC04mQoBmcC8n-8VNEH8qlKI3RiA7cianqKtT9eqHtSpdC6Q5MvGJsfne7cQqWEKPPJXJoZEiRrzLvAwh2pR&__tn__=-R,2020-03-20 08:14:28,"""https://scontent.fmnl5-1.fna.fbcdn.net/v/t1.0-9/90204078_2599259363683677_2123527681927544832_o.jpg?_nc_cat=100&_nc_sid=8024bb&_nc_ohc=Vyj2EgFpKHAAX-9ZfK1&_nc_ht=scontent.fmnl5-1.fna&oh=db2c603dd1ae491c98540fc7d1a1eadb&oe=5EBD005B""","{'Total': '208', 'Like': '165', 'Love': '43'}","{'Gnik Rey': {'text': 'Hope Next Frame would be... FWD Life Insurance Philippines 2020Thank you! üôèüèºüòä', 'post_date': '1584697922'}, 'Carlorn Bungalso': {'text': 'Thank you FWD üòçüòò', 'post_date': '1585201412'}, 'Marvin Alagao Sarol': {'text': 'Really? ang tagal nga mag release ng kakarampot na claims eh at ang dami pang proseso. üôÑüôÑ', 'post_date': '1585006062'}}",57
fwdlife.ph,"With the growing concern about COVID-19 and FWD's continuing commitment to care for customers, FWD is providing existing plan holders ‚ÄúFWD COVID-19 Ready,‚Äù an additional lump sum medical and funeral benefit if diagnosed with COVID-19, at no extra cost. This benefit is provided on top of eligible and active FWD insurance plans and riders. In addition, for customers who are diagnosed with COVID-19, FWD will be extending payment grace period to 90 days and releasing the FWD COVI...D-19 Ready medical benefit claims within 48 hours. All other policies will have an extended payment grace period of 60 days. Ask your financial advisor for details or contact our 24/7 LiveChat at fwd.com.ph and on our mobile app, FWD Tapp. Learn more at bit.ly/FWDCOVID19Ready Benefit is available for active and eligible life insurance plans issued up to Feb 29, 2020, except group insurance plans, KanDuu (KanMend, KanLive, and KanGuard), Set Ka Na, and Peace. Special coverage period is from March 9 to April 15. #FWDCOVID19Ready",https://web.facebook.com//fwdlife.ph/photos/a.1484923395117285/2598411413768472/?type=3&__xts__%5B0%5D=68.ARDQ6vcqqtwjR2FYQeJXz8wwyVuQqg9sGNUEd_Rge0n1EMdpUJUpzeFy_860DQqHO78YsP6qLO2ZpIowkAXxFnC0QK2ohRToiHgMZ8JSXuzoN18Vt2j3RYrZWaQFydX3hTvIi2Dwve03uq07QCjBfuemequMcBSxdCPmeyFCVcZlsf4PJk1iUY9IvnX2CvMC9T4I2YPetF0As1O9GlhPBpEPDJKXO5bVOG3OfUACpeJT5ViTwUwZrgoKI1kvlvfqJte5uoOeLKnVmUh1xyuXQa7qMc7U7hvSsbPxK3sDiXBc0PVpwK6pGvsILqGsS1Y_STsSeEmEwxHkDG4Jq2ePQNd80ALx&__tn__=-R,2020-03-19 08:32:28,"""https://scontent.fmnl5-1.fna.fbcdn.net/v/t1.0-9/s1080x2048/90147576_2598411417101805_7370621418507075584_o.jpg?_nc_cat=106&_nc_sid=8024bb&_nc_ohc=izd3pFcBV3wAX8x9aHd&_nc_ht=scontent.fmnl5-1.fna&_nc_tp=7&oh=5d218439f430c71e877408459e25d7f4&oe=5EBA5F0E""","{'Total': '227', 'Like': '163', 'Love': '59', 'Wow': '5'}","{'Ly Za': {'text': 'Thank you FWDMeashell Maple', 'post_date': '1584688169'}, 'Oayaddis Gnob': {'text': 'Dapat may automatic instructions na ang FWD sa mga auto debit po.. nwa nmn lalo na po ako.isang ofw...', 'post_date': '1584614171'}, 'Merly Eto': {'text': 'Ask ku lang po ano tong coverage period March 9-april15 lang ang cover ng policy holder? yun mga beneficiary ng holder covered din po ba?  for claiming this what is the procedure lets say c holder na diagnose', 'post_date': '1585241227'}, 'Liezel Constantino': {'text': 'Paano kapag naka auto debit? Dapat di nyo muna ikaltas.', 'post_date': '1584607144'}, 'Edzen Cobarrubias': {'text': 'Thank God I have FWD policiesü•∞üòéüôè', 'post_date': '1584607550'}, 'Elmajane Maniego Abotar': {'text': 'panu po ung due date q s mar 25? gmit qn po ung 30 days grace period', 'post_date': '1584614506'}, 'Hans Amata': {'text': 'Thank you FWD!!', 'post_date': '1584618221'}, 'Jaz Nuyda': {'text': 'Thank you for the Top Fan Badge', 'post_date': '1584634722'}, 'Adc A Cors': {'text': 'Proud FWD here üíØ', 'post_date': '1584611683'}, 'Janel Genciana': {'text': 'Maraming  Salamat  FWD.  #GetReadytoLive', 'post_date': '1584607548'}, 'Joda Talamor': {'text': 'Thanks FWD', 'post_date': '1584623560'}, 'Marivic Atchico': {'text': 'Thanks FWD', 'post_date': '1584617774'}, 'Janice May Porcadilla Mampawa': {'text': 'Thanks FWD!!', 'post_date': '1584658940'}, 'Jave Zon': {'text': 'Thanks FWD', 'post_date': '1584611582'}, 'Monaliza Tocal': {'text': 'Thanks!', 'post_date': '1584609177'}, 'Ylime Salazar': {'text': 'Thanks FWD', 'post_date': '1584670843'}, 'Salvador D. Enriquez Jr.': {'text': 'Auto debit halt niyo muna hahaha', 'post_date': '1584615002'}, 'Mariz Shaina Tagle': {'text': 'Yey thanks üôèüèª', 'post_date': '1584607716'}, 'Grasya Grasya': {'text': 'Thank you FWD d talaga ako Ng sisi na kumuha ako nito with my family üíØ', 'post_date': '1584607443'}, 'Carmel Adolfo Lozada': {'text': 'How can I change my payment from annual to monthly?', 'post_date': '1584636981'}, 'Eunji Layco': {'text': 'Are auto debit also included for 60 days extension?', 'post_date': '1584607121'}, 'Francis Jude Yeo': {'text': 'explain nga wow very nice thank you FWD', 'post_date': '1584617507'}, 'Han Royal': {'text': 'How to apply? Thank you.', 'post_date': '1586147338'}, 'Dada Boo': {'text': 'How to apply', 'post_date': '1584747950'}, 'Ben-Hur Dee Luy': {'text': 'Naka auto debit din ako every 22nd of the month.', 'post_date': '1584656017'}, 'Shiela May Suante': {'text': 'üòä', 'post_date': '1584610704'}, 'Arianne Joy Avila-Concha': {'text': 'I have FWD- set for Health, additional coverage po ito?', 'post_date': '1585596822'}, 'Cindy Austria-Catubig': {'text': 'yes kapag nakaauto debit wag muna ikaltas.', 'post_date': '1584614101'}, 'Izelle Regis Villamino': {'text': 'Thank you FWD ! proud FWD member', 'post_date': '1584675021'}, 'Mila Icaro Hernandez': {'text': 'Thank god i have fwd policies.', 'post_date': '1584612369'}, 'Joy Joy Dioneda': {'text': 'Panu po pag Auto debit yung payment? may extension din ba..', 'post_date': '1584621303'}, 'Do Minic Ca Rlo': {'text': 'Sakin din po nakaltas na last march 16. Pa pm po', 'post_date': '1584625719'}}",190
fwdlife.ph,,https://web.facebook.com//fwdlife.ph/photos/a.1484884351787856/2597557150520565/?type=3&__xts__%5B0%5D=68.ARBZB7VQVQd4fiWhP7XcGA2qOKvHgp5BQPDfL-DQRoic5ZPOfpvGyp_PSpivl7lkF8WQgW4zvUG9qx9ATURKULIv6Y9uKtyGOL94pGiUjflHLeGNT6FU81BN3oyamubVfWjZh_eewfB16hyeL3Joku_NjG5LrDUVwc5F7lmk5CXnWuhEh8Lt_A0O_ak9_Gd56CVSrb5ktYDGYaZM4GZahOi6ipMdL6GpzM4JxjgaszxYacyKvOO4IdfSBguvXbUIyWAvpQz8ldBPq_XcaQz5smzJy9ve2Pr1Pw&__tn__=-R,2020-03-18 09:01:03,"""https://scontent.fmnl5-1.fna.fbcdn.net/v/t1.0-9/90234136_2597557153853898_2974439395655942144_n.png?_nc_cat=103&_nc_sid=dd9801&_nc_ohc=LEB7JJD0Cv0AX9RVYwE&_nc_ht=scontent.fmnl5-1.fna&oh=a033ea1a8a0f597196a655afa12ec2ea&oe=5EBBCB59""","{'Total': '307', 'Like': '234', 'Love': '72', 'Wow': '1'}","{'Daren Ermitanio Fernando': {'text': 'Thank you so much...Let‚Äôs join hand and pray for the safety of everyone', 'post_date': '1584537682'}, 'Rosemarie Chorawan Maliyu': {'text': 'Thank you so much FWD, we have peace of mind whatever happens...', 'post_date': '1584523901'}, 'Pat Lauron': {'text': 'Thank you FWD fam! üß°', 'post_date': '1584525933'}, 'Tin Medrano': {'text': 'Thank you, FWD!!! üíï', 'post_date': '1584529142'}, 'Izelle Regis Villamino': {'text': 'thank you FWD', 'post_date': '1584523885'}, 'Glaiza Caringal': {'text': 'Thank you, FWD! üß°', 'post_date': '1584536670'}, 'Maribeth M. Salazar': {'text': 'Thanks FWD, you got us covered !', 'post_date': '1584522532'}, 'April Joy Tomas': {'text': 'Thank you!', 'post_date': '1584524303'}, 'Rosie Bansil': {'text': 'Thank you!', 'post_date': '1584587756'}, 'Ylime Salazar': {'text': 'Thank you FWD', 'post_date': '1584522938'}, 'MajMot Ducnab': {'text': 'Thankyou FWD üòäüòç', 'post_date': '1584532265'}, 'Cor Banasco': {'text': 'Thanks FWD! üß°', 'post_date': '1584529308'}, 'Mila Icaro Hernandez': {'text': 'Thank u FWD.', 'post_date': '1584527177'}, 'Dada Boo': {'text': 'How to avail', 'post_date': '1584748162'}, 'Yhen Comia': {'text': 'Iba din tlaga pg naka FWD ka.. üòäüòç', 'post_date': '1584537069'}, 'Julie Vicente Suba': {'text': 'üíô', 'post_date': '1584530933'}}",148
fwdlife.ph,"We're still here for you. Due to the ‚Äúenhanced community quarantine‚Äù FWD business hubs in Luzon, Metro Manila, and Davao are temporarily closed. But you can still reach us via 24/7 LiveChat at fwd.com.ph and FWD Tapp, here on FB, or thru your FWD financial advisor. Our business hubs in Bukidnon, Cebu, and CDO are still open, Monday to Friday, 10 am to 3 pm, to serve walk-in clients.",https://web.facebook.com//fwdlife.ph/photos/a.1484923395117285/2597480747194872/?type=3&__xts__%5B0%5D=68.ARAkG2-lqRa5Mo1hcOIyNmBzkRn1d-pzBeWuVkNJgQKNKv4tuxtNa0reBcCarjdxhj6A2A5Ir6sRAKKmxX-41BSNJDlJHlgo0_dLKwRzQqYjyjHpDGGJG--MVAnFYpboDxAlPef7dw6KqXhga1QCqMqJ8d1edpINL1ICAkvDAsrUFhX5zrgu1F0HhcfkKUHdAvOa0MBklAVkApBX0hwgfsmehm2Mvf8ZfjR9Uch2fWApfj9dDhmbO4dtjux1idSba-QFGg5UXZtPcOchnLhH04iEOKG-O0excnxiHXVb2l3Pc9Ltl6XHvneqVr515qjyeXWiSUSeEkPlVtKOJgriBVKCVFj1&__tn__=-R,2020-03-18 06:35:40,"""https://scontent.fmnl5-1.fna.fbcdn.net/v/t1.0-9/s1080x2048/90246720_2597480753861538_3540189418646142976_o.jpg?_nc_cat=102&_nc_sid=8024bb&_nc_ohc=9vEBh0is8vUAX_ztb-D&_nc_ht=scontent.fmnl5-1.fna&_nc_tp=7&oh=676c2e603710f6279c8c562d2f4598b9&oe=5EBB2558""","{'Total': '141', 'Like': '125', 'Love': '15', 'Wow': '1'}","{'Aris Dela Cruz': {'text': 'Keep safe everyone-)', 'post_date': '1584581873'}, 'Oayaddis Gnob': {'text': 'Nawa may MORATORIUM po', 'post_date': '1584514460'}, 'Nelson Rosello': {'text': 'Naa ka manila Jo? So dli ka mkauli upto the 15th of April.', 'post_date': '1584526417'}}",78
fwdlife.ph,Be confident and show the world what it truly means to be a woman. Own it. Celebrate it. Fight for it. Break down barriers and conquer every single uncertainty that attempts to dim your fire. You‚Äôll need to spark the difference you wish to see tomorrow. In yourself and in the lives of the people you love. Happy International Women‚Äôs Month! #GetReadyToLive,https://web.facebook.com//fwdlife.ph/photos/a.1484923395117285/2593379110938369/?type=3&__xts__%5B0%5D=68.ARAYyAC2j0zRm0S1o4dYwlLHs-FHcrWlqH8xchQn1ZCgXz5_nVhS0_tq7kELESSiZsUJDTeJkpbwNO4wFS-YZV5C6UIH50rfENILhsp8zyPLgHJeGNJ1fG_K-BD9Yv9WkCim0qJt3aVOfm4YyOatBkw7xIGOhikMy2NJxHTG8VLnouWysTy3cM9Rwkdn7N7nZhAn9SlxPivt7wOSbh065Z98Ipof54HC7LWUS2uiHLTXLYNb8tI4EfJ_ZTrnNZTeIeE1T2jUkCVwN7fGGWBWgyncaWJ66EUVd23-oxuq_A_NiSVe3AVYBK8ML444Ht-jjd0mjgbG15qKOdOzfaws-7mjNSwH&__tn__=-R,2020-03-17 02:00:00,"""https://scontent.fmnl5-1.fna.fbcdn.net/v/t1.0-9/90178924_2593379117605035_6902092855049715712_o.png?_nc_cat=102&_nc_sid=8024bb&_nc_ohc=V72MOpNKuvgAX_VkigP&_nc_ht=scontent.fmnl5-1.fna&oh=d585d2b58b98b3c017f13eec8ead29d0&oe=5EBBDEEF""","{'Total': '188', 'Like': '149', 'Love': '39'}",{},73
fwdlife.ph,"FWD and our financial advisors are here to help protect you and your family.  Want to know more about our financial plans? Talk to Enzo our chatbot at fwd.com.ph Buy insurance in minutes? Go online at shop.fwd.com.ph 24/7 access to file claims or service your policy? Use TAPP, our mobile app. Download at http://onelink.to/fwdtapp. #FWDHereForYou #FWDPH",https://web.facebook.com//fwdlife.ph/photos/a.1484923395117285/2595251707417776/?type=3&__xts__%5B0%5D=68.ARDTCLskajy0NVAxpgBcKqXxQ1KMvHlAW9a4R94wMhR9QiqCXSm9efljUoI1nJroQq2Zn-PlijyyrBlCDyLYS_-uWOkW7Ty1xA_zTQCRxkR4th6tbo7vAmyQte1CwiGeIQPifqhfKfQ0w8QH-jwbu7kDnZEewtuShrEJ-ONkabVIDVqiIRjm_0gSiMjl941vGCHGKR_DoKQwL58TiqhPun_PAcnk2XhI7Gw12KPx1OuKN4PILw0DuHP3el_elN-gDAjHlc7oJbMtulDEXTEUhsA58RVGGYqq8VxSX6W4qTC_WTs2FBvabIgytorl52HxGVC-nF4twGgX5b8DghYqKwzPJ1Tu&__tn__=-R,2020-03-15 23:54:41,"""https://scontent.fmnl5-1.fna.fbcdn.net/v/t1.0-9/s1080x2048/87793632_2595251710751109_3236628431609266176_o.jpg?_nc_cat=100&_nc_sid=8024bb&_nc_ohc=3Q6cjAywZM0AX9iFJjb&_nc_ht=scontent.fmnl5-1.fna&_nc_tp=7&oh=7d994b9b978e7478c0aa490fca94f015&oe=5EBB6F38""","{'Total': '284', 'Like': '230', 'Love': '54'}","{'Mon Escasa': {'text': 'Thank you po FWD for 1K Lazada GC . #GetReadyToLive Stay safe. #FWDHereForYou #FWDPH', 'post_date': '1584363552'}, 'Ethel Love Cacho': {'text': 'How about payment extension?', 'post_date': '1584321629'}, 'Michelle Aranas Baguio': {'text': 'thank you FWD', 'post_date': '1584364495'}, 'Xian Diaz': {'text': 'Thank you, FWD. üôèüß°', 'post_date': '1584327904'}, 'Cecil Lozano Talamera': {'text': 'Thank you FWD', 'post_date': '1584335379'}, 'Ivan France': {'text': 'Nice', 'post_date': '1584318135'}, 'Mila Icaro Hernandez': {'text': 'Good', 'post_date': '1584319326'}, 'Michelle SD San Buenaventura': {'text': 'üëç', 'post_date': '1584316703'}, 'Florante Jamis': {'text': 'WASH', 'post_date': '1585903775'}}",220
fwdlife.ph,"Don‚Äôt always assume that the other driver‚Äôs anger is directed towards you, as more often than not, it‚Äôs probably just the traffic. If you find yourself gripping the steering wheel a little bit harder, breathe and use good judgement. Develop the willpower to choose not to indulge in negative behavior and you‚Äôll be safe. #FWDMCX #RoadToProgress #GetReadyToLive",https://web.facebook.com//fwdlife.ph/photos/a.1484923395117285/2593360327606914/?type=3&__xts__%5B0%5D=68.ARCkvTqyc59d6ptAKr3QVwvwSW0DCaDpDHuIOnA2zW-FSQFi4cUoh6KndDEJB_IpzIWUMTQwshQ75B7xEDiJMxvl1xaHFvRBqdTl8wVFcVcoQ68WS98lzrJFqHVvabVHq1Kj6nqL8PYPY_Xj-vlu5zSlUP-4X2laT3fCgX0ckScWHXT9oSgk_w6YkFi3Vvsyo9NTUypSlZTC8l2FRjTsiU0jCGuF4tESEzlF48OY18Rq0qFEML2IPNByhr08Z9mJZu_HSyuXM1Caok3mFoCJ-h5zqdJrJ86yk4b1X09o8KF8jqiceT6qWXpyC4sjupF27klHHd3H4QjQgC4jfGd-eAw7PGKu&__tn__=-R,2020-03-14 23:00:00,"""https://scontent.fmnl5-1.fna.fbcdn.net/v/t1.0-9/90239456_2593360330940247_8828218960970252288_o.png?_nc_cat=102&_nc_sid=8024bb&_nc_ohc=E9OWjnQLebwAX-PADx_&_nc_ht=scontent.fmnl5-1.fna&oh=a6ff9124bcff4b5cef45ea4f77538104&oe=5EBA33D8""","{'Total': '104', 'Like': '94', 'Love': '10'}",{},28
fwdlife.ph,"FWD Customer Connect will be working remotely, with limited workforce, today until further notice. We ask for your patience as we try to serve our customers and, at the same time, consider the safety and well-being of our employees. While our Hotline temporarily suspends operations, you can still reach out to us via 24/7 Live Chat at fwd.com.ph or in our mobile app, FWD Tapp. Keep safe everyone!",https://web.facebook.com//fwdlife.ph/photos/a.1484923395117285/2593974387545508/?type=3&__xts__%5B0%5D=68.ARCvAUZMbAvnpCwSD6a1_jIUEYQaiZ1snTJWxSreYBxl5Ougavt4_zVQhUB7TBBYdkyS3k3SKSPZQ0Qnh9s_PghXddISZI0keBvYVrdwpKwF3zFU1CUHov0PDY4aN6zI-sVCRLmwLEawIXSYoiJdEJ-teWNS7-4pOcXD1wmU65avUoVFOYITJ3-ONsAMCmnFTWrIPKs_THJzOt3d06aM-xgKhBPROdldaE_oOOv9rWh5zm3mDf--h29CANmYxF0QQbns_Fry7JfChEfw0dM1Zcetq1EgN-SxBDoOYROO_73TyAyOIYiOtn8hQzniykOW6QepwvL8tkpu8RNIVk4H8UUxG1Sv&__tn__=-R,2020-03-13 23:40:01,"""https://scontent.fmnl5-1.fna.fbcdn.net/v/t1.0-9/s1080x2048/89665902_2593974390878841_287710496130334720_o.png?_nc_cat=100&_nc_sid=8024bb&_nc_ohc=KTzBG-AyYVMAX9YBCb1&_nc_ht=scontent.fmnl5-1.fna&oh=a76c1558429b3dc3005f62a26ed16139&oe=5EB999BA""","{'Total': '209', 'Like': '187', 'Love': '22'}","{'Junn Denniel Beltran': {'text': 'Advisor please...', 'post_date': '1584144251'}, 'Arnold Padiernos': {'post_date': '1584274599'}}",97
fwdlife.ph,Congratulations to the 5 lucky draw winners of our Q4 customer survey!,https://web.facebook.com//fwdlife.ph/photos/a.1484923395117285/2593444300931850/?type=3&__xts__%5B0%5D=68.ARANIYEEwwg8U4OLRQIIgtae0dzdcPc4th2ZxMO5ch0iSKF22D8XPH1tgrSemFp3EDD842ypiBhgkwAkuxP-HsbkUmYOzQY4yKRw0QiUPfsZlGBx_JcHaOcnr42GMHa8G-gLBdj0GvjU60sEUelj-U5n7c0kuqy1qM-9E_5KQcDXXoVjb0kJPYsxqzQAUU7PfEW1Ja9qC8zugsWR1J1faXKg9Fsb9AgD5pSPJ7pSKPYgTuNcqjdRrRTyLMBIke6QbNFDslXTQKtofdwDw5cs0AWoEro2fFqtB1emo7_Y_NgO4IcidDAtvBwn7GRIuiifoiWZNd9BJFtgKStMSDAXZeT0KsIp&__tn__=-R,2020-03-13 10:16:18,"""https://scontent.fmnl5-1.fna.fbcdn.net/v/t1.0-9/s1080x2048/89011851_2593444310931849_5039343239304314880_o.jpg?_nc_cat=104&_nc_sid=8024bb&_nc_ohc=M7FzPd9KsJYAX_drirR&_nc_ht=scontent.fmnl5-1.fna&_nc_tp=7&oh=b13c2f31f04af4a3b320cd507036b159&oe=5EBCA220""","{'Total': '204', 'Like': '172', 'Love': '22', 'Wow': '9'}","{'Rachelle Anne Sianson': {'text': 'congrats', 'post_date': '1584094981'}, 'Shaun Llano': {'text': 'Congrats', 'post_date': '1584102165'}, 'MA Elezabeth Santillan Descartin': {'text': 'Congrats', 'post_date': '1584095598'}, 'Mac Celis': {'text': 'Congratulationsüòçüòçüòç', 'post_date': '1584166437'}, 'Roger Teves Gumapo': {'text': 'Congrats', 'post_date': '1584096334'}, 'Julie Vicente Suba': {'text': 'Congrats', 'post_date': '1584106666'}, 'Mary Ann Magbanua Padua': {'text': 'Congrats', 'post_date': '1584095727'}, 'Lisiel Basas': {'text': 'congrats', 'post_date': '1584112545'}, 'Sheila Mae Sugay': {'text': 'tpos n po yan', 'post_date': '1584114525'}}",18
fwdlife.ph,"COVID-19 is now a pandemic and the number of cases continues to rise locally and worldwide. What basic steps are you taking to protect yourself and your family from getting sick? Share your answer in the comments below to win P1,000 worth of Lazada gift certificates courtesy of FWD Insurance, part of pan-Asian insurer FWD Group. #FWDFreebieFriday #GetReadyToLive",https://web.facebook.com//fwdlife.ph/photos/a.1484923395117285/2593344447608502/?type=3&__xts__%5B0%5D=68.ARALVp6huIZSLAPnxtlcciiN_1CnTN4_g8RxBou66xaKuk_C974ctHRtRGGWONSdECpTt0NGBv0aPiOurJmfMQZNojNKtWtvkaa-IWFN5pgY4lTPtouZZjlK5o1pcw1y1fowLDKwtp4VV4zmmnPKvQMM_y_LdhANCCr0MVzrgVhfMStO7nspReU6XB_ZAyKhYpb9X-Km5spW7fn0HU3U_7MFl5GW4F_V2iMuBI0IwKeBIBLjkpihrBr_HxW7Ig_eRqta8w87XePigDzZSp-8Thcej8gdot-Oeebc4OH5zXS32szm4a6TBGd1niTs6D1_rVvmShEFfSEufc_l6ZjfhVI9eQ2D&__tn__=-R,2020-03-13 07:52:30,"""https://scontent.fmnl5-1.fna.fbcdn.net/v/t1.0-9/90248467_2593344454275168_7021012553786458112_o.jpg?_nc_cat=107&_nc_sid=8024bb&_nc_ohc=fTAInxr1160AX87eXsT&_nc_ht=scontent.fmnl5-1.fna&oh=ca1c32873b21edbc137212e6f42c15d6&oe=5EBA502B""","{'Total': '302', 'Like': '278', 'Love': '24'}","{'Eunji Layco': {'text': 'Being frontliner and a preggy mom. I need to protect myself and my baby. By washing hands and a little distance to everyone was i think the basic steps i need take.. but i feel i need to protect myself and my family more by disinfecting using alcohol. I need to take vitamins and fruits..And thinking positively can also protect us from worrying and panic ‚Ä¶See More', 'post_date': '1584096213'}, 'Tans Allano': {'text': 'With the life threatening disease we are now facing, having a healthy lifestyle is very important. To protect my family and I from getting sick, we eat more vegetables and fruits and stay hydrated. I always tell my children to avoid junk foods and soft‚Ä¶See More', 'post_date': '1584580210'}, 'Arnie Junjun Lumpay Pablo Jr.': {'text': ""Me and my family are extra careful in this times,  we always get updates to the news so that we will know what are the do's and the dont's,  keeping ourselves healthy by eating the right kind of foods and above all,  the most important is we keep on pr‚Ä¶See More"", 'image': 'https://scontent.fmnl5-1.fna.fbcdn.net/v/t1.0-0/s480x480/90349555_242863296758169_8950798517304033280_o.jpg?_nc_cat=100&_nc_sid=dbeb18&_nc_ohc=TrDqEM4RPLIAX8qNbzw&_nc_ht=scontent.fmnl5-1.fna&_nc_tp=7&oh=faf55a36854f349e02a391a28ce96c3b&oe=5EBCF71E', 'post_date': '1585029663'}, 'Monaliza Tocal': {'text': 'In order for my family to stay healthy and protected against infection, we practice a very active and healthy lifestyle. We exercise daily. We always keep our bodies hydrated. We eat and live healthy. We take vitamins and get enough amount of sleep. ‚Ä¶See More', 'post_date': '1584521915'}, 'Elle May': {'text': ""Here's what I'm doing to keep myself and my family healthy:1. Eating a balanced diet‚Ä¶See More"", 'post_date': '1584583427'}, 'Grace Rogero': {'text': 'Proper awareness and making sure to triple the health defense of me and my family as well as the people around me. We make sure to consume healthy meal like veggies and fruits. Get enough sleep, exercise, taking a bath atleast twice a day. I teach my k‚Ä¶See More', 'post_date': '1584461649'}, 'Yev Marie Alba': {'text': 'At times like this, being healthy is a surefire way to protect ourselves from getting sick. We are making sure we get the right amount of nutrients with the food we eat to boost our immunity. We are very happy to have some fruits and vegetables planted‚Ä¶See More', 'post_date': '1584468735'}, 'Riama Sarete': {'text': ""In these trying times, ensuring my family's health is very important. I make sure we are eating nutritious meals and fruits, drinking plenty of water, exercising and enough rest.We also protect ourselves more by having proper hygiene, washing hands frequently and sanitizing. ‚Ä¶See More"", 'post_date': '1584366822'}, 'Yolanda Briones': {'text': 'To stay healthy at home we make sure we take vitamins. That includes vitamins C and D. Plus drinking lots of water everyday. Stay away to soda. Boost ur immune system with that vitamins and disinfect with alcohol,sanitizers and germicidal soap. Also ea‚Ä¶See More', 'post_date': '1584521249'}, 'Kaye See': {'text': 'I keep myself and my family healthy by taking care of our whole being. That is taking care of our mind, body & soul. Physically, We eat healthy, take supplements, exercise and have 8 hours of sleep everyday. We keep our home clean & practice good hygie‚Ä¶See More', 'post_date': '1584536563'}, 'Santino Benas': {'text': 'My family and I are doing our best to keep ourselves healthy especially now. Eat nutritious food and drink that are rich in vitamins which boost our immune system. Getting enough rest is also a must. Most importantly, proper hygiene. #FWDFreebieFriday #GetReadyToLive', 'post_date': '1584477445'}, 'EmCel Fajardo': {'text': 'I always make it sure that I drink lots of water have enough sleep and eat healthy foods and wash hands all the time and sanitize especially the kids.  #FWDFreebieFriday #GetReadyToLive', 'post_date': '1584152542'}, 'Kiel Lawrence Dongon': {'text': 'Our life must goes on with healthy living like we do exercises 3times a week, drink 8 glasses of water or more in a day. We do sleep early at night. We always take a bath everyday. We avoid to go anywhere if there is nothing important to do. We eat fru‚Ä¶See More', 'post_date': '1584522268'}, 'Novey Arquero Remiendo': {'text': 'We go outside if needed especially we if its for our daughters need, we always wash our hands with soap everytime we do anything because we dont have any alcohol our stocks also because we shared it to our neighbors who gave birth last week because the‚Ä¶See More', 'post_date': '1584260478'}, 'Renegade Layson': {'text': 'Spreading legit informations to public through my social media accounts, showing to kids how to wash their hands properly and reminding them the importance of being hygienic at all times. Those are my basic steps to protect not just myself but also oth‚Ä¶See More', 'post_date': '1584087090'}, 'Meldy Natividad': {'text': 'On a crisis like this, I start the DAY with a PRAYER as I believe Our Creator would still be our best armour for my family to be protected. We decide to stay in the comfort of our home, make sure all the things our done the neat and cleanest way and do all the preventive measures to make sure we would make the virus shop away... #FWDFreebieFriday #GetReadyToLive', 'post_date': '1584088488'}, 'Dolce Vita': {'text': 'We take Vit C,We eat more fruits and vegetables.Wash our hands everytime we come home from outside.‚Ä¶See More', 'post_date': '1584277108'}, 'Elinor Semira': {'text': 'These are things that we do to keep me & my family healthy: eat more veggies & fruits, keep ourselves hydrated, do regular exercise, get enough rest & sleep and take multivitamins. #FWDFreebieFriday #GetReadyToLive', 'post_date': '1584169944'}, 'Adet Samaniego': {'text': 'The basics. Simple things yet significant.1. Wash hands2. Proper hygiene‚Ä¶See More', 'post_date': '1584087100'}, 'Paolo Rovic Suarez': {'text': 'First things first, you are what you eat. If you intake healthy foods, your body will be healthy as well. Next, good diet and exercise. It will boost our immune system that serves as our barrier in such diseases.Also, proper hygiene is a must in this‚Ä¶See More', 'post_date': '1584124662'}, 'Seirahc Dee': {'text': 'I always make it sure that I stay hydrated, have enough sleep and take vitamin C everyday. This also applies to my family.And as of the moment we avoid going out to crowded places. We also do hand hygiene.  #FWDFreebieFriday #GetReadyToLive', 'post_date': '1584129573'}, 'Elaine Verano-Serranilla': {'text': 'we make sure to drink our vitamins daily. clean our hands all the time. sanitize the house as often as possible. avoiding large crowds. reading up on latest information from WHO and DOH #FWDFreebieFriday #GetReadyToLive', 'post_date': '1584091067'}, 'Pamela Love See': {'text': 'I keep myself & my family healthy by embracing a green lifestyle. That means eating healthy and everything goes green. We take time to attend to our basic physical, mental and emotional needs with a big dose of kindness and self loveWe make sure our bodies are nourished. We take time to relax and make sure to have sufficient sleep‚Ä¶See More', 'post_date': '1584338651'}, 'Mark Avelon Ope√±a Red': {'text': 'Proper and good hygiene. Wash hands with soap and water. If that‚Äôs not available, we use hand sanitizer.I/we wear a face mask when outside, this could help prevent spreading a virus if you are possibly sick.‚Ä¶See More', 'post_date': '1584087626'}, 'Syreal Syreal': {'text': '1. Love myself by taking vits2. Take enough rest and sleep 8hrs3. Drink minimum 8 glasses of water and fresh juices‚Ä¶See More', 'post_date': '1584097059'}, 'Mervy Ang': {'text': 'They say ""Prevention is better than Cure"" so to take care of my family basically nowadays with rising deseases, I always make sure they have a healthy meals everyday with vitamins intake. Staying away from crowded places, using preventive measure like mask and alcohol for self sanitation. And lastly self adjustment and knowledge to everything that happens.#FWDFreebieFriday‚Ä¶See More', 'post_date': '1584096507'}, 'Jovelyn Jose': {'text': 'I see to it that kids will have a healthy body and immune system by giving them nutritious foods like veggies and fruits.#FWDFreebieFriday #GetReadyToLive', 'post_date': '1584105183'}, 'Gina Vicente RPh': {'text': 'In order for my Family to stay Healthy we do:1. Pray‚Ä¶See More', 'post_date': '1584193899'}, 'Kris Tan': {'text': 'Our meals are very colorful! We mix Green Leafy Vegies with Red Rice. We also incorporate Tomatoes and Brocolli to our Viands. ‚Ä¶See More', 'post_date': '1584087176'}, 'Joan Manlulu-chung': {'text': 'eating nutrious food..drink our vitamins daily. drink plenty of water..washing our hands all the time... stay at home..prayer is the most powerful weapon. #FWDFreebieFriday #GetReadyToLiveFWD Life PHilippines', 'post_date': '1584153542'}, 'Angie Lita Marcelo': {'text': ""We are cleaning  every corner of our house,I talked to them to wash their  hands before and after eating.Don't  touch anything if not needed,if they talk to anyone take a distance. The most important  is to eat fruits  and vegetable  to make them healthy."", 'post_date': '1584374102'}, 'Aurora Tauto-an Candido': {'text': 'stay at home..wash your hands properly..eat more healthy foods and drink lots of water.more vit.c f possible 1000 mg..sleep well ..more exercise jog or walk daily for 30 to 45 mins..and more important dont  forget to pray everyday...!!!', 'post_date': '1584086532'}, 'Kathleen Marie': {'text': 'I keep myself & my family healthy by leading a healthy lifestyle to become healthier everyday. We take care of our physical, mental, emotional and spiritual being. Caring for our physical needs by eating healthy, getting enough rest and sleep, hitting ‚Ä¶See More', 'post_date': '1584328382'}, 'Jake Cortez': {'text': 'The best thing to do to proctect my wife and my son from the virus are1. Avoid big events and crowded places like mall ‚Ä¶See More', 'post_date': '1584087549'}, 'Wel La': {'text': 'Here are some ways we do to keep myself and my fam-ily healthy. 1.We always wash our hand with soap. We also make sure that we have alcohols anywhere we go. 2.We take a daily dose of food supplements. ‚Ä¶See More', 'post_date': '1584086959'}, 'Avegay Palma': {'text': 'I always cooked healthy dishes specially  vegetables for my family for us to stay healthy and away from getting sick. We always do proper handwashing every now and then. Expose ourselves early in the morning for MORNING SUNSHINE to get enough Vit.D fro‚Ä¶See More', 'post_date': '1584087812'}, 'Roger Teves Gumapo': {'text': 'Exercise proper hygiene and make sure that our immune system is strong. We also keep our house and sorounding clean and we make sure to disinfect.  We make sure to take a bath and change clothes before going inside our room. We also choose to stay at h‚Ä¶See More', 'post_date': '1584095538'}, 'Jo Anne Dell': {'text': 'Basic things to do as this time are sticking to credible sources to avoid misinformation,  eat balanced diet, just relax by doing yoga and meditation,  wash hands regularly,  avoid crowded places and connecting loved ones and friends through calls or texting.#FWDFreebieFriday#GetReadyToLive', 'post_date': '1584087090'}, 'Karen A. Cruz': {'text': 'To keep me and my family protected and stay healthy, the things we do are:1. Stay at home muna and still enjoy at the comfort of your home2. Eat nutritious food such as vegetables, fruits, yogurts, among others, to boost immune system‚Ä¶See More', 'post_date': '1584089051'}, 'Dexter Angeles': {'text': 'We need to go back to the basic to keep ourselves and family healthy and strong. First, be healthy inside by eating right and proper amount of veggies, fruits, meat and fish and avoid food with chemicals and MSG. Avoid cosuming carbonated drinks as wel‚Ä¶See More', 'post_date': '1584219350'}, 'Mona Verdida': {'text': 'Stay at home, lots of sleep, and eat everything in moderation. I also purchased a new static bicycle so we can exercise at home while watching TV. Balanced lifestyle is the key to a healthy life.  #FWDFreebieFriday #GetReadyToLive', 'post_date': '1584087540'}, 'Caroline D. Dolencio': {'text': 'Practice good hygiene, drink plenty of water and 1000 mg. of Vitamin C. Eat healthy food and avoid crowded areas if possible. Sanitize, wash hands and use alcohol regularly.#FWDFreebieFriday‚Ä¶See More', 'post_date': '1584086881'}, 'Renev Zurc': {'text': '1 gram of dose vit C, drink lots of water, sanitize hands with alcohol, eat vegetables and fruits, and of course get FWD insurance...', 'post_date': '1584086414'}, 'Marivic Vea': {'text': 'I always told my two kids and husband to wash hands with antibacterial soap. Drink a lot of water and avoid too much exposure outside. Always wear facemask and stay at home always if not necessary to go outside. #FWDFreebieFriday #GetReadyToLive', 'post_date': '1584086884'}, 'Maridel Mag-aso': {'text': 'First things first, I follow what the DOH or the government warn us to do to avoid COVID-19. So I follow the rules in proper hand washing and distancing myself in public. Since there is no classes, Im keeping myself busy on reading and reviewing my sch‚Ä¶See More', 'post_date': '1584185444'}, 'Ernesto Sespene': {'text': 'Stay at home more bonding moment keep away to the crowded places, practice good hygiene and always wash our hands hourly or as needed.#FWDFreebieFriday#GetReadyToLive', 'post_date': '1584086472'}, 'Gretch Cusi': {'text': 'Distancing my self and my family from the crowd, taking vit c and keep ourselves hydrated.#FWDFreebieFriday#GetReadyToLive', 'post_date': '1584086145'}, 'Jona Paredes': {'text': 'Stay home..eat more healthy foods also protect yourselves by handwashing,drink more water and take vitamins..Keep praying..', 'post_date': '1584086224'}, 'Mary Ann Magbanua Padua': {'text': 'First kelangan prayer yung ang una sa lahat .Pangalawa hinahainan ko ng masustansyang pagkain ang pamilya ko kahit na mura pero masustansya at palagi ko sinasabihan sila na uminom palagi ng tubig', 'post_date': '1584088494'}, 'Jon Cato': {'text': 'The basic steps i did to protect my family from this COVID-19 is to tell them now and then to wash there hands with soap and water frequently and avoid touching there eyes,nose,or mouth with their unwashed hands.  Staying indoor,and taking vitamin C too to boost our immune system. #FWDFreebieFriday #GetReadyToLive', 'post_date': '1584261486'}, 'Albert Alemania Memoracion': {'text': '-Avoid in crowded places, stay at home if possible-Proper hygiene is our priority-Boost our immune system through taking nutrious foods and vitamins‚Ä¶See More', 'post_date': '1584087577'}, 'Clarisse Vaylon Manuel': {'text': 'I made sure to clean our house regularly, spray alcohol at each corner of our house, cook nutritious food for my family, wash our hands while singing happy birthday, sleep early, Do not panic and Pray for the good health of our family.. #FWDFreebieFriday #GetReadyToLive', 'post_date': '1584106885'}, 'Hershey Ann Gercio': {'text': 'I keep myself and my family healthy by:1. Following public health advice to stay at home and avoid crowded places.2. Providing my family a healthy food. I add more fruits and vegetables to our meals. ‚Ä¶See More', 'post_date': '1584087670'}, 'Ma Loida Moreno': {'text': ""We always keep a mask and alcohol handy. We don't go out unless to buy food. And we make sure we eat healthy and take vitamins."", 'post_date': '1584966932'}, 'Veronica Paraiso': {'text': 'Here are the basic steps I do with my family to protect them from getting sick 1. Avoid Crowded Places , stay at home as much as possible2. Get enough sleep and vitamins for the immune system‚Ä¶See More', 'post_date': '1584254427'}, 'Angel Erika Agravante': {'text': 'These are the basic things that we do in order to keep ourselves healthy üíØ1. Prayer 2. Exercise‚Ä¶See More', 'post_date': '1584227723'}, 'Julie Vicente Suba': {'text': 'We always do Proper hand washing.  Cleaning and Sanitizing our home everyday. I buy lots of fruits and veggies to boost our immune systems, drinking lots of water also.üíô As much as possible we stay at home, and if ever we go outside we bear in mind the‚Ä¶See More', 'post_date': '1584093212'}, 'Signorina Aliza': {'text': 'I keep myself & my family healthy by eating healthy. More fruits and veggies in our diet. Junk foods and unhealthy drinks are a no-no. We drink fresh fruit juice every morning and drink more water. And We keep a positive mindset#FWDFreebieFriday‚Ä¶See More', 'post_date': '1584289855'}, 'Roxane Cabile-Montierro': {'text': 'We need to be more cautious especially now that COVID-19 is pandemic. We will not risk our lives especially the lives of our loved ones by exposing ourselves to possibility of getting it, that is why we are doing this basic steps in protecting ourselve‚Ä¶See More', 'post_date': '1584271374'}, 'Bels Pontongan': {'text': 'For me as a mother I always priority first the health of my family I see to it that our home will clean and organize,  I teach my kids how to be able away from the virus in order that they are also aware from the deadly pandemic virus. Washing their ha‚Ä¶See More', 'post_date': '1584409084'}, 'Shiela May Suante': {'text': 'We stay at home as much as possible and avoid crowded places like mall, park, gatherings and parties to avoid close contact with others. I always make sure that my family eat healthy foods like veggies and fruits and also, take vitamins as this will bo‚Ä¶See More', 'post_date': '1584569662'}, 'Arriane Faye Barrera': {'text': 'Stay active, eat healthy, drink water, practice proper hygiene and of course we should make time for whole body health. Visit doctors for regular checkups.   Let  health benefits and preventive care services work for our family. Make sure we have health insurance plan involves. Preventive care can detect disease or prevent illness before they start. #FWDfreebieFriday‚Ä¶See More', 'post_date': '1584336375'}, 'Rojean Mae Lamsin': {'text': 'Staying at home with the kids and i make sure that i only cook healthy meals for them. Giving them daily dose of vitamin c is also very important to protect them from getting sick.#GetReadyToLive #FWDFreebieFriday', 'post_date': '1584086563'}, 'Bess Thomas': {'text': 'I keep myself and my family healthy by living a healthy lifestyle. We practice self-care and good hygiene. We take good care of our skin. Pamper ourselves with skincare every morning and before bedtime. We take supplements religiously. We eat healthy. ‚Ä¶See More', 'post_date': '1584260347'}, 'Arnida Mindalano': {'text': 'EAT FEWER SNACKS AND SELECT HEALTHY ALTERNATIVESHealthy snacks help children and young people meet their daily nutritional needs. Snacks based on fruit and vegetables, reduced fat dairy products and whole grains are the healthiest choices. Avoid snac‚Ä¶See More', 'post_date': '1584347571'}, 'Aldrin Montierro': {'text': 'These are the basic steps that we are taking to protect ourselves from getting sick:1. We eat healthy food = eating right kind of food and doing exercises that boost our immune system.‚Ä¶See More', 'post_date': '1584243541'}, 'Marilyn Goyonan': {'text': 'Eat healthy foods,  take vitamins and have a proper personal hygiene always such as washing our hands and using alcohol and most specially  avoid crowded places, stay muna sa bahay hanggat maaari. Lastly PRAY#FWDFreebieFriday‚Ä¶See More', 'post_date': '1584086632'}, 'Maria Ellena Mariano': {'text': 'Proper hygiene,wash hands w/soap and water and use alcohol.Wear a mask outside.Eat healthy foods fruits and vegetables,take vitamins,drink more water. And possible to stay only at home#FWDFreebieFriday#GetReadyToLive', 'post_date': '1584115873'}, 'Kate Paula Cato': {'text': 'Sa tulad naming mahirap ay malaking hamon itong nangyayaring crisis sa ating bansa lalo na at saktong sakto lang po talaga ang kinikita pang kain. Kaya sinisigurado ko na ang naiHahain kung pagkain sa aking pamilya ay masustansiya katulad ng mabeberden‚Ä¶See More', 'post_date': '1584105195'}, 'Arlene Obien': {'text': 'stay indoors proper hygiene keep hydrated‚Ä¶See More', 'post_date': '1584091859'}, 'Joel Dolfo': {'text': 'A #NEWSTART against COVID-19:N-UTRITION= eat more fruits and vegetable rich in Vitamin C and D‚Ä¶See More', 'post_date': '1584087932'}, 'SaturNina Castillo': {'text': 'The basic STEPS to keep myself and my family healthy from getting sick are...1.Keep myself clean/Practice good hygiene like  handwashing as much as possible.‚Ä¶See More', 'post_date': '1584087612'}, 'Zharee Fuentebella': {'text': '1. Practice proper hygiene these includes taking a bath everyday, washing our hand thoroughly with antibacterial soap and in the absence of water we use sanitizer ,alcohol and wipes. .2. Sanitizing and disinfecting our home daily is one of the basic s‚Ä¶See More', 'post_date': '1584602973'}, 'Kurt Ycher': {'text': ""1. Social distancing ,avoiding crowded places as much as possible.. most of the time I'm staying at home and making myself healthier to boost my immune system to fight against COVID-19.2.protecting myself against the virus by keeping my hands always t‚Ä¶See More"", 'post_date': '1584332421'}, 'Sophie Sy': {'text': 'We eat healthy foods, take supplements, practice good hygiene & sanitary practices at home. #FWDFreebieFriday‚Ä¶See More', 'post_date': '1584182584'}, 'Aliza Thomas': {'text': 'I keep myself & my family healthy by having a healthy lifestyle and having a healthy mindset. We eat healthy. We take good care of our body and maintain a good hygiene. We make time for ourselves every single day. #FWDFreebieFriday‚Ä¶See More', 'post_date': '1584302109'}, 'Jeanette Layar': {'text': '1. Eating nutritious food.2. Taking Vitamins3. Proper hygiene', 'post_date': '1584087414'}, 'Imee Jaafar': {'text': '1. Stay at home2. Cook healthy foods3. Take vitamin c‚Ä¶See More', 'post_date': '1584637502'}, 'Xavy Abela': {'text': 'üëç Eat nutritious food üëç Drink plenty of water üëç Take vitaminsüëç ‚Ä¶See More', 'post_date': '1584590695'}, 'Jun Ortiz Luis': {'text': 'Stay Home, wash your hands with soap for 20 seconds, satinize with 70% isprophil alcohol in your hands. Eat healthy food like vegetables and fruits. Rest well and Pray üôèüôèüôè For the Philippines and the Whole World. #FWD‚Ä¶See More', 'post_date': '1584366863'}, 'Bea Sivel': {'text': 'Here are the things I do to keep myself and my family healthy:1. Balanced diet‚Ä¶See More', 'post_date': '1584356068'}, 'Ilyn Kabiling Tabuyo': {'text': 'Stay at home kung wala rin importanteng gagawin sa labas,', 'post_date': '1584332593'}, 'Scarlet Reyes Atheena': {'text': ""Hello FWD Life Philippines these are the methods or preparation to keep myself , my family and loved ones safe and healthy:1. practice proper hygiene using germ free soap ,alcohol and sanitizers.. PROPER HANDWASHING is inplemented and it's a MUST befo‚Ä¶See More"", 'post_date': '1584326219'}, 'Melanie Aguilar Pancho': {'text': 'Stay at home', 'post_date': '1584315794'}, 'Pinky Pam': {'text': 'keep myself and my family healthy by living a healthy lifestyle and having a healthy mindset#FWDFreebieFriday‚Ä¶See More', 'post_date': '1584288710'}, 'Suzette Bondoc': {'text': '1. Boost Immune System2. Stay Safe at home3. Dont Panic‚Ä¶See More', 'post_date': '1584240189'}, 'Aileen Lobos Soledad': {'text': 'The Top 8 i know are:1. Wash hands‚Ä¶See More', 'post_date': '1584152707'}, 'CJ Barrios': {'text': '* Avoid in crowded places, stay at home if possible* Proper hygiene is our priority* Boost our immune system through taking nutrious foods and vitamins‚Ä¶See More', 'post_date': '1584149451'}, 'Kim Wee': {'text': 'Always washing my hands and trying to avoid going to crowded places. #FWDFreebieFriday #GetReadyToLive', 'post_date': '1584109823'}, 'Roger Auguis': {'text': ""First of all..I'm just pray..to  God .because no imposible for him...secondly..magiingat..palagi...gagawin lahat upang makaiwas...sa covid 19.."", 'post_date': '1584103866'}, 'Benjamin Benben Salvador': {'text': 'We Stay away from crowded place, eat nutritious food, sleep early and pray.  #FWDFreebieFriday #GetReadyToLive', 'post_date': '1584103612'}, 'Hydee Cris Lim Roma': {'text': 'Praying', 'post_date': '1584100945'}, 'Miko Cabral': {'text': ""F-ollow government's advicesW-ash hands regularlyD-o not panic!‚Ä¶See More"", 'post_date': '1584099743'}, 'Anne Kabigting': {'text': 'Prayer,drink lots of water,vitamins and proper hygiene#FWDFreebieFriday #GetReadyToLive', 'post_date': '1584095373'}, 'Marah Renales': {'text': '1. Stay at home2. Wash hands3. Eat healthy foods‚Ä¶See More', 'post_date': '1584092731'}, 'Jaz Nuyda': {'text': 'Always washed our hands and use alcohol and face mask.Drink lots of water and take vitamin C for immune system.Exercise  and sleep 8hours daily. Eat fruits and vegetables for healthy lifestyle. üíØüíØüíØ‚Ä¶See More', 'post_date': '1584091302'}, 'Rose Villamora': {'text': 'Drink water, Proper hygiene and pray to God is my way to keep me and my family safe and healthy.#FWDFreebieFriday#GetReadyToLive', 'post_date': '1584091295'}, 'Myrlle Florendo Cabais': {'text': 'Healthy diet, stay hydrated, proper personal hygiene, daily multivitamins, staying inside our home and being prayerful.#FWDFreebieFriday#GetReadyToLive', 'post_date': '1584091084'}, 'Brian Martinez': {'text': '1. PRAYER 2.Daily exercise3.proper hygiene‚Ä¶See More', 'post_date': '1584089167'}, 'Ron Mer': {'text': '1. Prayer2. eat fruits and vegetables3. proper hygiene‚Ä¶See More', 'post_date': '1584089137'}}",82
fwdlife.ph,,https://web.facebook.com//fwdlife.ph/photos/a.1484884351787856/2593228380953442/?type=3&__xts__%5B0%5D=68.ARBB9xHxlBZMRVwc2Trghm5KTh7d0Bj_HLL5qBn2zvsDcT1Mc5qk-HS5dsihJjei_yv9WZAMD6OxNPDCDY19rKySQJewTdFCD9Z96bgyvx9YQjqq-qzXM2umm4qyEqiu70gNvNNf8qIDOru8Ly-KWguBv5r8Vdd8v6AHewQJBJ8cXjoILlM-lpqVgcRTW1cP-P6YxIJrMD2s2TIQTRGulo8TyObEQn894uiu7LVZ05kKDX7NQuJqElkARWHhJkfCh1DBaNI5Ob7chhRVo4novBIMJFPEQvT_9A&__tn__=-R,2020-03-13 02:46:14,"""https://scontent.fmnl5-1.fna.fbcdn.net/v/t1.0-0/p600x600/89573833_2593228387620108_5963212441503399936_o.jpg?_nc_cat=103&_nc_sid=dd9801&_nc_ohc=h8d0wrCeDBEAX9_KuyQ&_nc_ht=scontent.fmnl5-1.fna&_nc_tp=6&oh=c03d09222b581cf49214d5e60f54bbfc&oe=5EBCC2E3""","{'Total': '472', 'Like': '361', 'Love': '104', 'Wow': '7'}","{'Grazielle Rigunan': {'text': 'Details please', 'post_date': '1584150468'}, 'Krizia Chu-Tranquilino': {'text': 'Is this automatic, or are there adtl forms that need to be accomplished?', 'post_date': '1584073740'}, 'Regina Uyboco': {'text': 'Details', 'post_date': '1584070722'}, 'Leizel Trazona': {'text': 'Thanks fwd...‚ù§‚ù§‚ù§', 'post_date': '1584109316'}, 'Francis Jude Yeo': {'text': 'that answers my inquiry thanks fwd', 'post_date': '1584073461'}, 'Albert Mendoza': {'text': 'Thamk you FWD', 'post_date': '1584100655'}, 'Lilibeth Madrid': {'text': 'How much?', 'post_date': '1584097183'}, 'Ariel Lopez Timbang': {'text': 'Thanks FWD', 'post_date': '1584122485'}, 'Dongskie Sumagia': {'text': 'Thanks... FWD', 'post_date': '1584076289'}, 'Liezel Constantino': {'text': 'Fwd insured ü•∞', 'post_date': '1584073731'}, 'Jave Zon': {'text': 'Thanks FWD', 'post_date': '1584091657'}}",240
fwdlife.ph,"With the growing concern about COVID-19 and FWD's continuing commitment to care for customers, FWD is providing existing plan holders ‚ÄúFWD COVID-19 Ready,‚Äù  an additional lump sum medical and funeral benefit if diagnosed with COVID-19, at no extra cost. This benefit is provided on top of eligible and active FWD insurance plans and riders. In addition, for customers who are diagnosed with COVID-19, FWD will be extending payment grace period to 90 days and releasing the FWD COV...ID-19 Ready medical benefit claims within 48 hours. Ask your financial advisor for details or contact our 24/7 LiveChat at fwd.com.ph and on our mobile app, FWD Tapp. Learn more at bit.ly/FWDCOVID19Ready Benefit is available for active and eligible life insurance plans issued up to Feb 29, 2020, except group insurance plans, KanDuu (KanMend, KanLive, and KanGuard), Set Ka Na, and Peace. Coverage period until April 15. #FWDCOVID19Ready",https://web.facebook.com//fwdlife.ph/photos/a.1484923395117285/2592549374354676/?type=3&__xts__%5B0%5D=68.ARBZfPlZL0VRfqDgmVrDvb66RlDFZmDXutO4sZbpOoy3UcPUIHu3bj9b1aTTkGsg7OOg40OoLpX53LSxcMJZD3tcTdVl8e1fe3MRHjgVLkyuhRsq0alq77O_jMCb3yJB-QXOh1uBuMJzjCy2r55ItcR20QR2lhtxfhlBxUgj09p1SX04QGbELyw02WPviaT3667LIoLE0OnMWtjtGqOJm-RRGHs5C-Mxo0ojpsvrjXEqkY8S_cFcWatujvUVhXCWICEoQqdvneCfgidIdDnduzJ2Xe3AHuErvx1dAXxcMIgs4iy2IekgT0I-4hDoJFgIpk8j2lGoZB9RmDvRs2Sdc_suDn9H&__tn__=-R,2020-03-12 10:00:01,"""https://scontent.fmnl5-1.fna.fbcdn.net/v/t1.0-9/s1080x2048/89040520_2592549377688009_61239258614071296_o.jpg?_nc_cat=106&_nc_sid=8024bb&_nc_ohc=zJHapMcvLPEAX8rynFj&_nc_ht=scontent.fmnl5-1.fna&_nc_tp=7&oh=041f7ded07b66e64456477d5f7e5d001&oe=5EBAB639""","{'Total': '888', 'Like': '571', 'Love': '291', 'Wow': '24'}","{'Cris Espi': {'text': ""I'm a bpo rep. and our company have a active plan in fwd, will I be getting this?"", 'post_date': '1584567694'}, 'Allen Santa Ana': {'text': 'Thank you FWD....but still take care always.. and always pray...', 'post_date': '1584017629'}, 'AJ Bellen': {'text': 'Is Set for life 5years plan covered with this benefit?', 'post_date': '1584258643'}, 'Catherine Lim-Domingo': {'text': 'Wohoo! Very relevant to the needs of the clients‚ù§‚ù§‚ù§', 'post_date': '1584021337'}, 'ALfred Navarro': {'text': 'Thanks FWD for extending our benefits', 'post_date': '1584042968'}, 'Paul Munar': {'text': 'Thank you fwd  we feel safer and secured with this news!', 'post_date': '1584024955'}, 'Aurora Tauto-an Candido': {'text': 'many.many thanks #FWD...üôèüôèüôè', 'post_date': '1584061266'}, 'Liezel Endrano': {'text': 'Is this an additional rider? Or is it an  automatic additional benefit to all FWD insurace?', 'post_date': '1584026483'}, 'Sherill Tongko': {'text': 'thank you fwd', 'post_date': '1584021903'}, 'Rychelle Mantatao': {'text': 'Only with FWD! #GetReadyToLive', 'post_date': '1584008316'}, 'Lg Porras': {'text': 'Is set for life covered with this benefit? Btw, active plan holder ako since 2018', 'post_date': '1584538715'}, 'Ben Baniel': {'text': 'Is FWD not extending or postponing Premium Payments due to the Lockdown', 'post_date': '1584365950'}, 'Lily Acas': {'text': 'Pa share sir barce....Thank you FWD!!üíñüíñüíñüíñ', 'post_date': '1584017486'}, 'Cristina Baltazar Clasara': {'text': ""Though I have one, SAna I won't need it"", 'post_date': '1584012175'}, 'Miraseth Stamaria': {'text': 'Tnx God en tnx to FWD', 'post_date': '1584500513'}, 'Genie Singer': {'text': 'Thank you so much FWD üíñüòá', 'post_date': '1584073825'}, 'Joyce Lanoria': {'text': 'Thank you FWD n Nicole for info', 'post_date': '1584071756'}, 'Philip Raymund B. Cabalquinto': {'text': 'Nice!!!', 'post_date': '1584019883'}, 'Tin Tine Tin': {'text': 'Thank You!FWD', 'post_date': '1584014950'}, 'Mafe L√°ngu√®z Cede√±o': {'text': 'FWD really cares üíû thank you', 'post_date': '1584108537'}, 'Arnold Padiernos': {'text': 'Salamat talaga sa fwd ndi tayo nagkamali sa pagkuha sau..... Good job and more power...', 'post_date': '1584013440'}, 'Maribeth M. Salazar': {'text': 'Iba talaga, thanks FWD !', 'post_date': '1584018377'}, 'Jelyn Rodriguez-Dacalcap': {'text': 'Yey! Thank you FWD ‚ù§', 'post_date': '1584017799'}, 'Melry Win Padua': {'text': 'Yes!üòä', 'post_date': '1584052994'}, 'Val Domingo': {'text': 'Thank you FWD!', 'post_date': '1584015626'}, 'Josie Buencuchillo': {'text': 'thank you FWD...üíï‚ù§Ô∏èüíû', 'post_date': '1584018395'}, 'John Bee Bautista': {'text': 'Thank you #FWD', 'post_date': '1584019791'}, 'Venice Santiago-Balasolla': {'text': 'Thank you FWD.', 'post_date': '1584019301'}, 'Brian Laguda Belleza': {'text': 'Wow!', 'post_date': '1584019936'}, 'Mary Anne Abrera Rivera': {'text': 'Thank you FWD üß°üß°üß°', 'post_date': '1584026015'}, 'Myra David': {'text': 'Thank you FWD ‚ù§Ô∏è', 'post_date': '1584098378'}, 'Jasmine Vitto': {'text': 'Thank you FWD üòçüòä', 'post_date': '1584024826'}, 'Monnette Lopez': {'text': 'Wow! üß°', 'post_date': '1584022017'}, 'Gerlyn Briones': {'text': 'Thank you FWD ü•∞‚ô•Ô∏è', 'post_date': '1584017048'}, 'JP Ferido': {'text': 'Thanks FWDüëçüëçüëç', 'post_date': '1584057554'}, 'Jecon Grace': {'text': 'Thank you FWD', 'post_date': '1584025582'}, 'Earl Elmer Patnon': {'text': 'Thank you Fwd', 'post_date': '1584015662'}, 'Eden Clores': {'text': 'Thank you FWD!', 'post_date': '1584016055'}, 'Ronald Dimaculangan': {'text': 'Thank you FWD!', 'post_date': '1584033291'}, 'Shalimar Villanueva Tingson': {'text': 'Thank you FWD', 'post_date': '1584018198'}, 'Salvador D. Enriquez Jr.': {'text': 'Power FWD.', 'post_date': '1584014862'}, 'Jocelyn Taperla Moreno': {'text': 'Thank you FWD', 'post_date': '1584015958'}, 'Katrina Isunza': {'text': 'Thank you FWD!', 'post_date': '1584064661'}, 'Marjune Cortez': {'text': 'Thank you, FWDüëçüèª', 'post_date': '1584020527'}, 'Vladz Nonan': {'text': 'Irene Matig-a thank God naay coverage ang fwd sa covid 19', 'post_date': '1584014777'}, 'Meynard Emuy': {'text': 'Wow!', 'post_date': '1584019686'}, 'Arlie Villagomez': {'text': 'Thank you FWDü•∞', 'post_date': '1584077462'}, 'Aika Guanco': {'text': 'THANK YOU!', 'post_date': '1584527966'}, 'Christle': {'text': 'Thank you fwdü•∞', 'post_date': '1584233612'}, 'Roland Spencer Anonuevo': {'text': 'Thank you!', 'post_date': '1584330457'}, 'Ronan Salvador': {'text': '‚ô•', 'post_date': '1584017575'}, 'Tessie Angeles Fernandez': {'text': 'üôè', 'post_date': '1584164005'}}",1.1K
fwdlife.ph,"It‚Äôs so much easier to enjoy life when you know your health and loved ones are protected‚Äîin good times and in bad. When you have a plan like FWD Insurance‚Äôs Set for Health, which covers you against major critical illness until age 75 and rewards you for being healthy beyond that, what‚Äôs there to worry about? Click here to learn more http://bit.ly/ProtectYourLovedOnesWithFWD. #GetReadyToLive!",https://web.facebook.com//fwdlife.ph/photos/a.1491971444412480/2591786511097629/?type=3&__xts__%5B0%5D=68.ARCW_ezZidamS-eVH-cHepbzmOx4IlPzpm5Fqtxu9oShDpvXNJk63xZ3CDjwlaymNMa2fZ_YI07Iajnn1HKzFFD5weGP3YKAnMZ_OJtmaBNtX4aN-7RzvLw42liSiB2tmzAuMjisDmZcrt_DsgtaRsuxbmodSicKc_SgtsK7BHATiJvGxvCin8P-DePcSbxCQ7kpCrlOKIUaEzE8jy6Wvap3Iltth8RjlKaYED4Oxo8XNVLmZ4uodYWw36sH0KPWzYEPPCO9jIevfGlrW81Gmz9f4sFP-MZga3o3IDYTHnAAN6sECSsXKx35AXhPRuvUe3zS8DW9SnaxShf5raesuCmnbp8G&__tn__=-R,2020-03-11 10:21:29,"""https://scontent.fmnl5-1.fna.fbcdn.net/v/t1.0-9/88194245_2591786514430962_3014784716411764736_o.jpg?_nc_cat=101&_nc_sid=110474&_nc_ohc=mypuXsMiPsgAX_udb_J&_nc_ht=scontent.fmnl5-1.fna&oh=cbec1d49a50187ae527efb734a537ad2&oe=5EBC0D45""","{'Total': '232', 'Like': '183', 'Love': '48', 'Wow': '1'}","{'Niza M. Hayo': {'text': 'Yes', 'post_date': '1583976626'}, 'Pat Lauron': {'text': 'üôèüèºüß°', 'post_date': '1583975095'}, 'Cor Banasco': {'text': 'True üß°', 'post_date': '1583922812'}, 'Shawie Sharon': {'text': 'üòç', 'post_date': '1583988273'}, 'Yvi Pantollana': {'text': 'üß°üß°', 'post_date': '1583929631'}}",338
fwdlife.ph,"In last year‚Äôs 42-kilometer FWD 78¬∞ North Marathon, Joyette Jopson finished first place in the women‚Äôs category and third place overall. But she didn‚Äôt fly to the top of the world for that. She was supposed to compete in the FWD North Pole Marathon 2019, which was cancelled the last minute due to geopolitical issues. This year, FWD North Pole Marathon is back and Joyette to extend her journey to the North Pole with a renewed spirit and stronger resolve to win over the challenges and come home a champion. #GetReadyToLive #FWDTeamAsia #FWDReturns #NPM2020",https://web.facebook.com//fwdlife.ph/videos/1258779920987562/?__xts__%5B0%5D=68.ARCW9G5IK3SUwFY2vPVszqxswT9biZYNr5xNESVAyLcQB7ubATrvxB-xqUtH5-mPvBLso3c8qB1RfOXTz9GvDLWGilLWjR55ZD1rZiLyXkeakCkJC5KooUsODLXgHO00Mf3koiVsrbqTGPVH-oyZZCkDkNp5D9g6GB84eqYhjkpQEDP37ZRyrwrZPOFjFxdiHs4-E0DJMyD5AjBBk-hNJgmsUbp7tYJNsNtGhJG3x9WjDCuir4mVoUn7nkq7odPRy9BV02OAQ5CFJX-HzJkmkSXQgSXiMfZb3pA9N2QUQPrdA_b6rKsw5BDe3qR2iz-KwUkkJAAAqeddIIe5qIB5w4dwrl94MVWqE9PUL68j&__tn__=-R,2020-03-10 10:00:01,,"{'Total': '132', 'Like': '103', 'Love': '25', 'Wow': '3'}",{},39
fwdlife.ph,The safety of everyone is our top priority. Keep safe and healthy!,https://web.facebook.com//fwdlife.ph/photos/a.1484923395117285/2590190857923861/?type=3&__xts__%5B0%5D=68.ARA21ZEPjPU5ZVlGKW9xIxjva0rP6A7h86dt33Ht2k-nKiMKaLN6QFvfdbzwIpEikjU-_iZ5KWw0AIV4-g33JF6BRA7ucuQ9ZdEb_NB7EirOOsUaeJnUvLhTze2LpEk4o1mM80b_ucckuKtE5ysTWnZPiM8U9XGsgqEQ0OCVDR5mZraB8UveCfR3jhOBNKZ3bM-ExSytobiyxReTzKd1vd5bLS6F-AXIw5onecTPCBX4amiazFudRIYqOy5xqqFreqxu_cKu6TXNkugwgKERIPbnifbwM5lnkch0a04bBwahzgN2sLG4Awb50I0MuHXqAVQ6TJvauu06BHPwbdGj1a84j5P1&__tn__=-R,2020-03-09 13:01:57,"""https://scontent.fmnl5-1.fna.fbcdn.net/v/t1.0-9/s1080x2048/89330667_2590190861257194_7453104955461730304_o.jpg?_nc_cat=102&_nc_sid=8024bb&_nc_ohc=pmwtICw-zTwAX-yBcyw&_nc_ht=scontent.fmnl5-1.fna&_nc_tp=7&oh=a26c922ae0e6134bd64f50a1695fd715&oe=5EBC52A6""","{'Total': '500', 'Like': '419', 'Love': '79', 'Wow': '2'}","{'Skevie Kyriakou': {'text': 'Hello. Wanted to make sure if fwd trainings schedule for tomorrow is cancelled as well?', 'post_date': '1583761418'}}",212
fwdlife.ph,"At FWD, our vision is to change the way people feel about insurance. We listen to you and work tirelessly to redefine insurance through your eyes.  When we assist you, we go above and beyond to put ourselves in your shoes first.  We want to give you the protection you need through easy-to-understand products, supported by digital technology. We focus on your other needs as much as your financial ones. We continue to innovate to provide you the best service‚Äîquick, easy, and hassle-free.    We‚Äôre here for you when you need us. We became the first insurance company in the Philippines to offer 24/7 customer service and launched Tapp, our one-tap insurance app, that allows you to manage your plans at the touch of your fingers. We want you to celebrate living without fear because we always have your back.",https://web.facebook.com//fwdlife.ph/photos/a.1484923395117285/2590080114601602/?type=3&__xts__%5B0%5D=68.ARAhbIbHq1enMHE4dyF3p6fZIjR6-H2aI98oFnljHBulKsu-xcMPNiAM5W4UvkK2uQqhjoPMnPAwCDX8gKP61FjZbbwCZXm4Vh5rjsbPxcBv0XHkkL4vhM-ZQXE8Nx-zBgOZA-a1_AFTTmVDJl5wYj44KsfusSE5AK-GOqKV90EtuPxpJ-7I6SqNAt6dWJDw-7uOwo6wOpU9VnkFcI6BnfcKvlYqqFbPkIljdYyPsDmLByUOP1YR3hzEW8uA6I_1i3drszlwC5P7IgfODh51OxMyyfiLypEs-nRIcIH_WNLQ-Y9orcoaavM1Q-C1K_fwD8j7OxPRS2Oy5J_nn9cudCm6J2bA&__tn__=-R,2020-03-09 11:00:53,"""https://scontent.fmnl5-1.fna.fbcdn.net/v/t1.0-9/s1080x2048/89267924_2590080121268268_6376029609774809088_o.jpg?_nc_cat=111&_nc_sid=8024bb&_nc_ohc=AFDqKEXcfzQAX-P161m&_nc_ht=scontent.fmnl5-1.fna&_nc_tp=7&oh=1b1c48a84a83de713209396b23b61d12&oe=5EBC985F""","{'Total': '233', 'Like': '178', 'Love': '55'}",{},221
fwdlife.ph,"Driving in the Philippines means you‚Äôll spend countless hours stuck in heavy traffic. It‚Äôs the reality. With this, always assume that most people are in a sour mood already and their patience is wearing thin by the minute. Refrain from doing anything aggressive that will only add fuel to the fire. Maintain the proper speed and observe adequate space for lane changes. If a motorist is tailgating you, move over and let them go. Remember: It isn‚Äôt worth causing an accident or serious injury, just to prove you‚Äôre right. If you expect disciplined driving from others, start with yourself. #FWDMCX #RoadToProgress #GetReadyToLive",https://web.facebook.com//fwdlife.ph/photos/a.1484923395117285/2593364114273202/?type=3&__xts__%5B0%5D=68.ARDheSpJ5jgE82Q2B6iHyj7TeyFK3S0AzpDi4zve94ttHsUP1v7nzp7fsNL_j26DZ72Tewu5dDOTBpwgzxdz65WA21oWOdhDuq7tN5yhzXwWY7zNzGfuN-aY01KgfWaRTO_2yUKOmXn3zQS0Xnuo57nJYOuvRzmOSvwPIT1iAyojfn6NbVxJpQRDzZV5r0s7ZUHDItz6iGV79WkMyfQek1f6CPlHVnGf7LIAzAFQSUr3MC6xdryNuTudsAZfZlgxoILsVgMCQZAoA1z5JoK3ZtmsqhaUVFk-N_9tfhCjz6XYA-l3qYUX8dVG7n6X123DThS8KNiDHgGWy1Uj3_XFYToPGG_H&__tn__=-R,2020-03-08 04:00:00,"""https://scontent.fmnl5-1.fna.fbcdn.net/v/t1.0-9/90223330_2593364117606535_4357920959529746432_o.png?_nc_cat=106&_nc_sid=8024bb&_nc_ohc=MdybX2jVpiwAX-svQ1k&_nc_ht=scontent.fmnl5-1.fna&oh=d4724dacc9008cf67ba76716d3620bce&oe=5EBB4873""","{'Total': '71', 'Like': '65', 'Love': '5', 'Wow': '1'}","{'MA Elezabeth Santillan Descartin': {'text': 'Yesss', 'post_date': '1584086807'}}",12
fwdlife.ph,The weekend is the best time to start. Setting aside time to quiet your thoughts and focus on your body offers benefits that extend to other parts of your life. #GetReadyToLive,https://web.facebook.com//fwdlife.ph/photos/a.1484923395117285/2587648084844805/?type=3&__xts__%5B0%5D=68.ARDVd8Zsm2qxhWaTDXLdU2l4sfSsnlGlF86OO7uqspn00iyO2QlfPuJLIU9D5hyyD9KCTBRR4kBzON-6Aoo804QZrCYW2kxDjPo5-hjzRo7Pk6YkI4nnkDpdHMJAFUF7cSRMfj0SfGUopQ3e3NHpWWYv-Z1-3IovDHu6zqA7xHbF0x5QybF23kjAlQdJaAAakiZ8_dpck-0pHMeefrySeN-AclYzeKoeEkmAlD0FoTwmMP9iLZHnmtpNqk80ggWhkJAYuKEW3q5m23aZkF1VZnfnPpD2bf8FW1Q7yEbRSCTJKfzcvvflWn2qz98LLkAFO764ShW8x5B1yEmHjvOI5sbeEffY&__tn__=-R,2020-03-07 02:00:02,"""https://scontent.fmnl5-1.fna.fbcdn.net/v/t1.0-9/87584024_2587648091511471_8984484212094533632_o.png?_nc_cat=103&_nc_sid=8024bb&_nc_ohc=Hcht6-QRDJAAX-lv4t8&_nc_ht=scontent.fmnl5-1.fna&oh=3a2b41be3b7af806c6597c0d559c6d63&oe=5EBCC24A""","{'Total': '191', 'Like': '168', 'Love': '23'}","{'Elinor Semira': {'text': 'I would ‚ù§ to because I have mild scoliosis.', 'post_date': '1583559217'}, 'Sam Alejandro Aguilar': {'text': 'yes! lovin it!', 'post_date': '1583556751'}, 'Nene Olivar': {'text': 'üíñüòç', 'post_date': '1583546739'}, 'Mila Icaro Hernandez': {'post_date': '1583586667'}}",80
fwdlife.ph,"Do you believe this statement as true or false? Share your answer in the comments below for a chance to win P1,000 worth of Lazada gift certificates courtesy of FWD Insurance, part of pan-Asian insurer FWD Group! #FWDFreebieFriday #GetReadyToLive",https://web.facebook.com//fwdlife.ph/photos/a.1491971444412480/2587532208189726/?type=3&__xts__%5B0%5D=68.ARCex_disEnOeDINHiRXzrnu5E6yeltAXZJdQRJLt9bCk32t_NmmFxKwuNSmBWaJ__IsMYGNKpax3ad1CL_dvS4mJPryAAw1r8ngt4bo2Rgo87BzEmcSz4MlPJpgNmF9C_wf8c4O4aYL-jzyhd1VdnzHOWuhX82oAh2KhUWyxx9rWz9Oe68HgxpMgvpNBXigFQX09JrHYSUlOFVkXjkRe8-ekSB9RTiY--t5lAjvri59lh3646Ml-37cCASeAaoStNH2mToc4chfN1AWAd0eSxQTAzACq5Xmm78Rj7MTO-xxxVGWp9pgxmipVf32KpG-ewCuL72AuvafNZnEaQGdsGq9vBpE&__tn__=-R,2020-03-06 07:09:29,"""https://scontent.fmnl5-1.fna.fbcdn.net/v/t1.0-9/88154173_2587532211523059_7946230186737926144_o.jpg?_nc_cat=110&_nc_sid=110474&_nc_ohc=mqY9uc2r7KkAX-aCl30&_nc_ht=scontent.fmnl5-1.fna&oh=1f3747073551286ee3c0933f6861f55f&oe=5EBB10DB""","{'Total': '782', 'Like': '717', 'Love': '61', 'Wow': '4'}","{'Mon Escasa': {'text': ""True. With FWD's Investment-Linked Life Insurance Plan.#FWDFreebieFriday #GetReadyToLive #FWDPlanWithPurpose"", 'post_date': '1583491895'}, 'Richelle Palattao Miguel': {'text': 'True.We can do this by saving and investing. We can secure our own future and also the future of our family by investing a part of our income for a secure future.‚Ä¶See More', 'post_date': '1583567691'}, 'Janet Maglana': {'text': ""TRUE. Because there are insurance plans with investments that will let you live a financially-secure retirement. A part of your premium will go to investments such as stocks/bonds which will make your money grow while being insured. It also ensures your family's future if something happens to you.  Therefore, you can grow your money while ensuring your family's future."", 'post_date': '1583848000'}, 'Emz Banez': {'text': 'True because there is already an insurance with investment which we call variable unit link. Your money will grow at the same time you are protected.', 'post_date': '1584402496'}, 'Knz Damaso': {'text': ""TRUE The earlier you start saving and retirement income planning, the better. No matter where you are in life, begin saving today and you'll be that much further ahead tomorrow. #FWDFreebieFriday #GetReadyToLive"", 'post_date': '1583485372'}, 'Pinks Carrascal': {'text': 'ITS TRUE that we can Grow our hard earned money while securing our future. Everything can be balanced. We should saved!‚Ä¶See More', 'post_date': '1583658403'}, 'Shiela May Suante': {'text': 'TRUEMaking money is one thing, but saving it and making it grow is another. As the value of your premiums grows, so does your investment. While your insurance premium remains to be untouchable and dedicated exclusively to the items listed in your policy coverage, you can dip your hands into your investment funds once in a while.#FWDFreebieFriday ‚Ä¶See More', 'post_date': '1583558815'}, 'Iza Yagam': {'text': ""TRUE. Investing money and making financial plans is a step away into securing your family's future. Having a  positive outlook and discipline are the keys in taking these into reality."", 'post_date': '1583901196'}, 'Princess Efren': {'text': 'TRUEWe work hard to save we save for them to secure a for their tomorrows.‚Ä¶See More', 'post_date': '1583565371'}, 'Sheryl B. Balansag': {'text': 'TrueInsurance is also a great investment. Not hard to achieve your goal especially to earn more money.#FWDFreebiesFriday‚Ä¶See More', 'post_date': '1583589062'}, 'Joy Javier': {'text': ""True, just as sooner as I start saving and budgeting smartly, the less effort I'm going to put into securing my fam's future. We'll have enough money by then. #GetReadyToLive"", 'post_date': '1583511942'}, 'Angelica Edad': {'text': 'True because money can Buy are daily needs and Securing are financial and future because if you save money you have money in your pocket incase of emergency You can provide something Need i hope     soon i have money to use in a little business to prov‚Ä¶See More', 'post_date': '1583507316'}, 'Argie Abangon': {'text': 'TrueSaving and protecting because having an insurance is like saving money for the future. ‚Ä¶See More', 'post_date': '1583559692'}, 'Catherine Sedano': {'text': ""TRUEEven when providing for our family, we should realize the need to invest for our future earliest possible time when we start earning. It's better to use what we earn with a proper plan for the future. We must never use all today for we may lack to‚Ä¶See More"", 'post_date': '1583785119'}, 'Leahlyn Pangilinan Nuestro Villasan': {'text': 'TRUE#FWDFreebieFriday‚Ä¶See More', 'post_date': '1583819811'}, 'Liza A Ronda': {'text': 'Very True!!!Choosing an insurance policy is a matter of identifying what‚Äôs important to you.#FWDFreebieFriday‚Ä¶See More', 'post_date': '1583507550'}, 'Crystal Marie Ca√±ete': {'text': ""So TRUE. If you have an insurance, you are assured that your family's future is secured. üëç"", 'post_date': '1583600439'}, 'Josille Magdaraog': {'text': 'True #FWDFreebieFriday#GetReadyToLive', 'post_date': '1583842649'}, 'Joana Manahan': {'text': 'TRUE! #FWDFreebieFriday#GetReadyToLive', 'post_date': '1583811255'}, 'Carla B. Unlagada': {'text': 'TRUE#GerReadyToLive#Palawan', 'post_date': '1586438780'}, 'Allan Baldoza': {'text': 'TRUE#FWDFreebieFriday#GetReadyToLive', 'post_date': '1583896171'}, 'Myrlle Florendo Cabais': {'text': 'TRUE#FWDFreebieFriday‚Ä¶See More', 'post_date': '1583893024'}, 'Pamela Love See': {'text': 'TRUE#FWDFreebieFriday‚Ä¶See More', 'post_date': '1584000017'}, 'Pinky Sy': {'text': 'TRUE#FWDFreebieFriday‚Ä¶See More', 'post_date': '1583918071'}, 'Pinky Pam': {'text': 'TRUE#FWDFreebieFriday‚Ä¶See More', 'post_date': '1583911481'}, 'Lina Centeno': {'text': 'TRUE.                                         #FWDfreebieFriday.                       #GetReadyTolive', 'post_date': '1583856240'}, 'Shaun Llano': {'text': 'True#FWDFreebieFriday‚Ä¶See More', 'post_date': '1583842502'}, 'Sophie Sy': {'text': 'TRUE#FWDFreebieFriday‚Ä¶See More', 'post_date': '1583908731'}, 'Gloria Rabino Espayos': {'text': 'TRUE#FWDFreebieFriday#GetReadyToLive', 'post_date': '1583911472'}, 'Kathleen Marie': {'text': 'TRUE#FWDFreebieFriday‚Ä¶See More', 'post_date': '1583986642'}, 'Yolanda Mayor Andres': {'text': 'True with fwd investment_linkedLife  insurance plan', 'post_date': '1584068690'}, 'Scarlet Reyes Atheena': {'text': 'TRUE#FWDFreebieFriday#GetReadyToLive', 'post_date': '1583925680'}, 'ZA RA': {'text': 'TRUE#FWDFreebieFriday‚Ä¶See More', 'post_date': '1583907730'}, 'Mechie Sigua Santos': {'text': 'True #FWDFreebieFriday#GetReadyToLive', 'post_date': '1583863977'}, 'Jobert Canedo': {'text': 'TRUE#FWDFreebiesFriday#GetReadyToLive', 'post_date': '1583841664'}, 'Caryl Go': {'text': 'TRUE#FWDFreebieFriday‚Ä¶See More', 'post_date': '1584062362'}, 'Jessica Correos': {'text': 'TRUE#FWDFreebieFriday#GetReadyToLive', 'post_date': '1585570819'}, 'Mary Nepomuceno-Manoguid': {'text': 'TRUE#FWDFreebieFriday‚Ä¶See More', 'post_date': '1584030696'}, 'Makku Mercado': {'text': 'This is very true!  #FWDFreebieFriday #GetReadyToLive', 'post_date': '1583484201'}, 'Cor Banasco': {'text': 'True', 'post_date': '1583922669'}, 'Annaleen Ong Dungo': {'text': 'True', 'post_date': '1583828200'}, 'Liezel Joy Fernandez': {'text': 'True. While protecting your family you are also saving money for them also.#FWDFreebieFriday‚Ä¶See More', 'post_date': '1583983030'}, 'Melanie Navales Esponilla': {'text': 'TRUE #FWDFreebieFriday #GetReadyToLive', 'post_date': '1583807442'}, 'Veatriz Ann Aborquez': {'text': 'TRUE‚úÖ#FWDFreebieFriday#GetReadyToLive', 'post_date': '1583795868'}}",314
fwdlife.ph,"If you‚Äôre trying to stick to a budget, it‚Äôs better to shop without the direct or indirect influence (aka peer pressure) from others. The ‚Äúdangers‚Äù are obvious: buying something you don‚Äôt like or won‚Äôt use or can‚Äôt afford just because someone said it was nice on you. Just think of the things you‚Äôre actually saving and how sticking to your budget will get you closer to getting that.  #GetReadyToLive #FWDFinancialSelfCareTip",https://web.facebook.com//fwdlife.ph/photos/a.1491971444412480/2586829511593329/?type=3&__xts__%5B0%5D=68.ARC8NeZNMiBaQhsbAClGKtKFpFIxmOkGYY6Q3lFfmB2nsU7VYfj7Tp6F7AwYlC9MWDuwUaXBbnAN7Owm1QhbrvNX20hCs6V_tHdYKb39Pf394UAOE29y1ZHH6gPCln9iYynf7SCwoFdIUP7AfATV-dH8QDPHMTHapyCdbO9VSI8sguQyahdDj-j_GZrHAA2B4AExvyjW_lV_Wfp-YW3mWSA6jv6Q2aSIQ7KB_NYsLBTSbTVu-0lWwsA-muzrEELUdOZmw-IjPi14-85ODWOSZrk2Q93LCnjmrCi7ZRCstqJbMq7LH5Si1EggN5tJHMY_k6b2Qg5DBxyQU-b6p9C0S5xXE4rK&__tn__=-R,2020-03-05 10:18:28,"""https://scontent.fmnl5-1.fna.fbcdn.net/v/t1.0-9/87083126_2586829521593328_7607054179831382016_o.jpg?_nc_cat=106&_nc_sid=110474&_nc_ohc=p_rR18SBVkIAX8oObsc&_nc_ht=scontent.fmnl5-1.fna&oh=0f2a86ae006b26947a041aa5545749ba&oe=5EB9A0E4""","{'Total': '249', 'Like': '215', 'Love': '31', 'Wow': '2'}",{},175
fwdlife.ph,"Breast cancer may not be preventable, but it has a high survival rate and surgeries (like a lumpectomy and mastectomy) are viable options for treatment. A breast cancer diagnosis is life-changing, but the right mindset backed by the proper financial protection can definitely help you in your fight. #GetRadyToLive #FWDPlanWithPurpose",https://web.facebook.com//fwdlife.ph/photos/a.1484923395117285/2585968608346086/?type=3&__xts__%5B0%5D=68.ARBNwNcFnuYYfmTQSBJckyvqcswprNrbJwkfSQJ_cMexWBsecsrIaMt8l_UNkelTWPgrcpmOs6LL14tRYh0ozKebCw8qpdD9yExBf6PXGdajUjjxGm-7NCV1RFTIyQPz8O2o4516KW4PpxXSpK0o1TJwO52-C2zL59fXovxxDyoo_oSjMQRyGRqSd2OwSrL3-yJhWZcCIFB5oTnIPJ9gunSQK9FB1UnPzJ4Nw8FLJBjqpYzWLgfC2t0-JgZtdXB2Oaxm67V-LukaBtTakSfpEs6ZfW26Ph8RJahT47RfD0UmmJZYExs-k073sdAKtF6emjOQuyYg77eA7tWg3xdE0qUDODC0&__tn__=-R,2020-03-04 10:00:02,"""https://scontent.fmnl5-1.fna.fbcdn.net/v/t1.0-9/88135939_2585968611679419_3072259105478410240_o.png?_nc_cat=101&_nc_sid=8024bb&_nc_ohc=lm4fSP-6v9QAX-3eJ7Z&_nc_ht=scontent.fmnl5-1.fna&oh=1d93ff18b40d9a2f530b0c9014d0173b&oe=5EBC57B7""","{'Total': '343', 'Like': '302', 'Love': '41'}","{'Vivian Mary Vernice Danika': {'text': '‚ù§Ô∏è', 'post_date': '1583343472'}, 'Melinda Davis': {'text': '‚ù§Ô∏èüòç', 'post_date': '1583374549'}}",293
fwdlife.ph,,https://web.facebook.com//fwdlife.ph/photos/a.1484884351787856/2584425775167036/?type=3&__xts__%5B0%5D=68.ARAdQrbgldIkxVYL_3UIkiB1F6OXYlEKuIXQ8EeIveRYWyxhtJKRMMr8NbfqF-_a2A0Cd_vsNGBuT08Z5F59fhJgrPldcHTGjj7uZMTstVsvZJMrn2-FtbyYf5tjr1bLjgnS_H-5iG90QJGB0b2QE5s-jfp7ahjrNg8vng6QH1eLDTUhTAhTKF0tnAo_VxQJfeQsBnCTGJJxJjrTAEELsenkWTjTGrlhF-6-SZcACjCDyK4GhK_R8g_iU9bsO60yDqotlXWLq_8FlWxqna9NeKpFg3jzaZ8M_g&__tn__=-R,2020-03-02 10:27:25,"""https://scontent.fmnl5-1.fna.fbcdn.net/v/t1.0-9/88054740_2584425778500369_8007406214843465728_n.png?_nc_cat=102&_nc_sid=dd9801&_nc_ohc=bOcYF3YILG0AX__yoIz&_nc_ht=scontent.fmnl5-1.fna&oh=c62d6ea430b00c2cb6db56083c8ce6e7&oe=5EBB253A""","{'Total': '237', 'Like': '194', 'Love': '42', 'Wow': '1'}",{},100
fwdlife.ph,"This year, elite Filipina champion and FWD Financial Wealth Officer Joyette Jopson is making a strong comeback to the FWD North Pole Marathon. This time, she‚Äôs running for a greater purpose. Competing to raise funds for cancer awareness and to, finally, finish what she started last year‚Äîsurvive the harsh elements, win against the best runners the world over, and be the first Filipina to conquer the FWD North Pole Marathon! #FWDTeamAsia #NPM2020 #FWDReturns",https://web.facebook.com//fwdlife.ph/videos/1160950957408827/?__xts__%5B0%5D=68.ARC5Fh9E2rvwXURoEB9o7vef8LI2aRe7Z0nG-C8DvSZdG6_9YYDaEqih4hRiKgNUQJJsFlFjAxdXgdlrztfweqw4kw70igyY3jP7vRVvYqL53kdw2Dk-5bWW7OkMVEre9gk3Ev7VSKShh67Xbu4EWliryyViUqCKYMx_d99M5CsnJz85kUh1c3iElzMAPLsxai1372OCvTyuJz8AgsyghXcaAmuby-BYNC0T8M-Cnk5xHRevmc1BSIovo5I2LUI8IZZQCDv1WxqRUa_1_o6zG1yzvQr5h3AxmyNrkZCQdIA-qRSwpcV8XEYH1j3IRdnPCiwgrN7fU8Kg9d43WkKqgeUGTBRCSmBpk264XlTX&__tn__=-R,2020-03-01 04:00:00,,"{'Total': '294', 'Like': '234', 'Love': '42', 'Wow': '18'}","{'Khaw Sue Chen': {'text': 'U r such a big inspiration! Good luck coach!', 'post_date': '1583932685'}, 'Samantha Purvor': {'text': 'NICEEEE üß°üß°üß°', 'post_date': '1583248334'}}",125
fwdlife.ph,"Your vehicle‚Äôs horn should only be used when necessary and not just because you want to make noise and express annoyance to another motorist. If you can help it, don‚Äôt show displeasure to other drivers, minimizing the risk of getting into an altercation or road rage accident. No matter how many times you press your horn, it will not make traffic go faster, so best to have your hands useful on the wheel or gear stick. Listen to music or even meditate to calm yourself. #FWDMCX #RoadToProgress #GetReadyToLive",https://web.facebook.com//fwdlife.ph/photos/a.1484923395117285/2581086128834334/?type=3&__xts__%5B0%5D=68.ARAkve8Nf-1t2C06hXoZN-cZGV5ARMz3j2d-tZont6ciYj54eOoROsflNHf7IJxw9CAT2-XMq0mmKA2gNPH_Js-R9yy-QYv1uOueYaqJd0zuOdn1VT3RkjsypI5bBQA2ltjgKPF7bvf0bVvIGMqtgeZiJQOKA-ZV1fHoM4cGX9Opr3KTOS7czuUqmKwOCwzuy3OktWfuNluLSd31GM73GBQCUXIJU2yxs8n72NW1yp3CcLFow-FjMYssVmz6XU_Io5XyL9o01PhV7zJ9h5Lvt9iOz0ptO8KfAjYN535kZqoFmRbP6B27VKtovZ2yGWMT9eAFwQqruoLir5hHhmnSOkLkipQg&__tn__=-R,2020-03-01 02:00:00,"""https://scontent.fmnl5-1.fna.fbcdn.net/v/t1.0-9/87824341_2581086132167667_6310709015538040832_o.jpg?_nc_cat=110&_nc_sid=8024bb&_nc_ohc=evCPZ4LrK_UAX8NaHkX&_nc_ht=scontent.fmnl5-1.fna&oh=cdb169a66854a1f661a72042b290796a&oe=5EBB0069""","{'Total': '244', 'Like': '218', 'Love': '26'}",{},116
