InsularLifePH,"If 4 weeks of quarantine has you running low on mental and emotional energy, may these words replenish you and give you comfort. #InLifeSheroes comes with reinforcements, before the weekend creeps up on us, to help us overcome the challenges of digesting this new normal. https://www.inlifesheroes.com/‚Ä¶/11-ways-enjoy-weekend-quara‚Ä¶",https://web.facebook.com//InsularLifePH/posts/2873873479315888?__xts__%5B0%5D=68.ARDkTXTRw5rIuvom2Vb81CwOat1Z2HGO-E5qqJk1WX5gBjNFHXzAlPcMI1G9XrRXLmcEz6LkOftb7VnW1wcsM8GKoa4zPBK93ECk5VVJnh2MWJdCiKggbhsG4eHEdg8HdKqg3urjb82C9yeKpDE1AJfBWICSavNZnWDVZbraTP70OUaku9-SOeWFVGHsvHpSh8nB_vjwOn21N4Q1z6rbI2mmQP2QuMDjwYwMheGEqlWdLQrT1VJ3vb3qy9K04suLPm_abrza8nS9iwQiZbycXNmuYzRExxNZg0X7LIp-bc-t3XhKjT33pipdBVZWI5b53dxIdB0sZFbP0RNGOfgp_hrBNQ&__tn__=-R,2020-04-14 10:44:51,"""https://external.fmnl5-1.fna.fbcdn.net/safe_image.php?d=AQBK3oPGL6APtM-1&w=540&h=282&url=https%3A%2F%2Finsular-sheroes.s3.ap-southeast-1.amazonaws.com%2Fproduction%2Fuploads%2Farticle%2Fz6UygXHqFGuMZUzkvCCZH28g%3Fresponse-content-disposition%3Dinline%253B%2520filename%253D%2522Weekend%2520Quarantine.jpg%2522%253B%2520filename%252A%253DUTF-8%2527%2527Weekend%252520Quarantine.jpg%26response-content-type%3Dimage%252Fjpeg%26X-Amz-Algorithm%3DAWS4-HMAC-SHA256%26X-Amz-Credential%3DAKIAJRYEOUFG5LAMSKMQ%252F20200414%252Fap-southeast-1%252Fs3%252Faws4_request%26X-Amz-Date%3D20200414T102103Z%26X-Amz-Expires%3D300%26X-Amz-SignedHeaders%3Dhost%26X-Amz-Signature%3D2fc308f9767a7a4dc48b65fb9684ec81af7084a309a58a64be21f91dfc17e55c&cfs=1&upscale=1&fallback=news_d_placeholder_publisher&_nc_hash=AQDx72_qSLq1SJqG""","{'Total': '43', 'Like': '39', 'Love': '4'}",{},18
InsularLifePH,"Always take care of yourself, whether you‚Äôre out getting supplies or at home doing your part to flatten the curve. At #InLifeSheroes, we are firm believers in self-care, especially in stressful times. Stay focused, stay positive and stay strong today and always. www.inlifesheroes.com",https://web.facebook.com//InsularLifePH/videos/520059588692541/?__xts__%5B0%5D=68.ARCJGoBAZmlzD-YKojsR-FLs2txQUXXqNZtHZOsXQQpbMFD5AvZinHJ3e8S77Y6fzG-eX658OHSlZWRaHK6csfCm4aycD2PC7BU5ZTSja7PoBXJQJzWuwqTKlPD33iYAsJz3tN0cxcuvCOInlpMVgOiIGJVgRYazGATizOqjVBe4mtiZnBqqyRZOnkmDb3yU-QraEO3ih0O1lS68tg1u215K6AwCZE3P9SIDOGvKzIx2ga_B-wsgwBwONM8zNYSjUZr3odMPCSIACNXZ5pqNSOPPTSc_ufyO3rzJ3P386tR5rz0RFfY-bJ6Vd4FfUvfC5HbxYewKpYAUyjBjaEVJbaLebfrVoowUUsbnQQ&__tn__=-R,2020-04-14 00:00:00,,"{'Total': '94', 'Like': '79', 'Love': '15'}",{},64
InsularLifePH,"Now, more than ever, InLife remains committed to serving the Filipino people by protecting more lives financially. Last March 25, we started to make available InLife Wealth Assure Guaranteed Issue Offer (GIO). This allows one to get insured without undergoing medical exams and filling out lengthy applications. Send us a message to learn more  #ALifetimeForGood www.insularlife.com.ph/wealth-assure-gio",https://web.facebook.com//InsularLifePH/videos/1890505427922891/?__xts__%5B0%5D=68.ARCtbkpIuB1t98GpgY_32KYkJdo_fNdKlgk5b6JWDTALo09-towonuQitPOcoBbJzxLn6qI1UQo52Fr-J0FLtFKUBxYSai74Y0E42h7S0e9TyfXQlbyD5eLm7HWS6dOIesHSA5VaK82NoVIYo6lJCHJaFjt_BRlfwsw0sUr2w4pHmi8_DwoI5papnANqK58kKO6BlROjilr4z1bK3Ji1bvK7JRzGpySvpHCUkGkolbGwYHBIO5yS2u8O8orpn9cuQs_AnGjC6oM5SoTWMqGBsHi-DydOa_SwGr0DIOP-0ifGRKwUOivsmTezcQ98HaY8_D8wZiUptNNM8eGsQvGgfl7S5emEik0AqX3AkA&__tn__=-R,2020-04-13 05:00:00,,"{'Total': '192', 'Like': '157', 'Love': '34', 'Wow': '1'}","{'Joyce Gascon': {'text': 'hm?', 'post_date': '1586852226'}}",243
InsularLifePH,"We thought our lives would go back to how they were today. But staying home is really the best way we can help stop COVID-19. If this has you feeling a little glum, come check out our Spotify playlist of 10 feel-good songs that are perfect for your morning routine. Power through! http://tiny.cc/Feel-goodSongs #ALifetimeForGood",https://web.facebook.com//InsularLifePH/photos/a.202621819774414/2868964103140159/?type=3&__xts__%5B0%5D=68.ARCnGeJ4Zjc38OgcnY9ZxdtnsFZDy38SJ8HrRBgs5UhSh8UW1WVXX-ErsHHeug7XSxTCiMM_QiFqhUzAmMLFTTOIsCLPQzTW3I8Fodho4ON1QnYy6To3xglmzssSkMTIhJz2rrYlPSdACdllQ90CYRJNBSWaMQnz47rV6I1WeomHPvsFDvzRI0fSJcItmg7ZiAqqbxKdUchGCuyXUyyjrzpOjlntHisekVfAfmShClKowqL9iOq6n5krSKCHLmxs8tRX0KPruHV0ClD63Xd_VVXjiM_sOT57KR2TvEytOg0m5TVYozzeJ_YS0VWUU_59NnZNDi-fMjqDZoOWPxDbVNu5qQ&__tn__=-R,2020-04-13 00:00:00,"""https://scontent.fmnl5-1.fna.fbcdn.net/v/t1.0-9/s1080x2048/93119817_2868964106473492_2330163287297097728_o.jpg?_nc_cat=109&_nc_sid=8024bb&_nc_ohc=moyDYBRvTz0AX_Ld2wx&_nc_ht=scontent.fmnl5-1.fna&_nc_tp=7&oh=e7a372f1d9f2d719292d9b2d18744958&oe=5EBC164D""","{'Total': '130', 'Like': '107', 'Love': '20', 'Wow': '2'}",{},30
InsularLifePH,"We wish light to your home, clarity to your mind and a life filled with love, grace, and kindness. Happy Easter, everyone!üê∞ #ALifetimeForGood",https://web.facebook.com//InsularLifePH/videos/518642485500510/?__xts__%5B0%5D=68.ARDRl7gDwtxpUbFRrtVtnHe9QA9dloHtFpgMVJHAWHcY4_W2Uz50oQ2oaKSMQKb6kUTXEBBJhCxfu0KA466wNIIIFfk-8Vto_qnFwn-MxWo7O5mORh1wLTdIP4HKD2UhVQX2VKM4Owg_4iUUaRP--80BvPM3xSeJaxLq6aFqaQPUSe9dka6Z3aLcws3mpazrBdadeXSQDxFTgzWHUXUc4gf4jV26QkhoTKJKVewSAuS6YFttAOG8DZyB8qvwFuz42KQ34wx2uCYN6v0-Fem4XsqWsM3p7esmaDPFCkyvrwzSJM2OjMOuQkZ97MCdp6cSDncAjrdTlH4cMuXdNIH4QLp-cPF-N6lgxLlaNg&__tn__=-R,2020-04-12 00:00:01,,"{'Total': '82', 'Like': '64', 'Love': '18'}",{},76
InsularLifePH,May you have a blessed Holy Week and a joy-filled Easter!,https://web.facebook.com//InsularLifePH/photos/a.202621819774414/2858763114160258/?type=3&__xts__%5B0%5D=68.ARDyNSA4TjD8elEEKeK1kIOgg7yX1L3Vy3cryef_765RzIVTV7-g57LqPgWd30bacKP4fHJ88NAW2cWh8QdB9L_lX86ykyATllIhrwyyt8ftsGPgfrGC_dSgh_i0Vkc4nQ8o6zs-avxdJoGNCod41bYgfXaprGrWFXpFSA9ksN4PA1RfPoE6QX0uC7rl1wanXxA4E7RsmQKvyhpgbTPaWXQH9pJFq7VHI-Mn9ucQnteCOud7JnC991XbQlseRJIbwrQyV1Vopuw4nl8LjdODIBCgvoD77bYbCsV6f5t4ivCDLDZ9ELBU8knIoP7MD5Qm3k9PMJbiQxxSDM4QoNTm7D2c8A&__tn__=-R,2020-04-09 03:00:00,"""https://scontent.fmnl5-1.fna.fbcdn.net/v/t1.0-9/91679893_2858763117493591_7649096386331279360_o.jpg?_nc_cat=100&_nc_sid=8024bb&_nc_ohc=050fZ25zjaoAX-s9raj&_nc_ht=scontent.fmnl5-1.fna&oh=c85ba78e5e3f3b09c22fae605fddb7ba&oe=5EBA374F""","{'Total': '161', 'Like': '131', 'Love': '30'}",{},56
InsularLifePH,"This holy week, let us pray for healing, strength, and peace in our lives and in the world to overcome all the challenges we are faced with. May we all have a meaningful and blessed season of Lent. #ALifetimeForGood",https://web.facebook.com//InsularLifePH/photos/a.202621819774414/2852374358132467/?type=3&__xts__%5B0%5D=68.ARBK5lThrLXzRZJ_0EHva1aKpoi2jfDVtOqb60kazzxopdnxrzfY2npEIoCnuNA8NEkqbvEbOfxnp2S_GpYvclRik49d09C32LR6iKIbnuKsh-jLmDG-5xP4Lmcx-OqJ5R--QKkRYMWBLJOSoEurz-nnlZQLIAhIwXzLJ_k7OfPeGkJDr-gn2L1Emuz6wJ7_qaviQ5Y8B9iO9zytXCOMeGzoHLhZEPWphbvOyNIcq_vv9I9qKUyZQSC-8tsyc1Y2KhUwszDgApscKWVfQ6_iG1nNDTQM3IIfW3GaJPgW9bjlvCaCNBdV8UKVZ4iIZwK7BmuoQSs8GAiozfuw24Dwsdiujg&__tn__=-R,2020-04-09 00:00:00,"""https://scontent.fmnl5-1.fna.fbcdn.net/v/t1.0-9/s1080x2048/91565927_2852374364799133_1596560217187811328_o.jpg?_nc_cat=111&_nc_sid=8024bb&_nc_ohc=UVyRmp86x64AX-S5Bhc&_nc_ht=scontent.fmnl5-1.fna&_nc_tp=7&oh=cb00175cccd13d17e75d457a1f007e1f&oe=5EBABF0A""","{'Total': '127', 'Like': '101', 'Love': '25', 'Haha': '1'}",{},108
InsularLifePH,"We will continue to serve you online, through the extended lockdown, after the Holy Week. Stay safe and hopeful!",https://web.facebook.com//InsularLifePH/photos/a.2817118608324709/2858771384159431/?type=3&__xts__%5B0%5D=68.ARDIXaQMCiyRVf9UglrngaiKhvEzJX_HSBci01RFH1jV40uiB6fk6yjnv9fv3Y4n7KwCZORrqvp6MT3ywk1XwF3yKhpXZS-rD5BIAL5mzt0Kw-mmnMgBwaN-F3x7vnm1ehsYk-3Cy8ofgom3_aCZF5kCgART-96SFvutmW3ovzdcFnQTRIi7o6oPiKc9uLkgpYfpXlYCFY3UW3Chp6Lhb6ZReuh-wn1pIiblGikq-DdmFiCQF1YsQkaK02RHz6ryUthg2M1gq3lG8wkfkLsC3qSTUZE6GJkvGxLzTrO4IJZJTzT6AsMMWugwCR0ukAlI12zdQ69DCdQjw1pmhrIkIFDW2g&__tn__=-R,2020-04-08 03:40:46,"""https://scontent.fmnl5-1.fna.fbcdn.net/v/t1.0-9/s1080x2048/91804000_2858771387492764_2726035482440892416_o.jpg?_nc_cat=105&_nc_sid=0be424&_nc_ohc=pgEGiTbP1IYAX8d-WDb&_nc_ht=scontent.fmnl5-1.fna&_nc_tp=7&oh=a5ee7c04d5908bda67bae79f6d7b9f92&oe=5EBBB08F""","{'Total': '204', 'Like': '174', 'Love': '30'}","{'Pol P. Oyardo': {'post_date': '1586476747'}, 'Divina Pinili - Sajulga': {'text': 'üíö', 'post_date': '1586508382'}, 'Eugen Silva': {'text': 'üëç', 'post_date': '1586439122'}}",127
InsularLifePH,"In times like this, it is best to keep our immune system strong. Taking small sips of water every 30 minutes leads to a healthy body, so make sure you have a water bottle with you anywhere you go, even if you‚Äôre at home. Stay hydrated, InLifers! #ALifetimeForGood",https://web.facebook.com//InsularLifePH/videos/214023066535517/?__xts__%5B0%5D=68.ARB0QhBv7Uwgz5lDtyZ1gDxtMOIoJu7rgmGuawIHKfCcnPpatcWwWoyFpQNRImIknW8vmphAU9Pq3HvmqcH8e2_yT0PX-S2EU3MVkDPFBpF6W12_OeUqZT2iQ9KXIMgW4sShFE-teBlk4VGJJz1uOhGlybnYmAfNQG9XmO-zHdE2WvojiukXxcc3oSTrH58HgtEslzvY1pxs0X9dWgK5Xu-rJDuWGfCvIQfIdC30s_x9ChfThR64tjdilo2HoySYf73e6yltxE--TSfQVZ_58xR3JZp5P_bHKve48W9JioZ2DJu7uwUedOoctrggrHnT4n8fOLMb4ajp7UknIC4oXLNjERvQgsQdy96ulw&__tn__=-R,2020-04-08 00:00:00,,"{'Total': '105', 'Like': '94', 'Love': '11'}",{},90
InsularLifePH,It looks like we‚Äôre going to be under community quarantine a little bit longer. Here‚Äôs a friendly reminder to do things you may have forgotten about living in our new normal. Stay safe and well at home!,https://web.facebook.com//InsularLifePH/photos/a.202621819774414/2856645131038723/?type=3&__xts__%5B0%5D=68.ARB0k1k5XnpTWrWSXrED0P40Nai7EaTql_SlQtr2-0Jis1YUFrhrxx7Y5G5_sIyPvBqlT-G1Q9LZ8y8C7Gk6i9jIH0FcA8svTAsBcHpThw-FNpPeBLBRVCFPe6p8jsu6pw6HHPxD1VAfmX80j7Hg2gQYrRG6E3zKuy-ax5mzGn1DfT0dGvH34jDQciTQJ9DSjSZ0aGlWGzOzo40fdZg3rjpE_51pcea7hI1S95ThA5TW_i5XPFO49J6lfYyl2xAGM85xMY_vcZzm9ZXSpBMPpS3H_b-tUdciL8KtLp_H2zgRXU-tcpyal4r4xDT-qYCrg0uLvekG9Cqe83-M38KWLWRsGQ&__tn__=-R,2020-04-07 03:27:22,"""https://scontent.fmnl5-1.fna.fbcdn.net/v/t1.0-9/s1080x2048/92142778_2856645137705389_1222961219929899008_o.jpg?_nc_cat=106&_nc_sid=8024bb&_nc_ohc=QEpwS3Y1744AX8PKlzM&_nc_ht=scontent.fmnl5-1.fna&_nc_tp=7&oh=70c1a12863bbd25afe7f1416d1549f34&oe=5EBBFEF5""","{'Total': '103', 'Like': '87', 'Love': '15', 'Wow': '1'}",{},62
InsularLifePH,Happy birthday is so yesterday! What are your other favorite 20-second lyrics that you sing along to when you wash your hands? Let us know in the comments down below! #ALifetimeForGood,https://web.facebook.com//InsularLifePH/videos/1130562070629710/?__xts__%5B0%5D=68.ARCZfi3Qf30lb70hwzwdDvOVs_13pbH80YaC8puIQP3ZqYGnWDLaOZ5osu7zntrgwWyN1V4AQtBdyqjh_I6_on18arZ5iPKdBNax8d1zUiMTcBLzOToCMYq09N2X60T85-VjpzKsTxNImeHihpxpFz-oRHbXCDnqsqnYjMZwZysFFZh88CNpuNpuduvCGLWdjJe01e6YVftPusu7s38ylpezYk8kU_8-Io46XpsSj7UxjSSevL9J8xfd6lh9Pt5mG-y6--89UJqk-bV0kqAF4gFPk4rT1UA8b97pUl4ChogJ6vb4mglWCRf6Q2VTDfgs29KoElYXsgvZMv0mf3Y__pB8_pp10SYFGi6Y0g&__tn__=-R,2020-04-05 03:21:26,,"{'Total': '34', 'Like': '24', 'Love': '10'}","{'Reena Del Rosario': {'text': 'Kill this love !!!!', 'image': 'https://external.fmnl5-1.fna.fbcdn.net/safe_image.php?d=AQCCVC9FOx6gL6b7&w=396&h=396&url=https%3A%2F%2Fmedia1.tenor.co%2Fimages%2F4e1d2b6338ff4e075984773d457ce766%2Ftenor.gif%3Fitemid%3D13876036&ext=jpg&_nc_hash=AQCqEmx73tecTLKO', 'post_date': '1586075046'}, 'Eva Cular': {'text': ""üé∂ I need you babyAnd if it's quite all rightI need you baby‚Ä¶See More"", 'post_date': '1586166172'}, 'Frankie Sts': {'text': 'You better lose yourself in the music, the moment/ You own it, you better never let it go/ You only get one shot, do not miss your chance to blow/ This opportunity comes once in a lifetime/ You better lose yourself in the music, the moment/ You own it, you better never let it go/ You only get one shot, do not miss your chance to blow/ This opportunity comes once in a lifetime ü§£', 'image': 'https://external.fmnl5-1.fna.fbcdn.net/safe_image.php?d=AQASxCFUtZ7hbfgc&w=396&h=396&url=https%3A%2F%2Fmedia1.tenor.co%2Fimages%2F85c8db833933406df70450a3c6f7c1b5%2Ftenor.gif%3Fitemid%3D5124247&ext=jpg&_nc_hash=AQCK-1alQ3DJcG5d', 'post_date': '1586072241'}, 'Maria Eloisa Pedro': {'text': 'My son and I sings the Itsy Bitsy Spider üòÖ', 'post_date': '1586057824'}, 'Johanna Tamondong': {'text': ""BTS' On ‚ù§"", 'image': 'https://external.fmnl5-1.fna.fbcdn.net/safe_image.php?d=AQAkwSW1CqmguKNC&w=396&h=396&url=https%3A%2F%2Fmedia1.tenor.co%2Fimages%2Ffe63209d1ab04edcb22112f8bc0a9016%2Ftenor.gif%3Fitemid%3D16378795&ext=jpg&_nc_hash=AQA8oSvN570rvG02', 'post_date': '1586135870'}}",20
InsularLifePH,"Treat yo' self! And the people you live with. These simple recipes submitted to us on #SheShares make use of ingredients that are most likely already in your pantry. If you're out, they're common enough to be in your go-to supermarket on your next supplies run. In the middle of a health crisis, find comfort and nutrition in good food. Stay healthy!  https://www.inlifesheroes.com/‚Ä¶/easy-healthy-recipes-quaran‚Ä¶ #InLifeSheroes",https://web.facebook.com//InsularLifePH/posts/2850304758339427?__xts__%5B0%5D=68.ARC5NyiuzxlFE7Z87NdyJUA2jUfMTEhDsLNcxgCbYxpTlAtWZiM0bOk0BhKm8X-Q_aLFA--l8_D8UcVhgQ8kI37jHPXv7_PjiSCpQJ4N7oJV3RrDp2um7UeYhb8b7GGufjF81VYbNGGWgJd4iPPYZy58I-_Dg5vBa6PBMNbIB_jG9FHhBMWtyNXzsfJ80_fI1korfRUhcZeS3qNxyoHTU-gWLt6hbQ16rJw7m8n08v6uvu-juZEtFrbiNCh4oHXgsLM1tDTXioMdItk0XKpkBVAqA4SOYCS5PokQKrNiE2uslWSqkDi3nVJfSKsQO2wE4nGOHesQ_N9KwzjpxiSrRDxy4Q&__tn__=-R,2020-04-04 03:54:33,"""https://external.fmnl5-1.fna.fbcdn.net/safe_image.php?d=AQCorj_KapFlHDez&w=540&h=282&url=https%3A%2F%2Finsular-sheroes.s3.ap-southeast-1.amazonaws.com%2Fproduction%2Fuploads%2Farticle%2FwhqdNvsuDBuWA9C1dkopjVzu%3Fresponse-content-disposition%3Dinline%253B%2520filename%253D%2522ingredient%2520recipe%2520pic.jpg%2522%253B%2520filename%252A%253DUTF-8%2527%2527ingredient%252520recipe%252520pic.jpg%26response-content-type%3Dimage%252Fjpeg%26X-Amz-Algorithm%3DAWS4-HMAC-SHA256%26X-Amz-Credential%3DAKIAJRYEOUFG5LAMSKMQ%252F20200404%252Fap-southeast-1%252Fs3%252Faws4_request%26X-Amz-Date%3D20200404T035426Z%26X-Amz-Expires%3D300%26X-Amz-SignedHeaders%3Dhost%26X-Amz-Signature%3Da3fc93112428566459a0c564002bd0619fc708dbb07f074f4592976537ab6d14&cfs=1&upscale=1&fallback=news_d_placeholder_publisher&_nc_hash=AQCfiG9hZ0IxdTnH""","{'Total': '73', 'Like': '58', 'Love': '15'}","{'Rhealynde Dabuco Donaire': {'text': 'IfRhyme Donaire', 'post_date': '1586165868'}}",41
InsularLifePH,Relax and unwind with us with a movie! We're doing a Sheroes screening of Wonder Woman tomorrow night (Saturday) through Netflix Party!  Two easy steps to join: 1. Visit www.netflixparty.com to install Netflix Party  2. Go to bit.ly/sheroes-netflix-1 at 7PM tomorrow and click the NP icon next to the address bar Let's watch and chat the night away. See you there! #InLifeSheroes,https://web.facebook.com//InsularLifePH/videos/1102923606737158/?__xts__%5B0%5D=68.ARDq4o5g_OlVidEmtvJGpQ7qelVcSnk1MnggM339iyUhlNKK1U7Rg-ouyTdQWGpiWREr7b_Ziv9DgnJPWFw6yr5KLUj7uvUBLtGMWAmKrtfZ-LHPonSFriDmxjg3D9Um7VuzEjkYuK9YUFtMiOGMotsVS_anADSM-cgIE16Ip0rC9sJ27KXJEVAujuQzZLyRvb91m5oG9yj6AAXbdO-FtKcdZkirOmMeu_2JNRKQEnSCqQWkI6UDpp7bp1pSO74ZV8tCV1coe3L__Nv21dtATegifN7_VVI4fCd9DEE60Oyuyk7KbuHLZyXP3PlAiewtJfgy6ZKxxIYutFWE-tc1W0rQYZAH2JYh5p3yww&__tn__=-R,2020-04-03 08:20:46,,"{'Total': '47', 'Like': '36', 'Love': '10', 'Wow': '1'}",{},26
InsularLifePH,"Did you know that the act of learning actually makes us happier? The science backs it up! Check out these e-learning websites to lift your spirits and feed your mind while waiting out the lockdown. These sites have partnered with Ivy League schools and top universities worldwide, so you can be sure it‚Äôll be worth your time.  Create #ALifetimeForGood through knowledge and a positive attitude. edX - www.edx.org... Coursera - www.coursera.org Udemy - www.udemy.com Khan Academy - www.khanacademy.org",https://web.facebook.com//InsularLifePH/photos/a.202621819774414/2843825835653986/?type=3&__xts__%5B0%5D=68.ARCh62xfB6u7DCPdrhBT5cqX3YBnDtf-qRxy5YKMqyvp0vcyI49XNY4tSMF-PRG0Q4rrjANuhV9TgIs1DWkhVEQiqYQ_knoGqGa5fvJ9yKb_iKNdcwDR9mZ4zRXwjtP1vBjA7wGD_yDRwuwbfKsE3IuvbuuDetJoRFhhsqhZ684EW9OIQGzj-oIwtzOzoiDVRvpp1GsL2INZJy_zl_mmy94g_EgjcIltLsPn69SCivgpnoU03U47syRi15Oo9RbZ3FK5a1O26w-kdgXvPG9tuEr-FIe_tUp2nXbpw14R4Qk70VlUU1mKMilm0BWAgohkhdBHpr-zzdjafaobuZyV-0CkDw&__tn__=-R,2020-04-03 00:00:00,"""https://scontent.fmnl5-1.fna.fbcdn.net/v/t1.0-9/s1080x2048/91271491_2843825842320652_921719652671815680_o.jpg?_nc_cat=104&_nc_sid=8024bb&_nc_ohc=HuWXlE_bCrMAX877Lua&_nc_ht=scontent.fmnl5-1.fna&_nc_tp=7&oh=a6e30f0cf3fce64479d74008c967af5f&oe=5EB9AA7E""","{'Total': '67', 'Like': '58', 'Love': '9'}",{},51
InsularLifePH,"Three weeks into quarantine and still trying to master working from home? It really is quite difficult, especially when you have a family (or a dog!) around who you want to hang out with. The most important rule is to set boundaries. Keep these tips on how to achieve that in mind to help you focus and be more productive. And remember: stay away from your bed! üò¥ #ALifetimeForGood",https://web.facebook.com//InsularLifePH/videos/520953278613280/?__xts__%5B0%5D=68.ARCRJ_NhvGPVPngeswPHSIQxu76dfId6PHh4MUANmtkhHRYXTludBurnbAaXjJa08fpDQjQO9vdUjcSRHWazrRDagu_zLlhz_05COf_oZw9ASnXg9eTCIecdjZV7XEUeiCuV8poswd_AG_rm3MJDsGGBCpnBc9fSlX5HDEpYYbOWb_6iQTC2zjkL2pQWCSUXozMp05RCeQ4LMhpB6qLHBz3BlYxmEBzsiIo_YB4pJFxbwyPwzGQKavwdtJLFt171w51x93AVUpiAjtcEe-YiRYp4yse1_JcRepqwzRSrYj_JXloD4jNyNY8gWHXaP0hD-Vj7qDCR7g8k3GnUbRLAsuR2qoTHvo9rUISKQg&__tn__=-R,2020-04-02 00:00:01,,"{'Total': '70', 'Like': '62', 'Love': '8'}","{'Maria Eloisa Pedro': {'text': 'Oh üòÖ I work on top of my bed üôà', 'post_date': '1585788116'}}",41
InsularLifePH,"The current state of the world can get pretty stressful. Before you find yourself scrolling through an endless stream of coronavirus news on your phone, chips by your side, check out this entry from one of our #SheShares contributors on #InLifeSheroes. There are better ways to cope and, largely, it‚Äôs by taking good care of yourself.  https://www.inlifesheroes.com/‚Ä¶/self-care-during-a-covid-sc‚Ä¶",https://web.facebook.com//InsularLifePH/posts/2844482608921642?__xts__%5B0%5D=68.ARDg5T2F8Bv85o6Hrchx9mvo4QDc_5kDn38kNskJ4T_wwpTe0N99M2AYWTAnytImZsP7QQbkoMPhvWvTgCSmm5POt9bfI3LwWJlpC8GaSArdlvCKiuNizkIjQ0kORi-_HqeHV_eLDJASgvh_6EMC3qH17lFXH7wOAJZpvgRXohdk8kHQGeAUDdEFGZyO-MO7b1fI6k0LthUOsYlbnJywrqrk9qwDIGDEOFpGi1rvTKmLfHHw-riFST1VLnBwapjH5e7xi1g3h668pPcNcf45_0xrfcVNRr6oWyFHS3MBimo5sdVMqVvyz2dPP6NFRkJyV4GGT_ubccy088qCz9sBJXltbw&__tn__=-R,2020-04-01 12:01:33,"""https://external.fmnl5-1.fna.fbcdn.net/safe_image.php?d=AQDAKaX4JUoAs5uE&w=540&h=282&url=https%3A%2F%2Finsular-sheroes.s3.ap-southeast-1.amazonaws.com%2Fproduction%2Fuploads%2Farticle%2FWMrtbj3x35GejqpndF7rug4E%3Fresponse-content-disposition%3Dinline%253B%2520filename%253D%2522self%2520care%2520coronavirus%2520scare.jpg%2522%253B%2520filename%252A%253DUTF-8%2527%2527self%252520care%252520coronavirus%252520scare.jpg%26response-content-type%3Dimage%252Fjpeg%26X-Amz-Algorithm%3DAWS4-HMAC-SHA256%26X-Amz-Credential%3DAKIAJRYEOUFG5LAMSKMQ%252F20200401%252Fap-southeast-1%252Fs3%252Faws4_request%26X-Amz-Date%3D20200401T120056Z%26X-Amz-Expires%3D300%26X-Amz-SignedHeaders%3Dhost%26X-Amz-Signature%3Dbada061ccc4900848fcfecf8ef33020682e68517c415bd5afa1d47ff4b8d087f&cfs=1&upscale=1&fallback=news_d_placeholder_publisher&_nc_hash=AQCLidV8nDnBhTSN""","{'Total': '61', 'Like': '55', 'Love': '6'}",{},29
InsularLifePH,"Got a lot on your mind lately? Tips, tricks, tools, techniques ‚Äî whatever it is, we'd love to hear it. Send it over to letstalk@inlifesheroes.com for a chance to be featured on #SheShares on www.inlifesheroes.com/she-shares. We could all use some fresh air on the internet right now. #InLifeSheroes",https://web.facebook.com//InsularLifePH/videos/856593448189692/?__xts__%5B0%5D=68.ARD7R60lwBnEiyVL8iSj76pdH5D_vwjhj9iZAkxfTdbyTlh7Yhwqoyjz6VNXx4l1LQF1uTsJiTM1XIKJvQhdW9cF9vCils6iJFfFym5O9PJS1iT9qgjcx1gUNfs2SSVIf_IeCyWiKaoBnNdB1ZV0GeCiYGCVHUjz6g8peo0bUeLAdK-YFrjQHV_c8_s41aZ4hoKUZ4wgUxV0zx8ctrMinYZYPZy--C533MkcxGP310AsgiWXs0yfqMP5l63E4gbO5cstFJHANAU7PIeYkdNg9uo2qt9uBK6hYTsrTS9WmGQTPwGjAWY3XrPjDTRwI24T1iZByDIW_USb7Ibk7-KTNjBgyUzlpxsZArgXRQ&__tn__=-R,2020-04-01 00:12:27,,"{'Total': '48', 'Like': '40', 'Love': '8'}",{},20
InsularLifePH,"Since this virus broke out, we've been told many times by many people not to panic. But how exactly do you do that when there is so much uncertainty? One of our top Financial Advisors lets us in on what he tells close family and friends to do when it comes to managing their money these days. Keeping looking up, #ALifetimeForGood is still in the horizon.",https://web.facebook.com//InsularLifePH/posts/2842281572475079?__xts__%5B0%5D=68.ARDejYyn3Z-gOCdEyUoKFBP9DV5SRnMFO0fkpIe9MorbJfmidT9QUZtiB_hgkEdvV4Zz_WY8wxXlpVTkouNbFngkO68HY5ru0BATHALD1h2VbMkFbq1Cj1KIbp1lQ74v2cWZNnjXaYWYkKY8pXGOLaRWTHsdTAwJ2FIjNKu5Hdaa-dKdljfKQWHB51OT50vpPMgSl_vpwvGnsIZm8ImdqjRBlpodXlRFvMrgKUIbBu9mkalK3zmV0RixzzhmnUycc81j_vfDFFlMxtpWAXSxZ9-CTgSrW0FIaY3Jf5wiwQUIYA8u5oL0kSY6LGGLEoq_7fLC1LFNzW9Giq3GBtONeCe2Vw&__tn__=-R,2020-03-31 11:06:44,"""https://external.fmnl5-1.fna.fbcdn.net/safe_image.php?d=AQDL2JubFB-JQ6fz&w=540&h=282&url=https%3A%2F%2Finsular-life.s3.ap-southeast-1.amazonaws.com%2Fuploads%2Fc62b387c-1aba-4ea2-931a-0d2ac062f71f%2F5%2520money%2520moves%2520to%2520make%2520inlife.jpg&cfs=1&upscale=1&fallback=news_d_placeholder_publisher&_nc_hash=AQAqOoP1jyZv9RQe""","{'Total': '93', 'Like': '78', 'Love': '13', 'Wow': '2'}",{},88
InsularLifePH,"We know how tough these times are. But we also know that the Filipino spirit is tougher‚Äîmore resilient than you think, more capable of rising above these obstacles. InLife is with each and everyone in hoping for better days to come. Things may be uncertain for now, but it won‚Äôt be like this forever. Aaahon tayo, Pilipinas. #ALifetimeForGood",https://web.facebook.com//InsularLifePH/photos/a.202621819774414/2839397979430105/?type=3&__xts__%5B0%5D=68.ARCeaZOn3XMlC-l9Nvc6RmK2hEPbB06ZqMay9fqDSBWwlKELJU-XWUJAYNLHgQ2gSUeCHcvba7Y1exMDtvBHnnTg9N2HKoOSV8iey0Dd-CRA_WfwxoW4UIoYhQ0S2HdsHnyR9LM_2ZDevIABjZUF18lGX0kYbm936FztJTdofVTiNCvDNfRWrVxGdT3HnXYgjNwWTWJ6PvxpGoULh-qF4f1QqcLQJ13TslYKidcgJLdAHh1wIBUkxRE2jPLtXVfIm3ox-aNzMXblHdDCT3x6lImPZFes_u-11wDnfcPXYn1qfPSi-xVMkduYmoiKy3juoc2cOKCRlaG3qb8U_eeabfNeXQ&__tn__=-R,2020-03-30 05:00:00,"""https://scontent.fmnl5-1.fna.fbcdn.net/v/t1.0-9/s1080x2048/91100441_2839397986096771_2983896728958140416_o.jpg?_nc_cat=109&_nc_sid=8024bb&_nc_ohc=_qsh475BEm0AX-S7_am&_nc_ht=scontent.fmnl5-1.fna&_nc_tp=7&oh=4acc6037dba5a95672aa3872eba7c825&oe=5EBA5766""","{'Total': '269', 'Like': '210', 'Love': '59'}","{'Amira Dika': {'text': 'Idol sna mtolongan mo kme ngun lukdown', 'post_date': '1586519929'}, 'Ricardo Rico': {'text': 'Idol ko cardo dalisay i miss you so much sana balang araw magkikita tayo', 'post_date': '1586232021'}, 'Ronve Langon': {'text': 'Sana idol maka punta ka dto sa baguio para makita ka ng personal', 'post_date': '1586485981'}, 'Dhon Dhon Pilar': {'text': 'Salamat sur Cardona, basta sumasama kayangkaya ayos ba idol.', 'post_date': '1585555377'}, 'Gian Joseph Bulanhagui': {'text': ""Salamat po sa lahat ng ating mga frontliners! Kaya natin 'to! #ALifetimeForGood"", 'post_date': '1585546864'}, 'Carmeling Siy': {'text': ""#inlifeAtin'To"", 'post_date': '1585647282'}, 'Jacinta Tablanda': {'text': 'Sana idol matapus na itong covid para mapanood ka na namin', 'post_date': '1585709899'}, 'Melissa Madriaga': {'text': 'galing mo talaga idol', 'post_date': '1585709770'}, 'Janielle Lenmamag': {'text': 'Galing talaga ng idol ka', 'post_date': '1585676693'}, 'Jeff Ryan': {'text': 'Pa jacket naman jaaaaan ü§ó', 'post_date': '1585547616'}}",302
InsularLifePH,"You are not alone in grappling with the growing impact of COVID-19. We have your back and we will continue to pursue the necessary means to help you during this time. We have further extended the grace period to 91 days from the previously announced 60 days and have expanded the period covered to premium payments that fall due from Feb 15 to May 31, 2020. https://www.gmanetwork.com/‚Ä¶/insular-life-extends-gr‚Ä¶/story/",https://web.facebook.com//InsularLifePH/posts/2839447852758451?__xts__%5B0%5D=68.ARAmSEwtZ4lfpfJrWh9HqOp9_3TW5Pz8nCxPIfP0KnuseRdNPEM6mZir129gYn8lj8QxcvDgs9EZXlW0vnHriG14CvrczICH_nNXZMXvoMR9m_I6EfhMTJn3vGc7pRWUbCtORTr8RbMaoNbR9W6GBhWzku_c64NAEksVJiDexcPxppRxvjlxXxc2Q6F6Vw_KCJ4jjdw1qjbpThYOCpA4F_CbJPTArIao1rintfufUuz5nRjlKHRuUMbs5GkeNhSADz5QMMdg_tMXc0iqEOcoJ4hHANp3cVr5KNoRRGPUJ2lq390B5oHOSlub9N4oBVHcZq5wfbnFLfNeBGNTlXer8DNJEg&__tn__=-R,2020-03-30 02:38:37,"""https://external.fmnl5-1.fna.fbcdn.net/safe_image.php?d=AQBKCcsLHhTfiMo7&w=540&h=282&url=https%3A%2F%2Fimages.gmanews.tv%2Fwebpics%2F2020%2F03%2Finlife-logo-alt-381e359cf8a913cbb5ce4e85bf49ecc8e3ac5b0f63d23060879a7d73cdd98355_2020_03_29_15_20_06.png&cfs=1&upscale=1&fallback=news_d_placeholder_publisher&_nc_hash=AQBTYU1lrpZGxxvh""","{'Total': '187', 'Like': '144', 'Love': '43'}","{'Ellen Tippi Lambinicio': {'text': ""Thank you, Insular! I was having a problem as to how to pay for my policy premium due April 2 with the ECQ in effect and what if it is extended. Thank you, I'm relieved. God bless."", 'post_date': '1586084312'}, 'Adriano Pastor': {'text': 'O', 'image': 'https://external.fmnl5-1.fna.fbcdn.net/safe_image.php?d=AQAcLt35TEJZJJna&w=612&h=568&url=https%3A%2F%2Fmedia1.tenor.co%2Fimages%2Fe3d1f7e715553d8a1ea0df79f6335bed%2Ftenor.gif%3Fitemid%3D13347383&_nc_hash=AQAcGLIN84wbLUP_', 'post_date': '1585625874'}}",112
InsularLifePH,Tired of scrolling your feed? Why not switch to watching videos on YouTube! Choose from our playlists on the InLife Wealth University channel and be entertained while learning the answers to your most asked questions about money: www.youtube.com/inlifewealthuniversity #ALifetimeForGood,https://web.facebook.com//InsularLifePH/videos/495220861360170/?__xts__%5B0%5D=68.ARAhXuR5Zm4jpCzluCX_CQAkjGD6toI0Ie49fKE9so556ZOtbW_MwjZ5zY71lifLz4WQrYT_NcddRbCgSWltYSopXZ_klkRHr7o8pTFk2fSfjBzKdXZULUpAGhFyVEQ-VgWy1X2M-u7_O3-KP1uaYh9-pKd6qj6JqHVOK-17UbalE6DQvtrxmQJrcvaiCTYWdCizvRzoQrjwno1zFE0YMce7rv_TOgkHba7HWFDASqb8dZPrWoqJBrAnWbkBk1P06d_oTrVj3JOZFdREHcDcpLrNsUkVsqF7hDKZExCMOIf6_2JfKkQ_z9tIbAMqaQSTU-ZYt3sy2OJyk9zvBrwJkKb5QekA9uo2o-7zrQ&__tn__=-R,2020-03-30 00:00:01,,"{'Total': '39', 'Like': '34', 'Love': '5'}",{},19
InsularLifePH,"In time, everything will turn out fine. For now, in all the hurdles  you‚Äôre going through, know that we're here with you. ‚ù§Ô∏è Here's a song by The Ransom Collective for InLife that we dedicate to you: https://youtu.be/qGeRvuKBbpU #ALifetimeForGood",https://web.facebook.com//InsularLifePH/videos/762739817586752/?__xts__%5B0%5D=68.ARCwLN93F3zyMuFL4wFvEgId_cxA30StlEn0SQ_AU8kaBkc5REKB4m5oSpg_fTHG-clI6qK5hukahBHohgJFsjUibmWqFgmNCdT8wAdFQLaLN3kHs7laRuFA5iKhO66ul9dsNYBk-r4GOnXaU_h7TNqxhIfiuQVaVCS5Zn6m8-B2aRPXC3S-4G5E2VBbDmEmPzPEZm3v8zCQPt3hhQVyZsKzC_4AzdvYehwejWF1ASoe9-1zLnbyzQ7RP5IhogmNeuWeeeiI2ixPNTCiCLD4ykSWKHyh3PoPFXjh_t2OQeNlhFhtwqct533v4c7ziPxc4uCAmiJotb69Hw1feh0rPd_AOzPIAperri3SdvJ_bSNgSrjMULvPyjJ9xFyHM0K08cnR1GIRy4QgUO3A7KCKI0idq6tlHHmnUKBUgs7hsqH0pxinIP4QkGe_3_o&__tn__=-R,2020-03-29 00:00:00,,"{'Total': '68', 'Like': '61', 'Love': '7'}","{'Alvin Majarais': {'text': 'A Lifetime For Good üòä', 'post_date': '1585474640'}, 'Carmeling Siy': {'text': ""#inlifeatin'to"", 'post_date': '1585509838'}, 'Indika Atapattu': {'text': 'Have you extended your grace perios of maximum 90 days for your health insuarances? Does health insuarance cover give a protection for COVID-19?', 'post_date': '1585754227'}}",48
InsularLifePH,Childhood bestfriends will always be one of life's greatest gifts ‚ù§Ô∏è Tag your #BFF below to let them know how much you miss them. Hang soon! üëØ‚Äç‚ôÄÔ∏è Find some interesting reads to talk about with your BFF at #InLifeSheroes. It could help the distance: https://www.inlifesheroes.com/,https://web.facebook.com//InsularLifePH/videos/2603395776563759/?__xts__%5B0%5D=68.ARBV4AGBU8wNlQQNvZ021F2rqsJzuWZ11TJn9acZkLSmaQDEkSLrQAIso2uLjp8HKr8IMGFmgb_yKe4T1MPGxtMJmEW2ZcXzEgFzSfyJlythvyx0UxhTzoiCokimXxK-Nlua-2BO1s55rNZX1QbOegeyRlheNJdd8kWrGW_XwaB6b1Xx5AZ59SDVRw5RrZMvJQqKKBkPGD7laMWD9QyLLFGkgqiZfyfKiCC5lHRItic_-sikcA2-38GpL_dIPyIvibWg4ZXzongifHoE_5QZqBEvBD3vTrP_0XGHkkcbhc4t0OlCVVRZa04pCrNZ68CKTANRDDTsdFwtsEPaAvnkBHhTHMZyzy9NwZfR7g&__tn__=-R,2020-03-28 00:00:00,,"{'Total': '33', 'Like': '25', 'Love': '8'}",{},18
InsularLifePH,May this be the most spiritually rich and meaningful Lenten season of our lifetime. üôè,https://web.facebook.com//InsularLifePH/photos/a.202621819774414/2833690303334206/?type=3&__xts__%5B0%5D=68.ARBtKVVsB5f-BWdD_1tobX1add5bxB2vzror4ykVn64sshUZjkMC33rSgmjIZ1IOFeqTcEON8ak-oKtB8dZ9iKDhSwjvMmdI_twsMdtfcXx2TA8IzfLklzRBtuFo5VCkUL7_1CgHJRgHI2Oi9rzPD2qADlO-iwZCsOYNk_OHf-_-etY8gU-phwdzZA__vgWfTmx5WxyqydeoZ_D_sMD2-svorC5Ir8Y1vylgasNWchnxAO2heGPKCdgO4S66D5VuZdLgg0ZNoMXsekXPnqm5P9QCkd-QZg2TivU68SHBxQU-hnsma5PPFW14g5AT2MAYQs5FmQUoh4j-aqahNBZG25mdBg&__tn__=-R,2020-03-27 13:28:56,"""https://scontent.fmnl5-1.fna.fbcdn.net/v/t1.0-9/s1080x2048/91176787_2833690306667539_8534619789799194624_o.jpg?_nc_cat=107&_nc_sid=8024bb&_nc_ohc=IzSVfpEvWycAX9lKUGO&_nc_ht=scontent.fmnl5-1.fna&_nc_tp=7&oh=8e415187b6160dea73e52e07c2c57265&oe=5EBAD1FA""","{'Total': '348', 'Like': '244', 'Love': '104'}","{'Tessie Tinsay': {'text': 'thanks for sharing you thoughts in this SEASON OF LENT.', 'post_date': '1585398740'}, 'Cynthia Briton': {'text': 'Thank you Insular life', 'post_date': '1585434723'}, 'Alvin Majarais': {'text': 'Magandang Araw. üåû', 'post_date': '1585368083'}}",153
InsularLifePH,,https://web.facebook.com//InsularLifePH/photos/a.144691185567478/2833588863344350/?type=3&__xts__%5B0%5D=68.ARCXFhxSrMZkMXuH0mThn3XvCHH28f1IgDCX_rcgIYUEQ2JTm906VCs79WOFMeygLeAix8cCpNQQY75ru7SlDUBHjcRQIHUIxltxAZy4WsRaJTtdi9JHQGatSB3302aR9pjLKocQ7k2l8PmTMjD2WCgb3vnakiOsExldsYW_9R0en7j0gGmoFswtEAr7bV0ynivacSrpnBi_wl3eL9oKxFc2AeiJ8nEBjMvqP_UdQPL4aPIcO_5nPicw9R59FZ_-38lp4e4FPPo4lXdIyxEauhUQ5J6t3TN5RH4&__tn__=-R,2020-03-27 12:31:26,,"{'Total': '367', 'Like': '267', 'Love': '99', 'Angry': '1'}","{'Rose Buccat': {'text': 'Thank you Insular Life.', 'post_date': '1585313166'}, 'Cynthia Briton': {'image': 'https://external.fmnl5-1.fna.fbcdn.net/safe_image.php?d=AQDJXyrMuH8godyF&w=396&h=396&url=https%3A%2F%2Fmedia2.giphy.com%2Fmedia%2FYle9Yz9izeVRyiwavn%2Fgiphy.gif%3Fcid%3D120c014715a4a4ca21d5eb6a88cdd3ecf668b99d8a15e178%26rid%3Dgiphy.gif&ext=jpg&_nc_hash=AQDzdp-jcJEOzESF', 'post_date': '1585434663'}}",32
InsularLifePH,"The best way to protect yourself, your family, and the frontliners in this fight against COVID-19 is to stay at home. As we all adjust to this new reality, we have extended further the grace period for premium payments to 90 days. If you need anything from InLife involving your policy, you may get in touch with us through the InLife Customer Portal bit.ly/inlife-cp",https://web.facebook.com//InsularLifePH/photos/a.2817118608324709/2833294846707085/?type=3&__xts__%5B0%5D=68.ARA2WwrE6UHJUFEy4LbOWYHNTD0J0CGLSeQPqeHKPNSqcta9MwMBykA-iRMHjvGzaaERYYHLahKFUARTo5LaLi36WqnVqdpNicxiIY5Fcxv_db6duQ1UuURd0pr3DwjlmANS37AkwjF_ipONXzeeH8LBmEEmYqtqovq9B0kZ1T5gLFYXuN_gFl-H6I91BiZGMZsh9UCir1vbyR2HtxJfvFw3jEqgIr16NZhX0NojM-hyO2O71C35Ciu1aUAOkra9-js9wOaRO7wl8t4O5AkGCqIB0XarVBwcgUN9DfMZDcuodu-EzjOa36sCnsHlEiovC3yyVrqQFid89ugJ8gjO09sMHQ&__tn__=-R,2020-03-27 09:16:24,"""https://scontent.fmnl5-1.fna.fbcdn.net/v/t1.0-9/s1080x2048/91054461_2833294853373751_4463115235573628928_o.jpg?_nc_cat=111&_nc_sid=0be424&_nc_ohc=lK5GACZ5m6QAX-b-bzu&_nc_ht=scontent.fmnl5-1.fna&_nc_tp=7&oh=ef9f979f411f9e1f8a010123088c0821&oe=5EBA7032""","{'Total': '239', 'Like': '184', 'Love': '52', 'Wow': '3'}","{'Alvin Majarais': {'text': '90 days', 'post_date': '1585309965'}, 'Vida Baraoidan': {'text': 'Thanks!', 'post_date': '1585371579'}}",185
InsularLifePH,"During this time of uncertainty, you can count on our unwavering support. InLife financial advisors are ready to talk to you to provide meaningful help and peace of mind when it comes to protecting your family and your finances. Just send us a message and we will be in touch! #ALifetimeForGood",https://web.facebook.com//InsularLifePH/photos/a.202621819774414/2832561990113704/?type=3&__xts__%5B0%5D=68.ARDZHyOkCxYNJlvCI9g9WmyMOQAkbMRQD8lublExdTBCsFcHrRXeVLeFfnkwIgJwWv9dUl1SWNJmZyRnoDem8u0XHZdcWeX1NR_pmMXj7QlLQgJ9ceEjE0NBS8Am2kqpQbKAW3pO36PgYBDn_gftereH7iDGFoMefeVvoXdF6WBZIJbNqiTtj0OnSHMhFJ1iJHfRbd5LZIzgGDpRgmz_X1RdLPXHtS9xAdMO2D0pgO5QTDARUuTBWFe9AlHcH2JZMTGkTrZvbEn1WFiNHyFkgaiEbWv-jsnetW1CVjS83CDm703C6qnPlFvx_Rm74UCK32dyqt1rAcc8TQBJpxAyVrz1aQ&__tn__=-R,2020-03-27 05:00:00,"""https://scontent.fmnl5-1.fna.fbcdn.net/v/t1.0-9/s1080x2048/90874973_2832561993447037_1747980405899788288_o.jpg?_nc_cat=109&_nc_sid=8024bb&_nc_ohc=nA3uXrlgzAsAX-Ap3le&_nc_ht=scontent.fmnl5-1.fna&_nc_tp=7&oh=7c5b0806696888722a5c8bd6834552de&oe=5EBA3E87""","{'Total': '98', 'Like': '77', 'Love': '20', 'Haha': '1'}","{'Marichu Choi': {'text': 'üòç', 'post_date': '1585382965'}}",110
InsularLifePH,"See those stars? Explore them and see how they shine for you. This galaxy is a sign that the future is going to be as bright, no matter how difficult things may be right now.  #ALifetimeForGood #SolidFuture",https://web.facebook.com//InsularLifePH/photos/a.202621819774414/2794283457274891/?type=3&__xts__%5B0%5D=68.ARBoFA3q48780g0EYuFF5RMn9TF8IwALR7p6WSZ1KAfS6h2WFhzdeRUnb1Fcn1vLMeUdxcg0JO67E0W24_W8j8Spp86mdb7_8DxvvcD-2vFrZERvXNfEVLVgJlsihrQh-JZeVh7glkFupocWWxmfgbpiVDbBX1kwmNNiTrjcZ_bSgf0oxuyQHxF9qAfUNkfP7DG4tpez1oB-_1i_VgB6UL0ap35xssh6nfnBDO05RslvXQVhCFoiCEVVO0rw4Bkaql9EEZIBbuwNKurF9SH49Z5gJqvaIv-E9jfFWg1ZR3pFxugUwDhJpBKKL8-NdUhOOWKdLFR0HpnzSUxLc663nt3suQ&__tn__=-R,2020-03-27 00:00:13,"""https://scontent.fmnl5-1.fna.fbcdn.net/v/t1.0-9/89549266_2794283463941557_7241906668894683136_o.jpg?_nc_cat=104&_nc_sid=8024bb&_nc_ohc=Km0rWbiPo18AX_K26yR&_nc_ht=scontent.fmnl5-1.fna&oh=a43861ced1d7d54dc04529844f5e910a&oe=5EBC12C5""","{'Total': '51', 'Like': '39', 'Love': '12'}",{},22
InsularLifePH,"Having a journal is not only a way to immortalize moments, but also a great reference for storytelling time with your children and grandchildren. Someday, they'lll ask about what happened during the pandemic‚Äîand by that time, if memories start to slip, this will come in handy. #ALifetimeForGood",https://web.facebook.com//InsularLifePH/videos/524051731606796/?__xts__%5B0%5D=68.ARC-CxsGbGo1CRlaq-92nVYaFGOebLwd-UDZDVcUR85D-kWeeO6eAZDQfNgpMO99-bnJwu6HqiwUgvfpFIm8tfQqv1-YaE9aX52g_Q1_wY1g68ksMIuOJJLgBwZeSQfn6C8wUHeuXwvqEMSoIcWyBhtSWXbz6hsmIY8zeyicn4qzdMrL3yHot8nGJpvyVVz1QNJ7y_kMW74OT6SZ76oIh5DJ3x9Fjmytr6B5nBh2J0ASPrtQXLcuIxyB7bP0ucKrOLXWo6ZQeb9kywBiXG995edAg8alnROTUD65x5M3ELzmkFcysZplIayJhRmy2l14TwyEbcC-lB0eqwUksNfFar3993t8kxsmq1Rumg&__tn__=-R,2020-03-26 00:00:01,,"{'Total': '47', 'Like': '40', 'Love': '7'}",{},26
InsularLifePH,"There is some silver lining to this dark COVID cloud and that's being able to spend time with family, strengthening bonds, and deepening relationships. Today, #InLifeSheroes through #SheShares brings you some tips to make the most of family time 80s style! https://www.inlifesheroes.com/‚Ä¶/activities-for-kids-that-do‚Ä¶",https://web.facebook.com//InsularLifePH/posts/2829052567131313?__xts__%5B0%5D=68.ARCXBQLoLO8fmWDEMd_7QFb50gXkM6oRu5Hm6PkJ-BjXzNi3DqGanbLSIgAwQQLYYJ1qhoAcYifH3XogGpltAuUhkD-Bvvs43WpzIX826CEhKFApwu9WH1_VbmlgC5B6Xhdseq937KycKRz0wpgj-nyiN0mIVcgN20BkCKDq99XUSON5PbEfpJWXARJxME8zS6v-P37r26az9j7CToCyxPgbAAYCufyGzVw7TGH9c8p8oJRKI4YhtXFT1okrPywEJ-Ghh8AKjkZib342LYtyLgyOb1PQaMh9vfyftdfQEJ8syo3NlSdEP-NiSbFYVazsO7LDzx9NzT3pOPyI-IXBexwF8A&__tn__=-R,2020-03-25 12:08:21,"""https://external.fmnl5-1.fna.fbcdn.net/safe_image.php?d=AQBBajbNbHt-4IjI&w=540&h=282&url=https%3A%2F%2Finsular-sheroes.s3.ap-southeast-1.amazonaws.com%2Fproduction%2Fuploads%2Farticle%2F66Dhrqh2jiFCvbw7EJDerN37%3Fresponse-content-disposition%3Dinline%253B%2520filename%253D%2522mama%2520activities.jpg%2522%253B%2520filename%252A%253DUTF-8%2527%2527mama%252520activities.jpg%26response-content-type%3Dimage%252Fjpeg%26X-Amz-Algorithm%3DAWS4-HMAC-SHA256%26X-Amz-Credential%3DAKIAJRYEOUFG5LAMSKMQ%252F20200325%252Fap-southeast-1%252Fs3%252Faws4_request%26X-Amz-Date%3D20200325T120814Z%26X-Amz-Expires%3D300%26X-Amz-SignedHeaders%3Dhost%26X-Amz-Signature%3Db025a33595eafc17ef1dac03f5b153e8a2d15f9cc198b3346400694c827ba2a4&cfs=1&upscale=1&fallback=news_d_placeholder_publisher&_nc_hash=AQDxpvfG2zfQbxlS""","{'Total': '78', 'Like': '69', 'Love': '9'}","{'Monching Rita': {'text': 'Insular Life Bakit hindi na ma open ang customer portal nyo. May problema po ba?', 'post_date': '1585282516'}}",49
InsularLifePH,Keep making memories that last a lifetime even while you're at home! Spending all this time with your kids might make you wonder a lot more about what what the world is going to be like and what their lives are going to be like many years from now. Have peace of mind when you know they'll be fine when you secure their future with a plan. Send us a message and let's preapre for it together  https://www.insularlife.com.ph/contact-us #ALifetimeForGood,https://web.facebook.com//InsularLifePH/videos/566917253950238/?__xts__%5B0%5D=68.ARA3hb-hHjzOJQoIuSGV5aTIc8JmxuKvKode95IbyTZCiSrUkdf3FY0dGSaD2jeZrMGArjlXwTOwjyduUpVibCRxbcxwGKU6Qqu1JQJ46zleNUn_i96lRigqrA7b5PV-4q6RhCS_I571kG753xFrsVdpZBP7c2yGbWkjqRR6CYQcNwgiDr3-8IaZnAVd_uQCSVlBnnXjopluAQ_AbcLWey_QxJErDjCN24xq1n3JFslhigQg9PNMPt5LId4KtC906k7gxiPfBvasu68aymMj8DbSX98SM3VN78S9zH4zoMSFOnt03Xov1-Tk3ByZ5Z3iDrWOaLf4sS31xlTSkB_P7lDUN7453mmO--pr5g&__tn__=-R,2020-03-25 00:00:01,,"{'Total': '49', 'Like': '44', 'Love': '5'}",{},56
InsularLifePH,"The Insular Foundation, one of the first corporate foundations in the Philippines, has raised over P2M for our healthcare workers in the past 2 days through InLife employees, financial advisors, policyholders, and their close family & friends. Now, we are calling on the public for donations to purchase in bulk Personal Protective Equipment (PPE) for healthcare providers and first responders dealing with those impacted by the pandemic. Any amount you give will be matched 1:1, ...peso-for-peso, by the Foundation. You may send your donations through: ‚Ä¢ BPI - Account Name: Insular Foundation, Account No: 8841-0005-61 ‚Ä¢ Paypal - paypal.me/InsularFoundation and e-mail a screenshot of your confirmed transaction to info.foundation@insular.com.ph for an Official Receipt to be issued. Each of us doing a little bit really adds up and together, working as a community, we can overcome this health crisis. #EmpowermentForALifetime",https://web.facebook.com//InsularLifePH/photos/a.670611212975470/2826831894020047/?type=3&__xts__%5B0%5D=68.ARBBiB2BTQ4fM7MdF-Y4RUkK36sRNBtrBbSTEY_BA5-XSWQ3p7b5HvGvtmHjHM1W4K0cEkPDvZWYA2vM4KYeNz-7VGRhePBsBw40QI2V6117nrDlGFZN-WCGsp6hf_LdcOe_9Z2NDUcNrHtplFtO847ttozp8U-8HCzPcASmUJ_ughB7sJPXopDGDQFqHXzc78Z_pyVQ6nNmXu8lVRKvUmhGuB-LR2SodftbPEq4I9FwpABa7SUrWwHkRn1naJ-YoC8Xok0h2KXWJ3RULzIDkmsBcppRb6Hnhybg1epn4FesuDaU8VbdoOBwDBsFHS1ZD9zjXo1pezP5CuuVo75pebjL0A&__tn__=-R,2020-03-24 12:37:29,"""https://scontent.fmnl5-1.fna.fbcdn.net/v/t1.0-9/90752575_2826831897353380_3965873716230881280_n.jpg?_nc_cat=108&_nc_sid=110474&_nc_ohc=KvzS1HkPLmUAX_38X-7&_nc_ht=scontent.fmnl5-1.fna&oh=a5a2ce11dfa9ac5a3e920f29a0075f48&oe=5EBA8ABB""","{'Total': '275', 'Like': '202', 'Love': '71', 'Wow': '2'}","{'Anna Rey Ricaborda': {'text': 'done!', 'post_date': '1585055610'}}",274
InsularLifePH,"With gyms closed and the outdoors off limits, #InLifeSheroes got in touch with an expert to give us the lowdown on how to get fit with no equipment and with limited space. Because being at home shouldn‚Äôt be the reason for a Shero to stop being super. Learn each exercise and get some pro tips here: https://www.inlifesheroes.com/articles/the-sheroes-workout",https://web.facebook.com//InsularLifePH/photos/a.670611212975470/2824482274255009/?type=3&__xts__%5B0%5D=68.ARAllIy4_woPDQ03C_evLD2XZXLiKuFaA5nLz-qBznWQIdDFLEdjW028OrjTLyxPrTjP-7Y5u6UKa2qptrgs_gECARAcbCZRORfG2DUdSmYMjaxLxV4qGpgzYuwcb1uk43IWNu8Lvej_YZjTTUnpQMLLacvXwjIOaYrfh9_VJeASrETXcc2R3IHEMGk-RzxfDt7pZB6YSFYImV4KHARuLU2_BV_8tGwyCBja53bIE3JyP0c-cR3MENhWkoIbAazwJ9sTLtgaLtoxP79LwEZJDbDN-dUnZMSKHY20klQBCWHJKmpUY1W17kzVqV-pOAS4Se9oTR--TXfQ3utTDeKHLLceMA&__tn__=-R,2020-03-23 11:54:46,"""https://scontent.fmnl5-1.fna.fbcdn.net/v/t1.0-9/90204082_2824482277588342_4991275829343289344_n.jpg?_nc_cat=103&_nc_sid=110474&_nc_ohc=s8quCoRanYgAX93mRA2&_nc_ht=scontent.fmnl5-1.fna&oh=a6c2d05f0fdd54df3b680fcd2b7500c7&oe=5EBB8CBE""","{'Total': '122', 'Like': '97', 'Love': '25'}",{},78
InsularLifePH,"Being tested for the coronavirus and staying in the hospital can have significant financial consequences. Check your InLife policy if you have the I-Heal plan, a Lazada Premium Protect plan, or any individual life insurance plan with a hospitalization benefit (rider) attached to it. If you do, you may claim a daily hospitalization allowance if confinement is due to COVID-19 - based on your policy‚Äôs contract provisions. We want to help you focus on your recovery and relieve your loved ones of any more worry.",https://web.facebook.com//InsularLifePH/photos/a.202621819774414/2819504538086116/?type=3&__xts__%5B0%5D=68.ARAf-rfqRWPjuhvQpWhklPfhmglyxxYoKwX0RkSJ54ER-WXT-ULTdc-UkVONaofOnstx_jpZC0jeccZsCLKwK4C-PiF6ZOqi6pO8hjzEUm6YWtC4_nHQybKphrk693ehXcs70x7yf_QsemiDpWaA7Jk_f0RzuoV1fy-1cjnKtFzgx5hOCtY9h3BRDBWxFqttur-DergWEMN19q3qeN_p794K8PANMSeHQw30iqj5NEL_6i7h-wK1GBDOhOb21F68ENO7QEbUTZvF_jLzvKIr1S-lBWYNyCHTICRKq5YUxe3uXrpRW0_CgTGmE2Bhb30M74mfPEc7qAKlk1OLYfzgkjniqA&__tn__=-R,2020-03-23 05:00:00,"""https://scontent.fmnl5-1.fna.fbcdn.net/v/t1.0-9/s1080x2048/90066628_2819504541419449_7639034124065308672_o.jpg?_nc_cat=101&_nc_sid=8024bb&_nc_ohc=vnGjKAhx2RsAX-ntmBa&_nc_ht=scontent.fmnl5-1.fna&_nc_tp=7&oh=61f7fd8ec39f0315bd31169e3e9520fa&oe=5EBC051F""","{'Total': '67', 'Like': '56', 'Love': '11'}",{},54
InsularLifePH,"No matter what age you are, never take your health for granted. It's in times like these that we realize its importance. Start making it a priority today because losing it could really impact your finances. Talk to us and we'll help you come up with ways to better safeguard it. #ALifetimeForGood",https://web.facebook.com//InsularLifePH/photos/a.202621819774414/2823809664322270/?type=3&__xts__%5B0%5D=68.ARBPYrCpPW6afm1_fQUh5ssuHTptjjOB0-i0hK1JUERPKP7P8O5o_98KfAunoF2OD4jg5x_39AmacSdYa6_IHUs_Q00vorgWouM9EXCiZO9gr2puV3hrS3dCFKrz2wi8KbvCP7qQVGZqNwni3sDPN6y8vVYqzTy8_gxE7l80KQ3dwFlu0SFN9XNWx1ULjfAzFbpleUCCnTrTXG6X8wZWG7xuDzxU1vSV_8gwu5Rpyf1wVySS6n0TsI0k3-feGdvv8b6Ie7muYDzGvYLctP9DlOSIKCsT8fz4aQgvDvmuH5_BpzVpXeAC7BuY52MA9sJzKsYmWuf5al_n2n5jMelw8Plygw&__tn__=-R,2020-03-23 03:22:48,"""https://scontent.fmnl5-1.fna.fbcdn.net/v/t1.0-9/s1080x2048/90351273_2823809667655603_2639698874490421248_o.jpg?_nc_cat=102&_nc_sid=8024bb&_nc_ohc=48TUjf03MugAX-n2zuC&_nc_ht=scontent.fmnl5-1.fna&_nc_tp=7&oh=a914cc354ff35aad9a3a32745e928744&oe=5EB9E741""","{'Total': '93', 'Like': '81', 'Love': '12'}","{'Jie R. Martinez': {'text': 'Indeed true....', 'post_date': '1584934740'}, 'Sheryl Anne Lau Monteverde': {'text': 'Kung matapos itong quarantine sa tinakdang panahon, either ripped ka na or lalong chubby hahahuhu. Stay healthy people!', 'post_date': '1584942027'}, 'Marichu Choi': {'text': 'THANK YOU üòç InLife', 'post_date': '1584939131'}, 'Frankie Sts': {'text': 'üíØ', 'post_date': '1584939324'}}",74
InsularLifePH,We stand among Filipino companies dedicated to serve and support our Filipino brothers and sisters during this most trying time.   https://business.inquirer.net/‚Ä¶/big-business-steps-up-to-th‚Ä¶ #COVID19PH,https://web.facebook.com//InsularLifePH/posts/2823700394333197?__xts__%5B0%5D=68.ARClL0wrsAM-L3Y3f4VyNzfYLlam6T7GjSU2WPNnYTf9aO7c6I4t06Dc89yl91vXBUAFONpTlAv9ZUerJVMX6YlDfhwB7uzvUpdTmbCPCnnZJvRQhPDE8wM9KgVYAoxPbNRlWHcyVoVlG4Bqe0SZ46OPzRBzkr6pYeCppkuuMayLOrho0MMD-4NBwwSMEDLwTN-dSsMLiAppQX8-iE7DNMvVJlD6kFR9u3jIR3bGe2gy5I469jdd8biA6f4qJZo8x9cAZDNhS3lCxjpAT9nsh2QBtgKM9Femff7mTL5V-DD_veE9oTO3m8cUN3TYl7pvogTBeWSwVuiCB9Pdm4lY0DozCw&__tn__=-R,2020-03-23 02:00:46,"""https://external.fmnl5-1.fna.fbcdn.net/safe_image.php?d=AQBs6aVZ4JSqT520&w=540&h=282&url=https%3A%2F%2Fbusiness.inquirer.net%2Ffiles%2F2020%2F02%2FNews18438-620x405.jpg&cfs=1&upscale=1&fallback=news_d_placeholder_publisher&_nc_hash=AQCnl2GtZI2DnuT6""","{'Total': '85', 'Like': '64', 'Love': '20', 'Sad': '1'}",{},51
InsularLifePH,"In these unprecedented and uncertain times, we want you to know that InLife has your back. With the life insurance benefit, you can be sure that your beneficiaries will be taken care of if the unfortunate happens as a result of the coronavirus pandemic.  (Accident-only policies not included)",https://web.facebook.com//InsularLifePH/photos/a.202621819774414/2819610498075520/?type=3&__xts__%5B0%5D=68.ARD1N9o2_b3Fq4qj9plM26gd0Ie68Ov6pPkzQqL-ZEoBWmIpeY8b_ckjZ8pWdUwheN6m4YpMgfxLGyWvJhx9udMkraPmjqgD0kCU15srj7S8bl2SftT7mnULRE3-2X_BTsNdm728JCgV0Ue7FUWWRM4zacWokL4jC7aVf9hSwo-LxXVft7MT0xT4TxTezj70OU64Du4qkb97poBe6_qFpP9pQ0bLX2An6jih7d7hR1jXcciMQ4tF11TPYj1Q416A4I8U8dE6XQZt_IhsLoCfT0raennyBDZa8xNZ8k0AGApvzBH2N5zUu-seE-ElwvmMAJidzjvreohi6TbS41YJE6MH8A&__tn__=-R,2020-03-22 05:00:00,"""https://scontent.fmnl5-1.fna.fbcdn.net/v/t1.0-9/s1080x2048/90514315_2819610501408853_426541989668847616_o.jpg?_nc_cat=102&_nc_sid=8024bb&_nc_ohc=yMtQ74ZScH8AX-QwK3D&_nc_ht=scontent.fmnl5-1.fna&_nc_tp=7&oh=044148eb99fcc5aeb47e4330edf3eac4&oe=5EBCCF1B""","{'Total': '156', 'Like': '123', 'Love': '31', 'Wow': '2'}","{'Maria Eloisa Pedro': {'text': 'Thank you! ‚ù§', 'post_date': '1584856474'}, 'Jerome Del Rosario Bendoy': {'text': 'Also a wealth insurance policy holder ?', 'post_date': '1584932079'}}",184
InsularLifePH,It‚Äôs not going to be easy but together we can overcome adversity. Look ahead and focus on #ALifetimeForGood üõ£Ô∏è,https://web.facebook.com//InsularLifePH/videos/2322242464740614/?__xts__%5B0%5D=68.ARAtzSgneygXihFMQylSmGx_BSasChwNqPP-WA26DuL5LX5483OT4g7y4hRlgdIe6hp_zoseJmnOkDXjjX3d8aWsKkEbiG5q1J8TqwlVy_1-505YcedGUhPd2-bxSuz6A5Yt0kr_EiRnFSDxNsMC54nau8JXro_deXKOKSkOhUQPUXhkCCFNaXKpeV7Xdb35yFb2e2X0d0Yjqe8uXKVNTF7dCx0aypGiUPx3GYpuUJ22TC2zn77WCtIupIKjEtjW0WY33HDhQk8HLqFvDN8e6nWHBvrnethyv1IdBo0AIPUWvv1BgfBFvwrLg8jer01SrtLABAwvX6vpeQ_jFiBUS3Xpe-qzoe_FERAf-Q&__tn__=-R,2020-03-22 00:00:01,,"{'Total': '94', 'Like': '81', 'Love': '13'}",{},77
InsularLifePH,"Most of us have encountered unexpected expenses because of this public health emergency. We understand completely and that‚Äôs why we‚Äôve extended the grace period for premium payments that fall due on March 11 to April 30, 2020 to two months. We want to make sure that you and your loved ones stay protected without any interruption and continue to look forward to #ALifetimeForGood",https://web.facebook.com//InsularLifePH/photos/a.670611212975470/2819400824763154/?type=3&__xts__%5B0%5D=68.ARATDeKFxARlUaTPRnsW5coCW5F_Q0yV5EP1h_U75dsathlq28t8CdJHBUXlyWPy4OPHc3JxEGN8Nh2ZEEzUiEvnUhwWzu0jJiVjAbIPOexUQyIsm09h3t4ZDRg8p-rCIZlRytkyYXyOLqgJnca9wX7C5BThuvegO9d1f1zR7hFfd3QRNJZZtcrIimSNZ4gLtxJWydW9Gle0wnAm6MYafhwjJcC6cwRbChAoQE3Qy_agzEQHJHzjew3r5GA3VzilSPxxfqYM8sohYRKsb7qgjLh87Tv73L4l-1HOb0CaTUskY9AaCavnEHLXNG4IskwP_C9q__4T3TyrxOl3FUstiJzTLw&__tn__=-R,2020-03-21 05:16:40,"""https://scontent.fmnl5-1.fna.fbcdn.net/v/t1.0-9/90116958_2819400828096487_8759024933297717248_n.jpg?_nc_cat=107&_nc_sid=110474&_nc_ohc=dca1hL7xz0UAX-26wQP&_nc_ht=scontent.fmnl5-1.fna&oh=cbb49415faded2507cce799337726cf9&oe=5EBCC1EA""","{'Total': '167', 'Like': '127', 'Love': '37', 'Wow': '2'}","{'Henry Almonte': {'text': 'Thank you, Hirap dito sa amin next town ang bank para sa premium payment marami ang permit na kinukuha para makatawid ngunit ang bank di daw tumatanggap ng payment sa ngayon hold muna. Senior pa naman ako. So puede na pala  bayaran any day hanggang end ng May ang april1 premium ko kung puede na ulit sa bank', 'post_date': '1586852912'}, 'Lisa Tan': {'text': 'Parang lumabo ata. Meaning due paymnts from march 11 to april 30 wl b gvn 2 months grace period? So if April 30, meaning til june 30? Kc i thought from march 11 maging april 30 ang due dateüòä', 'post_date': '1584779769'}, 'Kin S. Roz': {'text': 'What after the grace period? Does client pay two months in one time?', 'post_date': '1584776950'}, 'Thessa Soledad Palencia': {'text': 'Thank you ‚ù§Ô∏è', 'post_date': '1584770084'}, 'Aurora Moulic': {'text': 'Thank you', 'post_date': '1584773824'}, 'Lenny Abalos': {'text': 'Thank you', 'post_date': '1584770348'}, 'Bebe Heidz A': {'text': 'Good afternoon, i am having difficulty on paying my premium thru metrobank direct. Policy number is rejected as acct#. I don‚Äôt have billing received for my feb28 due. My grace period will end by march30.', 'post_date': '1584936436'}, 'Luz Remedios Gozun': {'text': 'Manager winthel Carreon tan basahin MO sya tnx', 'post_date': '1584768382'}, 'Faye Reyes': {'text': 'Ronel Llanes yeyyyy', 'post_date': '1584815122'}}",122
