prulifeukofficial,"Over 75,000 have taken the opportunity to protect themselves with the FREE COVID-19 coverage. You can protect yourself too. Do it now and do it for others. Get your free coverage and spread the good news to your loved ones, especially to our brave health frontliners! Tell a health worker about Pulse app today so they can get up to PhP 210,000 free insurance coverage. Download Pulse for Android or iOS: https://wedopulseph.page.link/vwyH *Full terms and conditions: https://wedopulse.com/ph/product-information.html",https://web.facebook.com//prulifeukofficial/photos/a.414790448588347/2884436634957037/?type=3&__xts__%5B0%5D=68.ARAsN_rpCRvsOTRBmq7xsq0Kk6wDflQakDhVXrkE5lkrRSP5FIIwLtfuqwtnhFD8T1DLo8hRBNeOKz7M6p4WU-5un0JwuQrCRKloltSP5xBaulDNJFGrdlV8rcTHmxOLTBYMqxotOE78ZIWi8yfe3_NGQJwe70aHG36tEZUYi1mHDe6VNepqtWTrp3l_codWKufutfEb_n9ZTslqejDW1fHaaulQJfT83v4PexftcMTLP5S2EMdI9aPhelu9qAC85QsnSEec-uc2-RG8QKn-estb9_ZLaJ5k9IBckC7ggFzeS8ET8QCDsgo1PRNAPkOcLfNWlILOF-xJqDZaD8B-MiAAyQ&__tn__=-R,2020-04-14 07:59:51,"""https://scontent.fmnl5-1.fna.fbcdn.net/v/t1.0-9/s1080x2048/93104649_2884436638290370_3588572315429896192_o.jpg?_nc_cat=108&_nc_sid=8024bb&_nc_ohc=57Q9Gg53STcAX9hNUmC&_nc_ht=scontent.fmnl5-1.fna&_nc_tp=7&oh=2b1aaa322c902790a51e96402df23997&oe=5EB9B66D""","{'Total': '158', 'Like': '106', 'Love': '52'}","{'James C Royol': {'text': 'Hi paano po mag add ng beneficiaries kapag gawa na po ang policy?', 'post_date': '1586851442'}, 'Sta Ana MJ': {'text': 'PTPA po..', 'post_date': '1586856947'}, 'RM Nade Caser': {'text': 'Extended?', 'post_date': '1586852112'}, 'Marilou Bael Durias': {'text': 'Stay at home jud mo son ha,', 'post_date': '1586861394'}, 'Bernard L. Robles': {'text': 'Ptp po. Thanks.', 'post_date': '1586855858'}}",256
prulifeukofficial,"Thank you for your overwhelming response to our FREE COVID-19 insurance and personal accident insurance. You can still be part of the 500,000 insured Filipinos with up to PhP 110,000 benefit. Double the death benefit if you‚Äôre a health care worker. Sign up now through Pulse! Download Pulse for Android or iOS: https://wedopulseph.page.link/vwyH *Full terms and conditions: https://wedopulse.com/ph/product-information.html",https://web.facebook.com//prulifeukofficial/photos/a.414790448588347/2884441458289888/?type=3&__xts__%5B0%5D=68.ARCkGpF2P2D_l6tsofIw-2WR8843dQoFrItgg6rcl4uO-OTRDaKi9ZCEWKufd8vvbxImq05G_5ZwuUJVN8eMAZGOXIAyDdcXECvMF98OirG3b-HZSOI7u4vEavsjF3guorSU3y58KEwRwh624-gAYAKt764B3DBTgUGHdrf9-32tNaIJ3kRSYHVlXnquS6VUb58K0P29kJYtkFKQMB2aPhMzzj-x3OGyl4eN48Avl9SxmOELopnStwZqc9eypEJLbSLrznyKDHY9g-9NC4JK7TzW4EQrXdREgyzrR-vEWuNOeBdkHofzlUtgqgAJYv-pMawz3XeOgrZqZHq9ztoADhxgGQ&__tn__=-R,2020-04-14 11:30:57,"""https://scontent.fmnl5-1.fna.fbcdn.net/v/t1.0-9/s1080x2048/92483376_2884441461623221_2065655647608766464_o.jpg?_nc_cat=102&_nc_sid=8024bb&_nc_ohc=BZ-xdldajY0AX9XU7kQ&_nc_ht=scontent.fmnl5-1.fna&_nc_tp=7&oh=15f04aaca971b5ea026b84986a509d9f&oe=5EBCEF5A""","{'Total': '35', 'Like': '22', 'Love': '13'}","{'Charlene CN': {'text': 'Thank you Prulife', 'post_date': '1586863950'}, 'Marjorie Wamar': {'text': 'Hello everyone,PRU Life UK is giving FREE insurance worth of 100k for non-frontliners or 200k for frontliners starting April 13, 2020 for the first 500k registrants only.‚Ä¶See More', 'link': 'https://l.facebook.com/l.php?u=https%3A%2F%2Fonepulse.page.link%2FXb254URUZCZT2L8L8%3Ffbclid%3DIwAR3pq8c9dRKXyWt2fT0nS7FGm9P_3kp3kR_1Rlmg9_M2FooWX3nt92_jQZM&h=AT0zwdrwssjoPFXo_jzBHcTP0hHMikdLt1PA31C-tos7_iomsFJLBFR8JNcH4ZsrG6ChKnFAF0qTxT9FulBoSG_KdOX73hS4ERbC6ei64VZbqNEoMEzatlPwAwXZMUqTdzfDf1eTyeemrnQypOltLg', 'post_date': '1586864025'}}",54
prulifeukofficial,"Protect yourself and your family against COVID-19. Download Pulse today to claim your FREE COVID-19 coverage and personal accident insurance* of up to PhP 110,000. If you're an eligible health worker, you can get PhP 210,000 in coverage. Check out the product primer in this post for more information. *Visit https://wedopulse.com/ph/ for the full terms and conditions. #WeDoHealth #COVID19",https://web.facebook.com//prulifeukofficial/posts/2882572365143464?__xts__%5B0%5D=68.ARBL2eDMltVzumzhG0jbBhR1-2QMLCay3Z5cjFNVoGSN1lhlO8zcezRoQKap5pfcAPpgxhZa7O7dJA9vS0DHJsrsJUcOLfmKIVO89UxER4Z-NqWi6CpOtQ1qE79kY_FU_Wb97289V7ql2hc-h2sJOdaURm2oWM1Oe-PwcH6q44yNCw3K50fBreZ-iaNHZpNj43oWFgGU_L31DMCZ5k1QNBEj-OJeHzvJBh7iQ-CPNVDdwBsMh0v-uz7fJtATT7iNqHIK_Nw49UF7Fh0lnHBzCcMEIuc2hBYtEIxTe88N-E5IwDSw-kEAHdoKvvEEu3ytk06U28N3PwxiBDNg2MActHFAFw&__tn__=-R,2020-04-13 11:45:54,"""https://scontent.fmnl5-1.fna.fbcdn.net/v/t1.0-9/92822910_2882571881810179_6729334143529779200_n.jpg?_nc_cat=101&_nc_sid=8024bb&_nc_ohc=T_h1_COKWFcAX_U43XK&_nc_ht=scontent.fmnl5-1.fna&oh=f0594f02495fe6cf215c0861413890c9&oe=5EB9FD9C""","{'Total': '228', 'Like': '148', 'Love': '79', 'Wow': '1'}","{'Mae Darl': {'text': 'Thank you, Pru!', 'post_date': '1586845952'}, 'Richelle Comia': {'text': 'Thank you Pru! ‚ô•Ô∏è', 'post_date': '1586823672'}, 'Gonzalez Benjie': {'text': 'Thank you Pru üíû', 'post_date': '1586789588'}, 'Soleil Gonzales Taguines': {'text': 'Thank you, Pru!', 'post_date': '1586789465'}, 'Maridel Fajardo': {'text': 'Thanks Pru!‚ù§Ô∏èüôå', 'post_date': '1586800319'}, 'Bernard L. Robles': {'text': 'Ptp po. Thanks.', 'post_date': '1586838677'}, 'Angel Sardoma': {'text': 'Kristine Chua for reference üôÇ', 'post_date': '1586785667'}}",403
prulifeukofficial,"32,000 people, and hundreds more by the minute, since this morning are getting protected by the free COVID-19 coverage and Personal Accident Insurance. Your patience is much appreciated as the system adjusts to this enthusiastic response.   Here are some helpful tips for a great experience with Pulse: 1. Please make sure you have a good internet connection. 2. Don't forget to nominate your beneficiary when you get to the Congratulatory screen. In case you were not able to nom...inate a beneficiary, please expect the 'Add Beneficiary' feature in 7 days or less. 3. In case your ID number and/or name is not captured well by the camera, you can manually input it, but please avoid hyphens or other special symbols. 4. Make sure to double check your birthdate as sometimes the system defaults to 2019 as the year. Do stay tuned to PULSE as we continue to release more updates. Click here to download Pulse for Android or iOS: https://wedopulseph.page.link/vwyH",https://web.facebook.com//prulifeukofficial/photos/a.414790448588347/2882113665189334/?type=3&__xts__%5B0%5D=68.ARChI93_Vvjx_9FXN3QCOQhfZeMHh9PVfv3WlQlnIUgO5o9O2YJDP5GHQIewJbqEmKCk2BnSXIyZS0ehjJxQO-c5FleLEf8sXzqZc5ileIwwE42UZNgLxmnZuSnVYBA7HbiEXW7cG5L6ivNIgaoQUsVwmt3nb2iodUIE7JGUnJUIH43BGaLj2AVSxLd01Ib1bluW1hj_4dX-K-SLnW3TrK9hOJFHkGgWndcuVOcHGLlsu30-hxRBD61fhWM_Jupjbl4axGPayuA_w_r12bRaxrvpnetAw68BFGZ0lUsfTnept-n7yYZyVdIYSkooCh9qNLBogLWeUVz_Iz9fp3aeZtidDg&__tn__=-R,2020-04-13 06:26:00,"""https://scontent.fmnl5-1.fna.fbcdn.net/v/t1.0-9/s1080x2048/92943980_2882113668522667_8964347966596841472_o.jpg?_nc_cat=103&_nc_sid=8024bb&_nc_ohc=fCSlhov5duoAX-zz2B8&_nc_ht=scontent.fmnl5-1.fna&_nc_tp=7&oh=940903e79c16a0e00c65930d63efed58&oe=5EB9BABC""","{'Total': '732', 'Like': '508', 'Love': '217', 'Wow': '6'}","{'Kuys Dyek': {'text': 'Dear Pru - thank you for this initiative. There are issues on network crashing while beneficiaries were being filled up. Would appreciate if you can provide us back up plan for this issue. Thank you Pru Life UK!', 'post_date': '1586760231'}, 'Jenny Depp': {'text': 'After the Congratulatory screen, beneficiary information cannot be added as the SAVE button is not clickable.  Got the email confirmation re policy, but how can we add the beneficiary?', 'post_date': '1586764965'}, 'Rozin Melecio': {'text': 'I have been trying to register since yesterday but the registration is not proceeding in you Pulse App. Pls help.', 'post_date': '1586824660'}, 'Xhiia Cardinio': {'text': 'Philhealth, Police ID, Voters Id not allowed, pru?', 'post_date': '1586760795'}, 'Raymond Led': {'text': 'App not working properly. Stuck in the splash screen. :(Update: OK na po. I just had to update the app and it worked fine na. Thanks sa help din ni Ms. Charm. :)', 'post_date': '1586759909'}, 'Jordan Monreal': {'text': 'Dear Pru Like UK, this is not available in my country (presently in the Bahamas)... any work around?', 'post_date': '1586825771'}, 'Vicky Dariano': {'text': 'Mine was stuck  to the Entering Details', 'post_date': '1586760886'}, 'Christopher Jay Suratos': {'text': 'How to add beneficiaries? I‚Äôve already received the email confirmation for the certificate but haven‚Äôt added my beneficiaries yet.', 'post_date': '1586761585'}, 'Bernie Rasonable': {'text': ""Can't proceed to the entering details.  not working good. üòîThank you Prulife!"", 'post_date': '1586773964'}, 'Jacquie Estavillo': {'text': ""It's rejecting my IDs and won't proceed. I've already tried my driver's license and UMID and it won't proceed with the application."", 'post_date': '1586850982'}, 'Inno Cenxia': {'text': 'Hi! I already registered and received my certificate but was surprised that my family name was  not the correct one. Can i still edit it or make amendments?', 'post_date': '1586770438'}, 'Migs Dichoso': {'text': 'It is stuck Enter Details page and just keeps on loading.', 'post_date': '1586796939'}, 'Arcadio Cabanelez': {'text': 'And thank you for the badge as top fun.', 'post_date': '1586774801'}, 'Eton Reyes': {'text': 'in case to forgot to nominate the beneficiary, how to add details on it?', 'post_date': '1586759474'}, 'Ja-deh Saludaga': {'text': 'Always error occured whenever I uploaded the ID picüòï', 'post_date': '1586817453'}, 'Nikkie Suarez Buemia': {'text': 'Thanks You prulife. I have successfully registered!', 'post_date': '1586761416'}, 'Jomer Jake': {'text': ""Insurance application doesn't work"", 'post_date': '1586783026'}, 'Arcelie Santos': {'text': 'I click the ""click to register"" but still can\'t proceed', 'post_date': '1586774582'}, 'Imee Trinidad': {'text': 'Nagka crash', 'post_date': '1586764116'}, 'Justine Lungay Silva': {'text': 'Thanks you PRULIFE UK. I am now assured and insured. üòç', 'post_date': '1586805765'}, 'Archie Rivas': {'text': 'Thank You Pru Life UK! We DO PRUtect! üòç', 'post_date': '1586775590'}, 'John Tabligan': {'text': 'mine is stuck in ""Enter your details""', 'post_date': '1586759441'}, 'Arci Quinnzel': {'text': 'stuck on entering email address üòî', 'post_date': '1586825361'}, 'Joan A√±ep LaDe': {'text': 'Thanks Prulife! Already registered and received certificate yesterday.', 'post_date': '1586833335'}, 'Arlene Carpintero - Maderal': {'text': 'Thank you so much Pru life UKüôèüôèüôè', 'post_date': '1586776404'}, 'Dominica Cindy B. Maglalang': {'text': 'Thanks PruLife UK! Ur d best', 'post_date': '1586782094'}, 'Mark Keivin Banaag': {'text': 'Thanks Pru Life UK..üòçüòçüòç', 'post_date': '1586787120'}, 'Maireen DeLeon Santiago': {'text': 'Is this only for members?', 'post_date': '1586785218'}, 'Jeferson Mosa': {'text': 'In case na ‚Äú Enter your details‚Äù po. Uninstall at install nyu ulit ang app. Ganon po ginawa ko.', 'post_date': '1586764672'}, 'Myra Mae Ecal': {'text': 'I added my id number with hypens, na accept naman...', 'post_date': '1586762549'}, 'Royce Ivan De Paz': {'text': 'Para san po ung rewards and badges üòç', 'post_date': '1586833742'}, 'Gregorio Hugo Gastilo II': {'text': 'Kambal Sen, eto na yung sagot sa di nalagyan ng beneficiary. üòÅ', 'post_date': '1586811397'}, 'Melvin Real': {'text': 'How po', 'post_date': '1586851124'}, 'Mary Grace Espa√±ol': {'text': 'Aileen Hernandez after 7 days pwede i add ang bene', 'post_date': '1586773476'}, 'Rache Soliman': {'text': 'Pwede po bangbi edit?', 'post_date': '1586759971'}, 'Ralph Augustine Quitallas': {'text': 'Hi Pru Life UK - Official how can I add my existing policy?', 'post_date': '1586831530'}, 'Sen Villaruz Tan': {'text': 'No. 2 King Marky Encila', 'post_date': '1586827495'}, 'Jay Mushashi': {'text': 'Referal code po?', 'post_date': '1586769833'}, 'Joy de los Santos': {'text': 'Jonah Cereno Delos Santos-Penolio try mo di download app', 'post_date': '1586788678'}, 'Patrick John Paguia': {'text': 'Khristine Ordillos abang tayo nung button. HAHAHAHAHAHAHAHAHA', 'post_date': '1586768282'}, 'Rye': {'text': 'Pierre ireg mo mama mo dito ooh', 'post_date': '1586761830'}, 'Alyssa Isabel Cablao': {'text': 'Leonard Victor Pasco register ka din', 'post_date': '1586845449'}, 'Simon': {'text': 'Peggy Almoite ito tita tips po', 'post_date': '1586799367'}, 'Jennielyn Castro': {'text': 'John Avonasac Bea Cruz Daireen Gliezel Don Ramos Elhay Castro ito instruction', 'post_date': '1586792389'}, 'Khay Cloa Moreno-Reyes': {'text': 'Thank you Pru Life..', 'post_date': '1586783941'}, 'Hana Sakura': {'text': 'Thank you Pru!!‚ù§üíØ', 'post_date': '1586782371'}, 'Josh Queddeng': {'text': 'Thank you Prulife!!!', 'post_date': '1586780532'}, 'Roxan Marie J. Francisco': {'text': 'Jeselle Yedra Belen anjan ung abtnsa beneficiaries :)', 'post_date': '1586775447'}, 'Aybs Calanog': {'text': 'Thank you üíú', 'post_date': '1586771520'}}",1K
prulifeukofficial,"FREE COVID-19 coverage* and personal accident insurance for the first 500,000 to download and register! Click here to download Pulse for Android or iOS: https://wedopulseph.page.link/vwyH *Full terms and conditions: https://wedopulse.com/ph/product-information.html",https://web.facebook.com//prulifeukofficial/photos/a.414790448588347/2880792111988156/?type=3&__xts__%5B0%5D=68.ARA3wQKeR6ZP98VLKOCJyx2KoR7G6tXgTVe9F1HrVePkFE1N2KLvyWz_jztmWvfpLxazb2oYa4zAu0l7HfEXXbRbhjjAeGg33PH7mchNSkNVnrl4xf-Ss-ij1mLGreEvUAPMdVH6R3Lh30DWnQ9UjRb6mRjfQPFF1d3Erf8QeFwUy2QCEw--oW4HkEHMlQfGjUm4ZcebzlhE0oTfxI5ic7YKi8_TePv9tI1pUn89DPrYgH3oJMHWrVQz-KifZxW9GDXjTFX3L1QdcChLflNZ4nQVJgI5MrFyInWzoTvQuHru03DM-Kkq-Xwp4pRThCPMP-2Noq7xmybJ2Re7O-zg71JwGQ&__tn__=-R,2020-04-12 23:00:02,"""https://scontent.fmnl5-1.fna.fbcdn.net/v/t1.0-9/92940639_2880792115321489_2247017560874680320_n.jpg?_nc_cat=100&_nc_sid=8024bb&_nc_ohc=1pQn4GWqEkoAX8278AZ&_nc_ht=scontent.fmnl5-1.fna&oh=471279cc8705b959668c9ca48e548199&oe=5EBD2F84""","{'Total': '927', 'Like': '659', 'Love': '256', 'Wow': '10'}","{'Div Rasalan': {'text': ""Been trying to register but the completion button stays disabled. Whenever I try to upload a photo of my ID, it will incur an error. Curious to why it's happening, or could it be that the registration is just a trick to gather information? Hope to hear from you, thanks"", 'post_date': '1586758949'}, 'Honeychicks Lacson Sosas': {'text': 'I had registered my whole family successfully, thank you very much! But me and my father‚Äôs registration, we got an error in adding beneficiary. We receive the email notification policy but no beneficiary. How can we add beneficiary? We already sent email. Please let me know, thanks! üòä', 'post_date': '1586749994'}, 'Thea Noreen Austria': {'text': ""Is there a way to update/edit our personal details and beneficiary information after registering through Pulse app? I'd like to make some changes but there's no edit-in-place function in the app."", 'post_date': '1586754722'}, 'Geofrelyne Castillo Balintag': {'text': 'I downloaded the app but it says that it is not available in my region..', 'post_date': '1586741843'}, 'Christian Phillip Galacio': {'text': ""Is this valid already? I wasn't able to input my beneficiaries yet but I went back. Also, I can't find my policy yet in the My Policies section."", 'post_date': '1586755116'}, 'Hiel Guinhawa Manalo': {'text': ""Hello po! Good day po! I have an inquiry Sir/Ma'am. My other clients skip the Beneficiary page. And cannot re-enter that page. How can they access the benficiary page again? Thank you Sir/Ma'am. God bless always."", 'post_date': '1586762361'}, 'Jonnel Saddoy': {'text': 'Thanks Pru Life UK - Official! Successfully registered for our free 100K Covid-19 policy coverage until May 27, 2020! üëèüèª‚ù§Ô∏è', 'post_date': '1586740711'}, 'James Chua': {'text': 'How do you ensure that you are qualified within 500k users', 'post_date': '1586738514'}, 'Jenny E. Latunio': {'text': 'Hi. I have an existing Pru Life policy. Do I need to register in this one? Thank you.', 'post_date': '1586760104'}, 'Dianne Chan Mendiola': {'text': 'Why is Pru offering this for free?', 'post_date': '1586745966'}, 'RM Nade Caser': {'text': 'Thank you PRULIFE!  We got our free protection üòä God bless!', 'post_date': '1586751042'}, 'Ana Maeh Domalaon': {'text': 'Thanks Pru for the free insurance ü§ó', 'post_date': '1586744459'}, 'Aiy Aiy': {'text': 'What to enter in beneficiary email ID? email address po ba yun? Kasi grayed out yung Save button', 'post_date': '1586755560'}, 'Seth Cabacang Esponilla': {'text': ""I used my FB to log in and this FB has my old email and i can't open it anymore. Is it possible If I can redo my log in and change my email so I can get the email confirmation? Sorry for not thinking about it. Please help me how can I get the email confirmation. But I got a screenshot though after doing the registration? Would that work? Please help me!!!"", 'post_date': '1586756427'}, 'Shyr Angeli Lomocso': {'text': 'I already received email confirmation but app certificate didn‚Äôt completely load and I was not able to register beneficiary like others. When I click register it shows the default registration page. How can I continue my policy registration?', 'post_date': '1586756178'}, 'Jovel Buello': {'text': 'Downloaded the app and try to register but cannot,  proceed button is not working', 'post_date': '1586750450'}, 'Ma Edcel Balbar Pascual': {'text': 'Already received email that I have succefully registered. But upon editing beneficiary the app crash. How to edit it once again?', 'post_date': '1586750810'}, 'Aubrey Abanilla Jardiniano': {'text': 'pano po kong naka insured napo kmi sa prulife poh?', 'post_date': '1586748095'}, 'Hya D Paz': {'text': 'Hi Pulse App is not working properly... Proceed button is not enabled in the registration form. Please check. Thanks', 'post_date': '1586737444'}, 'Shairah Joy Omay': {'text': 'Why is my certificate issuance taking so long? I have stable connection but its been loading 30mins already. üòî', 'post_date': '1586787176'}, 'Mark Alvin Cruz': {'text': 'What will we write in the ID NO.?', 'post_date': '1586748115'}, 'Sarah Rodriguez': {'text': 'How to edit beneficiaries? And is it only one beneficiary that you can add?', 'post_date': '1586831608'}, 'Xhiia Cardinio': {'text': 'How to edit the beneficiaries?', 'post_date': '1586746993'}, 'Karencitto Ponce': {'text': 'The registration page does not load.', 'post_date': '1586782664'}, 'Josh Suba': {'text': 'Hi Pru Life UK! apps is not availbe in UAE?', 'post_date': '1586784692'}, 'Ajhay Eustace Bonaobra': {'text': ""Thanks, I'm done with the registration!"", 'post_date': '1586842085'}, 'Jordan Monreal': {'text': ""Dear Pru, Can't download it... Presently here in the Bahamas."", 'post_date': '1586826211'}, 'Aliz Dequito': {'text': 'Thank you for the free insurance Prulife UK!', 'post_date': '1586766770'}, 'Tony Cruz': {'text': 'Puede po ba use ""voter\'s ID"" para sa Free Covid Insurance?', 'post_date': '1586755875'}, 'Sarah Pede': {'text': 'Thank you Pru Life UK - Official! Registered successfully with this COVID19 policy.', 'post_date': '1586836526'}, 'ÊΩòÁßÄÈõ≤': {'text': 'It is so hard to upload the id on the application', 'post_date': '1586753686'}, 'Ann Fatima Rose Diasanta': {'text': 'Hi. Is there a way to change the email address? I connected using FB but unfortunately the email on my FB cannot be opened.', 'post_date': '1586857298'}, 'Lea Marquez': {'text': 'this app is not available in my current countryüòî', 'post_date': '1586768281'}, 'Glissel Martin Sarondo': {'text': 'I received my email confirmation! Yey! Thanks Pru Life UK!!', 'post_date': '1586771896'}, 'Jav Valera': {'text': 'The link turns blank. Is this still valid?', 'post_date': '1586821605'}, 'Aanna Dancel Duran': {'text': 'thanks very much pru life. da best', 'post_date': '1586795397'}, 'Edwin Paguibitan': {'text': 'I have already sign-up but when I tried to login again it says ""account is locked""', 'post_date': '1586784698'}, 'Irene Madet': {'text': 'How to put a beneficiary?', 'post_date': '1586770120'}, 'Iman Tugonon': {'text': 'Thank you Pru Life UK', 'post_date': '1586775650'}, 'Rachel Cardona': {'text': 'Me and my husband already received our email confirmation for the free COVID 19 coverage. Thanks Pru Life UK! ‚ù§', 'post_date': '1586754907'}, 'Kannah Kamui': {'text': 'how to register?', 'post_date': '1586775642'}, 'Abraham V Apawan': {'text': 'How long is the validity of the covid-19 coverage?', 'post_date': '1586769067'}, 'Patty Eval': {'text': 'How to add my 2 yrs old baby and partner? Thanks', 'post_date': '1586784987'}, 'Marjorie Eugenio': {'text': 'Why the policy holder is under EON?', 'post_date': '1586777013'}, 'Maryjosephineb Villaraza': {'text': 'Gud am yang pano po yan magkano po yun the whole package,at per annually or 3months or 6 months paying? Slmt po s Dios', 'post_date': '1586746502'}, 'Christopher Jay Suratos': {'text': 'How to edit the beneficiary?', 'post_date': '1586753367'}, 'Jelai Algire': {'text': 'Nagre log in po ako today pero wala naman po update üòî', 'post_date': '1586740385'}, 'Junell Torres Limos': {'text': 'Jimuel Ferrer Del Campo, Gia Gai Patrick Carlos Mel Limos Maribelle Lim Junio JP Aviles guys, pag nadownload niyo na yung app, mag re login lang kayo today. Thanks!', 'post_date': '1586735363'}, 'Doris Tolosa': {'text': 'Not qualified 65 year old last bday', 'post_date': '1586751259'}, 'Princess Garcia': {'text': 'Hi Pru Life UK - Official I didn‚Äôt receive the certificate it just loading in the app and no certificate', 'post_date': '1586757051'}, 'John Tabligan': {'text': 'mine is stuck in Enter Details', 'post_date': '1586750596'}, 'May Mangudadatu': {'text': 'All white screen', 'post_date': '1586769263'}, 'Jhunie Oacacob': {'text': 'üëémoney bait,,,,,', 'post_date': '1586764542'}, 'Bernard L. Robles': {'text': 'Ptp po. Thanks.', 'post_date': '1586764478'}, 'Trisha Donan Alqueza': {'text': 'Sana totoo to hehe', 'post_date': '1586753676'}, 'Anabelle Lazo': {'text': 'Download now friends', 'post_date': '1586753449'}, 'Justine Felicitas': {'text': 'Yay!! ‚ù§Ô∏è', 'post_date': '1586751435'}, 'Bille Cristiane Temanel': {'text': '‚ù§Ô∏è‚ù§Ô∏è‚ù§Ô∏è', 'post_date': '1586750894'}, 'Nikko Casimiro Bisquera': {'text': 'Thank you Pru Life UK - Official ‚ù§Ô∏è‚ù§Ô∏è‚ù§Ô∏è', 'post_date': '1586749825'}, 'Emman Baldevia': {'text': 'Registered successfully. Got confirmation for coverage on my email. Thanks Pru Life UK - Official!', 'post_date': '1586748402'}, 'Janeth Mendoza': {'text': 'Pulse App is not working properly üò¢Pls check. Thank you.', 'post_date': '1586747178'}, 'Irving B. Diaz': {'text': 'Hi, I registered 4 days ago, no respond from you. Kindly let me know my status. Thanks.', 'post_date': '1586746497'}, 'Cel Villon': {'text': 'Thank you, prulife Uk. Lucille VillonDaganio-Sesbre√±o, @Carben Fajardo Daganio Yna Villon register kau', 'post_date': '1586746111'}, 'Deeh Jay': {'image': 'https://external.fmnl5-1.fna.fbcdn.net/safe_image.php?d=AQBU0-bEcT3tChPd&w=600&h=600&url=https%3A%2F%2Fmedia1.tenor.co%2Fimages%2F21c364faaaef022bf10839cc3c84552b%2Ftenor.gif%3Fitemid%3D9680688&_nc_hash=AQC-6nWFYfV4bHOR', 'post_date': '1586741801'}, 'Judith S. Loquellano': {'text': 'How to download', 'post_date': '1586737386'}, 'Gel Jamilla Marciano': {'text': 'Sir eto na po Gil Bert', 'post_date': '1586733995'}, 'Carl Bryan Declaro Pontillas': {'text': 'Maam Pam Navarro-Salon, Jeprey V. Mascari√±as, Renielyn Sabuelva Marie Danilene Bulosan download and register ani please üòäüòä', 'post_date': '1586733057'}}",1.9K
prulifeukofficial,"Not feeling 100%? The Pulse Symptom Checker will help you understand what your body is telling you. Through our AI-powered chatbot, you can input your symptoms and answer related questions so that your condition can be better analyzed. This will help you understand your symptom better. Download it now for FREE: https://wedopulseph.page.link/5dT1",https://web.facebook.com//prulifeukofficial/videos/2529267540512334/?__xts__%5B0%5D=68.ARAbGFn6l_dOQYaP-JoMyYVqXCK7B-cqImPJ49QylOrD_DTi4OuZAC19wbS912W_J1XyN_FWp3iIWB8d5fcg9koTI1kQLc0bHA87jp988VuP22B5FXz1tOroNGqfGlYJlX0XGvnz1U1npCEr_dYJqG05HpDJXpxCv65_HRcijILXi_U9Rrnd82lz36MF2-R1JcPkK0qFuv9NrDV8ti0HA2SeAEbid26D0bf1lAX4CVCprdcqOPcwfu2TbzL7m3_e4rlK8Yt7uw9okn7dUZ9mkaQMnKR0xDe3DSHBC2sbUX7V2-zUSR-UhKftdIxNaEeOHPUUlg9U4PBmqbx2oo3O9qoT1Ihy4erUO8Zq_w&__tn__=-R,2020-04-12 11:30:00,,"{'Total': '107', 'Like': '84', 'Love': '20', 'Wow': '3'}",{},166
prulifeukofficial,Look at staying at home as an opportunity to explore a passion project you‚Äôve been wanting to do. Discover a new creative outlet; it helps keep the mind and the body to stay healthy. #WeDoHealth,https://web.facebook.com//prulifeukofficial/photos/a.414790448588347/2871499322917435/?type=3&__xts__%5B0%5D=68.ARAFQxuSeOMAW98Oaf1AW7oUiUjDYpJBzFfNdmbdjm9ECGsULntL0hgzBiz3FUtKqDIO3cv82PTtecRvZymJre4XzwMuHNIByaMoDuiL9YjD1jO24lfZbYD8iZh-KcgpPUg1_sE5nAzrWjHb8op-HvVowuEOxDh-DKDwhCxfY-QekrB9XPbIQoFzuttV-NwJ_XaHqat6fnUwpeP1rg7pLYQy_YTpZP9Rkt68OHnAQynndLy2KjyuTFg_7otKRBW9_fORsY9QFg5MsVqvbVEo0LcLZbb_9IsrnoUvdE-ZIz5cRl2cdZuZbflGQ4ManasKMFzijrxQ6ExhcWF0Q6h3_ZNdWQ&__tn__=-R,2020-04-09 10:19:00,"""https://scontent.fmnl5-1.fna.fbcdn.net/v/t1.0-9/92940108_2871499326250768_7915935055095005184_o.jpg?_nc_cat=101&_nc_sid=8024bb&_nc_ohc=nyejapBZ_2IAX_y86Rd&_nc_ht=scontent.fmnl5-1.fna&oh=05bd018b6193dd2fbe84592e42f8ab42&oe=5EBD0A31""","{'Total': '327', 'Like': '230', 'Love': '95', 'Wow': '2'}","{'Roinic Nunag': {'text': 'PTP po admins PruLife...Thank you..', 'post_date': '1586514169'}, 'Bernard L. Robles': {'text': 'Ptp po. Thanks.', 'post_date': '1586428074'}}",240
prulifeukofficial,We are extending our utmost gratitude to the frontliners who are tirelessly working to help in the fight against #COVID19.,https://web.facebook.com//prulifeukofficial/posts/2873339579400076?__xts__%5B0%5D=68.ARAG3CQ5BC7TDH4766al3-CIP7Ast1MZwZTPjfB7slNVG-CnsCMZB258Hc4jZ5GkmTNYUq8OUcLNAz_mJ4_qV_uZ-Y5mISCTuzVVmjbmW705ZDzEVRhpQ66WwUiTJZGh1jkYKaniPrH3cGsf9VZkuhVotBSzlkHSg5YuB0SjswfrmBTpy0MIR70erbrmf4RveOI9xIMSxApEIF-_qKUoQ7EPYyF7UcTUZ3XxFM2IgiQWom1yw8o7wdFID4IR-6bUWewHdyHEhPnupCLZ_YuefP48vJNIQp4uYjkTm9lEZxy7GUMpZVMm7ACcNynBzIRybiLy-C1U1ZRmIbGA0Hid1Mox9Bg5EaGP9RKMgfy9fuESeQmjnB1dgOX89hO28xJkPyskwZCsp3Ay2h_r_tnlSeRDw4pKuItx7k41O44Yqt2wXCo8G-YIgg_WdpkTFWRr5KSqBWk5nAoSQf6ed-M32vgyGuDGICh_7p9pdBnQjRLGlKKS2nuEXHzS&__tn__=-R,2020-04-09 04:21:13,"""https://scontent.fmnl5-1.fna.fbcdn.net/v/t1.0-9/89948541_2819979238069444_766979050513104896_n.jpg?_nc_cat=104&_nc_sid=8024bb&_nc_ohc=sWV4wDe7bAAAX-cJ2d3&_nc_ht=scontent.fmnl5-1.fna&oh=03a8e4c6c1a3bac7afdd296e4792f642&oe=5EBA4764""","{'Total': '434', 'Like': '321', 'Love': '113'}","{'Paul Michael Cua Lim': {'text': 'I salute and proud of you! Keep fighting everyone', 'post_date': '1586413689'}, 'Cristina Estaris Reyes': {'text': 'thank you! üëè Great job üëç', 'post_date': '1586600842'}, 'Reshyl Sanchez Suarez': {'text': 'Many thanks Health Frontliners', 'post_date': '1586649922'}, 'Tess Turingan': {'text': 'Thanks   üòòüëè', 'post_date': '1586612085'}, 'Yuan Examina': {'text': 'Thank you Pru Life UK - Official.  Proud policy holder here and licensed financial advisor as well. üíôüíôüíô', 'post_date': '1586533740'}, 'James Christler Cariaga': {'text': 'Thank you', 'post_date': '1586515927'}, 'Manny John Hinder Gonzaga': {'text': 'laban #Prulifepolicyholder', 'post_date': '1586426024'}, 'Ben Casas': {'text': 'üòéüëçüëçüëç', 'post_date': '1586511766'}, 'Bille Cristiane Temanel': {'text': '‚ù§Ô∏è‚ù§Ô∏è‚ù§Ô∏è', 'post_date': '1586411161'}, 'Cynthia Valdoz': {'text': '‚ô•Ô∏è‚ô•Ô∏è‚ô•Ô∏è', 'post_date': '1586436285'}, 'James R. Dela Cruz': {'text': 'üëåüòä', 'post_date': '1586411554'}, 'Nikko Casimiro Bisquera': {'text': 'Thank you Pru Life UK - Official ‚ù§Ô∏è‚ù§Ô∏è‚ù§Ô∏è', 'post_date': '1586519028'}}",297
prulifeukofficial,"In observance of the Holy Week, our business will be closed from April 9 to 10. Normal operations will resume on Monday, April 13. You may manage your policy through PRUAccess at https://pruaccess.prulifeuk.com.ph.",https://web.facebook.com//prulifeukofficial/photos/a.414790448588347/2871717296228971/?type=3&__xts__%5B0%5D=68.ARDPIsZh4VdUT9d7bwo5o6-L5mgShxGCRQTAntBFvshZn85pOtAPv-5Jii5vT0ea1Ah-7K08wJKN_7Wcc0IV1gdM0XCMYAfAoH8akAgNLtrFeo_6DyY5y2Bd0af-ifNG854QdjoQzh5cikjfB7AoEZigzyDJ8Q93LTqMsvacjKVr7orLTbDQvv2zMaWNZp7mN8HAlLYX5Mb4ir4J5UdfehwC4RlcDEnR1ckIk1qNCthKSpc8lceYw_F8OyBTtrd4g5dR_RNq7jNwBESe6iMDh2rXsJGBGA-RueyanHQoOu6_4ltekvQ-go7gnT-iRtAnchzdJj-hLJTJd7nxFj8PrTbFsA&__tn__=-R,2020-04-08 10:58:45,"""https://scontent.fmnl5-1.fna.fbcdn.net/v/t1.0-9/92580101_2871717306228970_3023393458665553920_n.jpg?_nc_cat=107&_nc_sid=8024bb&_nc_ohc=3jqdC-lO9VEAX-EJSgH&_nc_ht=scontent.fmnl5-1.fna&oh=3c425b17b7241a6028ae81da733eb647&oe=5EBBF4BB""","{'Total': '152', 'Like': '136', 'Love': '16'}","{'Joyce Christopher Pilares': {'text': 'H', 'post_date': '1586672852'}}",48
prulifeukofficial,"[UPDATE] Because we heard you! Due to some of your concerns on downloading Pru Life UK‚Äôs health app, Pulse, the launch date of the FREE COVID-19 insurance & personal accident coverage will be moved to April 13. Those who have downloaded the app will receive an in-app notification, so don‚Äôt forget to log in to your account! ---- Starting April 11, leading life insurer Pru Life UK will offer free COVID-19 protection and Personal Accident (PA) coverage to safeguard Filipinos amid the coronavirus outbreak in the country. Under the program, Pru Life UK will offer free accident and death benefit to 500,000 Filipinos, in the unfortunate event that the individual passes away, including as a result of COVID-19. Health workers are entitled to twice the death coverage at no cost. This offer is available through Pulse, Pru Life UK‚Äôs artificial intelligence-powered health and wellness app that offers holistic health management.  Click link to read full story. #WeDoHealth",https://web.facebook.com//prulifeukofficial/posts/2869659129768121?__xts__%5B0%5D=68.ARDbUSFV2bnaTMdXTjCPH1cYpxagliQag4E3EeQBHURfYg6Y9SZkWBvwhUeB7cfB_FugaslKGjzh5BlFh1XjbuXI9PEYqL1JOswoeN6re7zMEP3WJ0ovK8yTsKtmIkfmz_D4BaAa0SYoDeAfzeL7Dp32_PXMHlGRXdF9MiF7xWAI4pR-ZerR3uId5O6p7uexVjZIELUiPk2t3kmQCoeKtPAC2ZVS_WKm8ohX3G_4Zxlrjlx-DRstVN7wqO4SmcycaJhCmu_Kq5BF_lO8YqO5H7QrtZgOjBN3ifRhkof0MNdhibJxTV51kCsczQ8uJwt5SI2wzvzmZpYQFYkhiTYgCAOg1w&__tn__=-R,2020-04-07 11:03:58,"""https://external.fmnl5-1.fna.fbcdn.net/safe_image.php?d=AQBfR9PgppbKjMhK&w=540&h=282&url=https%3A%2F%2Fwww.prulifeuk.com.ph%2Fexport%2Fsites%2Fprudential-ph%2F.galleries%2FCOVIDBanner_ColorChanged.jpg&cfs=1&upscale=1&fallback=news_d_placeholder_publisher&_nc_hash=AQBbS-Im8q05Ohsw""","{'Total': '1.2K', 'Like': '800', 'Love': '436', 'Wow': '28'}","{'Favored Farrah Tabao': {'text': 'is existing policy holder of any type is automatically protected if will be infected by Covid-19? ty', 'post_date': '1586285051'}, 'Timz  Noide': {'text': 'Any feedback if this app is working?', 'post_date': '1586258439'}, 'Jelai Algire': {'text': 'Hi. Through Google account po ako naglog in. May need pa po ba gawin after non? Thank you.', 'post_date': '1586262018'}, 'Vin Creus': {'text': 'In this pandemic situation that you are not able to go to work or could not work at all. Let PruLife insurance works for you. The value of getting a life insurance and investment. (not a financial adviser) üòä Insured with Pru.', 'post_date': '1586261102'}, 'Ned Deandre': {'text': 'there is no registration link anywhere in the app. for the free insurance', 'post_date': '1586717064'}, 'Bobby Abcede Granada': {'text': 'Thank you Pru Life UK ‚ô•Ô∏è', 'post_date': '1586264001'}, 'Nitz Sazon': {'text': 'Salute to Prulife-UK...love ko to...üòç', 'post_date': '1586258547'}, 'Viangellie Magdamit': {'text': 'The App is not working.', 'post_date': '1586259487'}, 'Jun Toribs Casanova New': {'text': 'App is not available ( currently not available in you country) im in UAE', 'post_date': '1586694854'}, 'John de Rosales': {'text': 'Done registered, Thank you Pru‚ù§Ô∏è', 'post_date': '1586722963'}, 'Bernie Rasonable': {'text': 'Hello po, the app that i downloaded is not working. Thank you.', 'post_date': '1586260609'}, 'Jhonel Tenorio Ugdamina': {'text': 'Cant even upload the ID always error', 'post_date': '1586712153'}, 'Jennifer P. Dela Paz': {'text': 'Thanks Pru Life UK !', 'post_date': '1586319838'}, 'Rache Soliman': {'text': 'Ayaw rin po.sa.akin', 'post_date': '1586259133'}, 'Mel Deocareza': {'text': 'Proud prulife UK..', 'post_date': '1586282210'}, 'Orlando Saguid': {'text': 'thanks for the offering', 'post_date': '1586361585'}, 'Pru Life UK - Official': {'text': 'Hi everyone! Due to some of your concerns on downloading Pru Life UK‚Äôs health app, Pulse, the launch date of the FREE COVID-19 insurance & personal accident coverage will be moved to April 13. Those who have downloaded the app will receive an in-app notification, so don‚Äôt forget to log in to your account! :)', 'post_date': '1586409870'}, 'Camille Genoves': {'text': 'Kahit po ba hindi policy holder, can avail this free covid-19 coverage?', 'post_date': '1586775901'}, 'Pru Minvi Gonzales': {'text': 'It will take some time lang po pero apps is working', 'post_date': '1586280704'}, 'Sarah Jane Salinga Aureada': {'text': 'wait for april 11 po', 'post_date': '1586264306'}, 'Christian Mel Sanchez Tingzon': {'text': 'Not working yung app', 'post_date': '1586258866'}, 'Hannah S. Al-Nuaimi': {'text': 'Xhina Fernandez basin naa ka friends na intersted xhin ‚ô•Ô∏è', 'post_date': '1586341254'}, 'Ana Marie Rico': {'text': 'Mary Rose Pardo Noleal Michael Palacio Mangao Carl Angelo Segovia goodnews apply now its free!! üòä', 'post_date': '1586425891'}, 'Irish Irishz': {'text': 'Jayvee Fernandez April 11', 'post_date': '1586321131'}, 'Rehin CLavecilla Cruz': {'text': 'May nakapag register na ba?', 'post_date': '1586708520'}, 'Leriza C Labbao': {'text': 'Mam Loren Ramos üòä', 'post_date': '1586278143'}, 'LB Agravante': {'text': 'Claire Endico Pinag usapan palang natin last time üôÇ', 'post_date': '1586259347'}, 'Jonalyn Baccani Gali': {'text': 'Melody De Asis anong app yun?', 'post_date': '1586263375'}, 'Rey Bringcola Correa': {'text': 'Thanks Pru', 'post_date': '1586274010'}, 'Faith Aivee': {'text': 'Rhea Mae Tacpalan manaay', 'post_date': '1586263157'}, 'RM Nade Caser': {'text': 'God bless prulife', 'post_date': '1586262521'}, 'Andyl Ilajas': {'text': 'Tayron love.', 'post_date': '1586261702'}, 'Rhasmiya Borloza': {'text': 'Vince Foz DL mo app', 'post_date': '1586260076'}, 'Adeluisa Montemayor': {'text': 'Mam Katherine Robi√±o', 'post_date': '1586259387'}, 'Jep Hernando': {'text': 'Hi Pru Life UK - Official. Your application ia not working.', 'post_date': '1586258782'}, 'Jax Jaydean': {'text': 'App not working', 'post_date': '1586258209'}}",2.9K
prulifeukofficial,"What is the Pulse Healthcheck? Healthcheck will help you know yourself better by answering a series of questions. Afterwards, a 3D view of your body will be generated based on your answers. You can now visualize your health with your very own DIGITAL TWIN and help you discover detailed insights into your current health and also help you improve your lifestyle. Learn more about yourself. Download Pulse now for FREE on Google Play Store or Apple App Store: https://wedopulseph.page.link/5dT1",https://web.facebook.com//prulifeukofficial/videos/673745783439282/?__xts__%5B0%5D=68.ARDJ8XMuBocWlrTuDzdviMMB8vrnr4nx7ToFrflBDT7NLgaEQENiAVjcbC3YiCwemWElTSnlJS2FwdEV2uvugR1OtjoxrzWMpYEszf6x0_rDDwADGoLLYyCJTN3dqhzxuTcQdRu-VJp4Km8oyge-4rY37dFn7uGxmLYzMFIStKyQRDaKjk0gpednkigNYqp8YqOIT6HhOfDqVwz0lyd-LqDV7XB4ZD7n3JC0f0bHVKIYqjv8XoH1pyeU7_UVGmBb8IhFRXesCHOSInMg5u-88yOewm5JaxoEAIczX5Fh4QzTgiMqZmzSHhymTYXexZmWPnwqMrMIXVT0TYMHpr4cr08_A1LJE55RJmYy-Q&__tn__=-R,2020-04-06 10:00:00,,"{'Total': '207', 'Like': '135', 'Love': '69', 'Wow': '3'}","{'Hya D Paz': {'text': 'The health tab in the app is not working. Please check. Thanks.', 'post_date': '1586665944'}, 'Irwin Moya': {'text': 'Sorry app does not work. Freeze during startup.', 'post_date': '1586257380'}, 'Eduard Flores': {'text': 'This is great!', 'post_date': '1586216627'}, 'Charito Yuzon': {'text': 'thanks', 'post_date': '1586241243'}, 'Neil Daniels Villanueva': {'text': 'thanks', 'post_date': '1586184272'}, 'Your Mom From The Pru By Mommy Dai': {'text': '‚ù§Ô∏è‚ù§Ô∏è‚ù§Ô∏è', 'post_date': '1586207949'}, 'Khris Baraquel': {'text': 'Rodet Bonifacio Yago', 'post_date': '1586227373'}, 'Jobs Martin': {'text': '‚ù§Ô∏è', 'post_date': '1586167720'}, 'Jemma Grace E': {'text': 'üíñ', 'post_date': '1586188099'}}",364
prulifeukofficial,What can you do with Pulse? Pulse will help you play an active role in managing your personal health and wellbeing. Looking to track your overall health and fitness? Get the right health tips through the Healthcheck. Feeling under the weather? Check your symptoms with the Symptom Checker. All this and more with Pulse. Download it now for FREE on Google Play Store or Apple App Store: https://wedopulseph.page.link/5dT1,https://web.facebook.com//prulifeukofficial/photos/a.414790448588347/2861117973955570/?type=3&__xts__%5B0%5D=68.ARCs1eh3PDIYZAa0Dr_I1lAMECNDWd1rl2xLfOyOt4f5zK1ucHtpOrzMzQkRfEGB6CVrZAvrrYlqJgN5zal4zsqxgyqaOvOlsdNN-iK1mu1ofR8eFhBSCbLUObUZRAQaOmuzHGFR7yqMxBHmOnKQ3hyEQsB448AqNY6PVGstilLzwJ7MANt9T_qvANAsYqKip785z3uE4pDgogM8dTtmUPRyzGmWaSfhsuwBuaF6r7v3COpM6AGsJ54bbeed39uj6IIHMjhYoCUqPPew8VCqimxoQTyrB6i-v43vl2mz6ja0JTRKotZkQ8efAkokPK7dS7gJWXnBH4R98-vWZ2vCXqm-sQ&__tn__=-R,2020-04-03 10:03:42,"""https://scontent.fmnl5-1.fna.fbcdn.net/v/t1.0-9/91086331_2861117977288903_3489068763679031296_n.jpg?_nc_cat=103&_nc_sid=8024bb&_nc_ohc=-GBD93u9ygYAX9l5okQ&_nc_ht=scontent.fmnl5-1.fna&oh=9f060b67449926cccb4787eaa11fd70f&oe=5EBC46BA""","{'Total': '238', 'Like': '174', 'Love': '62', 'Wow': '2'}","{'Ruben Astor': {'text': 'D ko ma download ning, bk d Pede s state', 'post_date': '1586439175'}, 'Champ Martin': {'text': '‚ù§Ô∏è‚ù§Ô∏è‚ù§Ô∏è', 'post_date': '1586036509'}, 'Red M Tiamson': {'text': 'üëçüëçüëç', 'post_date': '1586093762'}}",292
prulifeukofficial,"Pru Life UK has further extended the 60-day grace period to cover premium payments due from February 16 to June 30, 2020 to ensure continued coverage for our customers.  You may review and manage your policies via our customer portal PRUAccess at https://pruaccess.prulifeuk.com.ph/ or contact our PRU Customer Action team at contact.us@prulifeuk.com.ph for more information and assistance. We continue to assess and release more timely announcements as the local authorities implement further measures and guidelines.",https://web.facebook.com//prulifeukofficial/photos/a.414790448588347/2860870303980337/?type=3&__xts__%5B0%5D=68.ARDqycl0d-d73RM7idPJg8ogZgASVTCC7t27UDIrQkQC1IV-A-BuFN1TMajlk7ffwMpUSTL4w8vr3_Z0YDNSKWo-hURYm2ftZ3CKlIgzCMGRimK-SCQEam_d8zRE1KOzT0aoBWsG08wpEhR9QuBQ16nW-DDNVDVg5Mely1Gppkans0QuJt5vKj5RBBXG_uTqBKToHtDR1xpQKDxNkyAuHEvDfKoFrl-OJu-wU-j-ld9qVAsFSzsuc6pO5_sTJpETRYokxzikjEC1zSqNmn2XRTRye6HK3lAkBzuaN3CwCDbjWVAFELb7b0Li9aL9ih_r7AdmLG9Mr-KqXIqnVYyjgyZySw&__tn__=-R,2020-04-03 06:50:19,"""https://scontent.fmnl5-1.fna.fbcdn.net/v/t1.0-9/91444632_2860870307313670_1778286047327682560_n.jpg?_nc_cat=107&_nc_sid=8024bb&_nc_ohc=oxXBbGQofhEAX-LLvjX&_nc_ht=scontent.fmnl5-1.fna&oh=5e98977696ec11ea14262024521b2cd1&oe=5EBD2E6A""","{'Total': '996', 'Like': '698', 'Love': '266', 'Wow': '29'}","{'Marbs Romero': {'text': ""Please make sure that you state that this is applicable only for those that doesn't have enough balance on their account.  If one is on ADA or credit card - so long as there is enough balance, payment is still charged.  Thanks!"", 'post_date': '1585897205'}, 'Jozel Yhen': {'text': ""that'ts ridiculous announcement, that's not applicable to all especially for those client enrolled for ADA if u have enough fund to cover ur payment they automatically get it. unlike banks if they announced with 60days grace period they mean it."", 'post_date': '1585908431'}, 'Jennifer Peng Navarrete': {'text': 'In my understanding, correct me if im wrong, the ADA is an instruction to the bank to pay another institution. Hanggat hindi binabawi un, magkakaltas ung bank kasi binigyan ng authority na gawin un.  So i think, you need to inform your bank to suspend the ADA. Its not like PruLife instructed the banks to continue the ADA because they are not in authority to do that.', 'post_date': '1585908507'}, 'Jason Alonso': {'text': 'How about exact protect? I am due on june. I pay semi annual. Is there a grace period? üò£üò£üò£', 'post_date': '1585907510'}, 'Paul Michael Cua Lim': {'text': 'Actually nka pag deposit nrin po ako sa account ko for the month of april, ano po eto ma auto debit po parin ba eto?Pls answer me po! Ty!', 'post_date': '1585901221'}, 'Lerona Liza': {'text': ""Why you don't consider auto charge or ada to be part of this announcement?!You can't help us during this ECQ. I'm still charged in my credit card. So disappointed."", 'post_date': '1586731354'}, 'Jem Nicolas-Magno': {'text': ""Hi we need clarification lang po. Let's say nagrequest kami stop bill this April & then ang resumption date is June 2020. ibigsabihin po ba starting June mag take effect yung normal monthly payment? or we have to make up for the 2months na pinastop? Thank you."", 'post_date': '1586755442'}, 'Mary Grace Bimbo Valmadrid': {'text': 'Hi my due date is on may 10. It means im cover of 60 days grace period? Thank you', 'post_date': '1585942340'}, 'She Dizon Timbol': {'text': 'Meaning no auto debit?  Thanks', 'post_date': '1585897280'}, 'Jennica Cruz': {'text': 'Ngdebit dn sa account ko last march 22', 'post_date': '1585901294'}, 'Jay-r Qui': {'text': 'Be considerate naman Prulife..alam nyo naman sitwasyon halos lahat wlaang trabaho peeo nag autodebit pa rin kayo....anu to mas uunahin namin bayaran ang insurance kesa kakainin namin....#BeConsiderate', 'post_date': '1585898080'}, 'Jy Agustin Butchayo': {'text': 'walang konsiderasyon,ng kaltas parin sila sa account kahit na my krisis need ng panggastos..', 'post_date': '1585898639'}, 'Jen Boncato': {'text': 'Na debit na din ako. Dapat included din un mga naka ADA hindi lang un naka cash payments. Sana naging considerate kayo para sa lahat.', 'post_date': '1585909882'}, 'Yana Del Carmen': {'text': 'Sana man lang hindi muna kayo nag auto debit. Yung mga basic utilities and credit card companies nga nagextend, bakit kayo hindi magextend? Sana maging considerate naman kayo. Mas need namin magsave ng money lalo na ngayon sa panahon ng crisis.', 'post_date': '1585901926'}, 'Viuda De Belle': {'text': 'Good afternoon po! Thank you for this notice..just want to ask clarification, kasi my due is on April 25,2020 and yes I understand na may 60days grace period, ma double-up po ba yung payables ko for the next quarter (July 25,2020)? Kasi quarterly po ako nagbabayad..hoping for your positive response..thank you po..', 'post_date': '1586243320'}, 'Angie Eunice Lacuesta Bayani - Caceres': {'text': ""If ever we won't be able to pay premiums from April - June. Will you force us to pay all arrears by July? Meaning we need to pay 4 months worth of premium paymence all at the same time?"", 'post_date': '1585981048'}, 'Bhella Gutierrez': {'text': 'But I just got debited in my bpi credit card üôÑ you should include those ADA.', 'post_date': '1585903858'}, 'Glieza Soriano Lomboy': {'text': 'nagauto debit napo kayo sa acct namin', 'post_date': '1585897407'}, 'Jha Na': {'text': 'thank you. Proud to be pru client.', 'post_date': '1585898763'}, 'Daisy Fuedan': {'text': 'Please continue my ADA arrangement ! Do not delay', 'post_date': '1585910804'}, 'Marie Fernando': {'text': 'Ng debit parin sa acct ko last march 25,.', 'post_date': '1585900008'}, 'Palabra De Honot': {'text': 'Proud to be Pru client.Keep up the good job Pru.', 'post_date': '1585897512'}, 'Ed Sitjar': {'text': 'Pero kinakaltasan nyu parin ako dahil naka auto deduct daw sa account ko :(', 'post_date': '1585898057'}, 'Rodajob Rey Ella': {'text': 'I already sent you an emAil na wag mgdeduct sa account q dahil I need money..but still ngdeduct p dn kyo..alam nmn ntin n my pandemic covid19 bkit tuloy2 ang pgdeduct nyo?', 'post_date': '1586248172'}, 'Charisma Evangelista': {'text': 'Hello prulife! May i send a private message?', 'post_date': '1586159283'}, 'Fely Elloso': {'text': 'Credit  Who.  Meaning of so long  yes  do long  history', 'post_date': '1585933646'}, 'Joel Mangahis': {'text': 'Im on auto-debit paano un? I already paid ung March but I want April not be charged.', 'post_date': '1585910358'}, 'Raziel Realin': {'text': 'Great. Sana implemented nang tama.', 'post_date': '1585898158'}, 'Amy Batuhan': {'text': 'You debited my card nu. Gulat na gulat nga ako. Extension kayo dyanüôÑ', 'post_date': '1585912696'}, 'Neil Daniels Villanueva': {'text': 'oh pay it early in GCash', 'post_date': '1585909861'}, 'Joderick Gonzales': {'text': ""You've charged me doubled last March! Upon checking with my BPI Account, I was deducted ng 2 months tapos, instead of I return kasi kayo naman nagkamali why you still put it as payment to my supposedly April 29 due date. I don't get it why so unconsiderate."", 'post_date': '1586186693'}, 'Raymond S Juan': {'text': 'Thank you Prulife ako nga gus2 ko na magbayad para diko na sya po problemahin sa susunod na buwan.', 'post_date': '1585909401'}, 'Myra Rapas': {'text': 'Madame Agnes Indolos Tagalog wala gyud miiban üòõ', 'post_date': '1585899641'}, 'Contessaivyabas Arcenal': {'text': 'Eisa Tophe Tillah Arcinas Louice Velayo Leamsi Dolor L. Molina Jaja V Solis  db may puso si pru so kipsafe my lovesüíñüíñüíñüíñüíñ', 'post_date': '1585912605'}, 'Apple Amar Samson': {'text': 'Pa Rosandel Suelila Policarpio may grace period check mo yun account mo.', 'post_date': '1585901786'}, 'Joel Jane Linatoc': {'text': 'This is not true, kanina lang dhil kinaltasan na agad ako sa account ko, sana naman maging considerate kayo sa lahat', 'post_date': '1585897581'}, 'Rosandel Suelila Policarpio': {'text': 'Yun oh.. Thanks.. Wala pa kasi ako panghulog.. üòòüòòüòòüòòüòÅ', 'post_date': '1585904168'}, 'Febs Ignacio Dizon': {'text': 'Hindi naman totoo yan..na auto debit ako nung march 20 üò∞üòã', 'post_date': '1585904486'}, 'Ackie Quiambao': {'text': 'Paano makikita magkano na naihulog ko.', 'post_date': '1586156329'}, 'Brigitte Panganiban': {'text': 'Julie Ann M Dzurcesto ksama bko dto puede wala muna premiums ko sa june?', 'post_date': '1585905706'}, 'Philip Maizo': {'text': 'Kinaltasan niyo pa rin ako sa bank account ko. Mga walang puso.üò¢üò¢üò¢', 'post_date': '1586789860'}, 'Jeane Tubog': {'text': 'Thank you so much PruLife Uk', 'post_date': '1585904859'}, 'Manny John Hinder Gonzaga': {'text': 'Proud to be pru client, nkakaraos dn tau.', 'post_date': '1585904535'}, 'Honey Rose Miguel': {'text': 'But hindi sya applicable pag nka auto debit. Nacharge parin ako for March and I want April not be charged kahit sa isang insurance ko lang sana.', 'post_date': '1585915095'}, 'Neeloral Sid Ambasing': {'text': 'Thank you Prulife...', 'post_date': '1585921765'}, 'Nyx Del Luna': {'text': 'Salamat Pru Life! üòä', 'post_date': '1585915922'}, 'Melyn Lofranco': {'text': 'thank you po!!!', 'post_date': '1585907753'}, 'Anna Mari Manaytay': {'text': 'Thank you!!', 'post_date': '1585906052'}, 'Juderial O. Glenz': {'text': 'Thanks prulife', 'post_date': '1585905546'}, 'Geodz Tabudlo': {'text': 'Karen Balasan-Austria thank God', 'post_date': '1585905080'}, 'Ynohtna Jimena Ombao': {'text': 'Thank you po', 'post_date': '1585904840'}}",680
prulifeukofficial,"Introducing your new partner in preventing, postponing, and protecting yourself against the onset of diseases. Pulse is the first-of-its-kind health app that provides 24/7 real-time health information. #WeDoHealth Download it now for FREE on Google Play Store or Apple App Store: https://wedopulseph.page.link/5dT1",https://web.facebook.com//prulifeukofficial/videos/1148663338819575/?__xts__%5B0%5D=68.ARBnDb7L5_eu7HFQzejzUDS7xVxxhm85cTlsKfB3Y6oAN9aRR9bJJKTNSCSYFIlc2uV4UW5E_7MJggMBi0hwhlmuVdAaRClDaAyYA32xOvrMV2HffEHINZqKtREpF_Sw-yOjgKvbdHTlJoPebJDGoFwfpnXVq2WE9yy0P2pVYbW-W9TTahLQ9_jcUCXZYiV9xnV8AlgWaB6wdvh3audjt1SXEJz00gIpccEo2bsi42wXKJBB_bff74wvYO0-gHHvgH5abhVMsJLkVxYiqFytTVvtsknyL9Ut4BpeM5nSa5N0GlgR-4JEg-Pla_mVzPrGe6MfH7h_5QJYZSk1SQezFgqLAy5M7wp4N7A49g&__tn__=-R,2020-04-01 10:00:00,,"{'Total': '119', 'Like': '72', 'Love': '45', 'Wow': '2'}","{'Connie Calot': {'text': 'hightech!! üòä', 'post_date': '1585896400'}, 'Rhea de Asis': {'text': 'Sobrang galing!', 'post_date': '1585904864'}}",214
prulifeukofficial,"Maintaining a healthy lifestyle doesn‚Äôt have to dig a hole in your pocket and being stuck at home shouldn't stop you from working out either. Use your creativity and explore DIY workouts that can best fit your lifestyle and help achieve your goal. Use the many free workout resources‚Äîworkout website, fitness apps, even social media accounts‚Äîto maximize results while minimizing your expenses. #WeDoWealth",https://web.facebook.com//prulifeukofficial/photos/a.414790448588347/2839328509467850/?type=3&__xts__%5B0%5D=68.ARBS2Wanuum7pDoentsK0_SCK0idP0deAEhDeQVgoNJJ8T0LQLVcRcoDcAk9dLuRP9-KFkYa7gPeVzNw86ag_EBRePJf6pR9ZcN_wxCL6878WcCiNuExirgOSBnysWKBTTkdya7RJH7_tiCqEh3pJcEAxYw9-4UrrbfZjSQEy1zlNMP-eefCZmPnQ9Z1uLG361gqOjzDFMXThGJbjJ6v8YDlnaLYGKshR7yXcF_NeMIrqsZNeIDeZQXEAM6kBjdDPGz4RIf2erQpDwn9Fy94KglgK3jSqLAKxpZnqLJxjX_peGsuNwrlh2VdyDArL2xX32wN-XqAh1hdfO-SrEEHiz4lgA&__tn__=-R,2020-03-31 10:41:37,"""https://scontent.fmnl5-1.fna.fbcdn.net/v/t1.0-9/90545387_2839328512801183_9051321831729922048_o.jpg?_nc_cat=111&_nc_sid=8024bb&_nc_ohc=C1IJIESvY0kAX-b5spW&_nc_ht=scontent.fmnl5-1.fna&oh=b54289022ef4ba0e84629bc4f6bdad46&oe=5EBAD29B""","{'Total': '337', 'Like': '264', 'Love': '72', 'Wow': '1'}",{},237
prulifeukofficial,Be equipped with these #SAFESTEPS to prevent the spread of COVID-19! Download the free safety card in English and Filipino here: https://www.safesteps.com/main/covid-19,https://web.facebook.com//prulifeukofficial/posts/2852687691465265?__xts__%5B0%5D=68.ARBlP8T0CpXRTSR4XehpibaAJJbBnLvmHzlUAIvEgsbqsXRjsEjvYLIcmkud8d5hJgEVWwch2QvwKj2_d7eq1bgHIWS-Ox4wbqPhXfPWjRq_fYD-ZfZaUPI3d3JR7Rb85QjeTPPn_Rv51_UKdy1zQaeAr5IfqaE8dX7tDhkYBXE57S1SYUD3_sEVh_wZn9knFnlCTBfUlzZW2qoQ1r39vy88gauPJMyDOpllGsAdW9LS_jRMTwKRY_gHgZJEdCuBx7V2MG7TJN4IZpaEmvy39_N-UOo2uyNk9ocIA-gPJo-a4HdhbjJrtO68dan2IWR2akSdHeY_iYq9edfa4txPA27eJw&__tn__=-R,2020-03-30 10:08:01,"""https://scontent.fmnl5-1.fna.fbcdn.net/v/t1.0-0/p526x296/91522343_2852686214798746_8931104180991426560_o.png?_nc_cat=108&_nc_sid=8024bb&_nc_ohc=mDGmf49Z6o4AX9Jrc_9&_nc_ht=scontent.fmnl5-1.fna&oh=09fb2ec4d23cb8f37ccea6eeeb30a4ff&oe=5EBCB8CE""","{'Total': '156', 'Like': '128', 'Love': '26', 'Haha': '1'}",{},194
prulifeukofficial,"[UPDATE] Effective March 30, 2020, all Pru Life UK business centers nationwide will temporarily cease operations until further notice.",https://web.facebook.com//prulifeukofficial/posts/2852003811533653?__xts__%5B0%5D=68.ARAsiQh_wE106uTm9bH-fNcFj3plbumavZ61iDcScVErKcRvmF515BfEADzkdYltr9U2W_TDO9OFwpmAaLBuNHxxqZkUEMAEX9GrOZ5TJ_yCQ2lQDrBlfd7lz3UVFscvA9GcL2dJYiPiuTSl0Se4ZZ9wvoxSRFpgq2J-oDs_pHOs1TdpPNckQDrR8dySS0hfm1nDkNWhmVuOoYfk1qQlhWrnDnPtCPd3Zh-yoIw6kA-MWVVl18NrWoloKdhBDF6iVO5BWJd-4DzzuaswHU48QZNjcCCZarrBsJwotOnGuwdtQLCTndt5PIn3MTI67RU9cNvsN_2ugsAPXRSIcooj0kdyPYvRI8fG0IjF9rCKSev1CrofzCl6eDPbAcTAF9pQHXcGGMEsclYm-3ivb71YnQmSqjLAKZa5Wic_Zg_J6_nehLvgRONnc9ORGByCYPmesKWYvPmzf1vvlH_FQnplmO9JK9uMigMlUu6nNhjeF-FaDrDsd1NLmwM&__tn__=-R,2020-03-30 01:11:46,,"{'Total': '143', 'Like': '132', 'Love': '5', 'Sad': '5'}","{'Blessing Grace Pon Polinar': {'text': 'Hi, I would like to ask what are other options for us to pay our policies when BPI online payment option does not work for us? We are from abroad. Thanks.', 'post_date': '1585546703'}}",64
prulifeukofficial,"Due to local government guidelines to manage the COVID-19 health emergency across the country, select business centers will temporarily cease operations until further notice. Click here for the full list of business operations updates: https://bit.ly/2ydKsnd",https://web.facebook.com//prulifeukofficial/photos/a.414790448588347/2845792672154767/?type=3&__xts__%5B0%5D=68.ARB99OuVuv66s75vvTdkPdyQ6nA65x4rUSjFx4tUWIoR_F_HY7j-q4KL6-9aQq0m73VNxf26tdEvx5U9FwZO_2g8jkHWJWQFlnZp0R7MJhMDh4IhwpYYdIbSjI_9yhk4rOnez2uVPaNFPF5yqDlIEoKqSvj1mbRdhNFkaPMibtnfYziOG4sGLMo70OoqQngKcgusS-RJWaLHT1ahfCSVPZjqbAblXx89t9c4gBsZMYdWmUwpTxmMB2wlcoHLg89SZitzstZJtN_ruyVu1ME16YLdpsSZBknB7UOCVDFVm1InoWdsb1s12i00Njd6p7HcM8EzDx6kJb6EDJtpUW7jYCZoAw&__tn__=-R,2020-03-27 05:18:34,"""https://scontent.fmnl5-1.fna.fbcdn.net/v/t1.0-9/91297337_2845792675488100_5262056384731545600_n.jpg?_nc_cat=110&_nc_sid=8024bb&_nc_ohc=Ha_hzd8ZP8QAX-In14O&_nc_ht=scontent.fmnl5-1.fna&oh=326f60049926100e19eccb5ed10a5365&oe=5EBC720D""","{'Total': '88', 'Like': '84', 'Love': '3', 'Haha': '1'}","{'Kaye Sanchez': {'text': ""Lets coordinate against COVID-19. We have a preventive measures to introduce for everyone in the Philippines. Looking forward to bring your company's name PRU LIFE  in bringing health to our people, especially our elders. pm this account for this mission."", 'post_date': '1585290205'}}",38
prulifeukofficial,,https://web.facebook.com//notes/pru-life-uk-official/pru-life-uk-business-center-operations-updates/2845785822155452/?__xts__%5B0%5D=68.ARDZHVPUQEDyruDtpTSppE4o7CSd-OABUBr7cWPvTdxBBmdJRVBuVix-ubvP6RmvJp969yVQujniRKbHjfA6gYjwVPweSzivpM5kY1P9CZ2U3pGPCNascsyqmEpyjV9tN-qy4MN1RTvdpoKSCe9l5OJfYE3wVdH3s2SZDiLr2LZEAhlKu-WD1EfDMMeTrcuFmVYhtKweQ3JmuslcopXg3EC9R8nIikGQO97joBhLySjAEZzrGdPhyYg9LUZDWoq-afzscwNbmAq4PyfwDed8NMN8cDNeeOXSjo5kq-YTHBge4iwRutI1A58vFhD_MHGG_qoF9LSzsY18NXjk4zmr2_UR&__tn__=-R,2020-03-27 05:15:39,,"{'Total': '81', 'Like': '79', 'Love': '1', 'Sad': '1'}",{},34
prulifeukofficial,"Due to local government guidelines to manage the COVID-19 health emergency across the country, our business centers in Iloilo and Tacloban are temporarily close...d until further notice. In addition, our Davao business centers will also cease operations effective Thursday, March 26. Offices in Luzon will remain closed. Our live customer service will not be available until further notice. Customers may reach out to their financial advisors for any concern on their policies. Alternatively, customers may review and manage their policies through customer portal PRUAccess at https://pruaccess.prulifeuk.com.ph/ or email PRU Customer Action Team at contact.us@prulifeuk.com.ph. We continue to assess and release more timely announcements as the local authorities implement further measures and guidelines.",https://web.facebook.com//prulifeukofficial/posts/2843259462408088?__xts__%5B0%5D=68.ARBRS5Z_wRqvOjHNmQy5vEtywQLtOEQfm6-qSsksv9lltebX8bhstcGuVb7Bk-KQqackJPSY-pvn92GwluAKzvHNEFppwIcFG1tTOEth8ybtz_NQXRHqtIT156j5d2m2RswEa3U_XvaFMnPP5cztrjH7lkpFSArxKpgD6tsewc8btt_Y08u9AInrJKxb4Tz-oJsR2-07IDvfDIyse_-kH6unIgJmn_O_zpKtaw-44FEk6bz7iaRT6OPa3dSzjVD0Af0tLbZ4f2G3jA6C8jiITUvGF5U2qsFdO7jy4j-qM-zS1vxXp5FuKdh7rlXwZwVCTznu58-Vy0gAPVfqIhe7GJzoRMqlgy0kHmMphImUV-rbQd_xX_HK20xdVIF1CauTbqwIzXg7KnibrNl2H18EE_dIibt0WmXZ5TaAtxP4uRUOe13DgZRihmZ8YNjU3huI169076DxHc5e71Z0MOsRoGjr1NDFFjyiuNXeq1Pao0IDa2spHKpkPVf9&__tn__=-R,2020-03-26 01:43:13,"""https://scontent.fmnl5-1.fna.fbcdn.net/v/t1.0-9/91099265_2839194589481242_3955341661852139520_n.jpg?_nc_cat=100&_nc_sid=8024bb&_nc_ohc=-ZIMZ3D0kIMAX_yoruA&_nc_ht=scontent.fmnl5-1.fna&oh=fc4bb1a2617521eae403b82fc1583129&oe=5EB9A1BB""","{'Total': '49', 'Like': '40', 'Sad': '9'}",{},11
prulifeukofficial,"In achieving your health goals, make sure you know your body well. Keep a good eye on what you really need to address.  Then break it down into smaller attainable goals so you won't get overwhelmed and to always keep you motivated. Take down notes and then assess which works and which doesn‚Äôt. You‚Äôre always a work in progress and patience, with perseverance, is the key! #WeDoHealth Download the Pulse App for free today: https://wedopulseph.page.link/aPhX",https://web.facebook.com//prulifeukofficial/photos/a.414790448588347/2839325446134823/?type=3&__xts__%5B0%5D=68.ARDeX-ytn_aVy3GUuRs4jlS32zTtCX4xkfPNSQyF7uj_TnqKOQFORv36TrqVA17bQt2BhwYxzaOQdFTD1T5bJ6idx1znZM9KGgsPrPYuPtl7ydwxMTgbQT3BW7tb8H2vgKzYR-wtLFOPTJCx8reKtRvQ0Qrwx-Lw1iI13JAPTg0crcSC7M06AQuI3SBBK5PdWzr4fsHu5idC57KgKRiVyHkwWSqwSw23EKXSudo0VgR4n_HJKnARUsvK8KsP6BkLPBLOSxubccRaeU-wlRrdLnbnB0xXqTrqi3jckBbwo7mFh4wZQDqvAQSzaV8txLku5FhvPExshk8ZLgMFwEx-t58XBw&__tn__=-R,2020-03-25 11:08:44,"""https://scontent.fmnl5-1.fna.fbcdn.net/v/t1.0-9/90567517_2839325452801489_3789658384966352896_o.jpg?_nc_cat=100&_nc_sid=8024bb&_nc_ohc=lMQ5VUCpyicAX-QZCt8&_nc_ht=scontent.fmnl5-1.fna&oh=80da6cbb90740e335075b4f8dcec6ecc&oe=5EBB9732""","{'Total': '255', 'Like': '204', 'Love': '47', 'Wow': '3'}","{'Bernard L. Robles': {'text': 'Ptp po. Thanks.', 'post_date': '1585135423'}}",195
