AIAPhilamLife,"#UPDATE as of March 18, 2020:  Now more than ever, we are here to continue keeping you protected from life‚Äôs uncertainties. We are one with the Filipino people during this challenging time as we offer an additional extension on your premium due dates.",https://web.facebook.com//AIAPhilamLife/photos/a.2633527306757219/2633527383423878/?type=3&__xts__%5B0%5D=68.ARCFXjoP1_H7h1Cuj0s4rk9_s7aJCq2QCNZeYLK8Bykd3wAJfR4gDq9ZpvfD4LEpvC6XNI98pTGgw4r8bQaxbuiT1UNJ2ChuEB2CTNy0ATgrWveGM1irAjC_YX-8cRV4tRvMqVCoC1S9y0Q2PoL3Y1H78Q01d0M_JQRYpet3o8uPdbSJF4iVahcWp1fsj8qr-EnHNgfetOuGoXa7qOnx5AblNShfmGgdEQCqL--8or7Nfmtwd4nN21Lc8Ohi9cn3TqeCArXVhZyYzvJ26C1S94A29tI1eacblRjJ4k1u6_EnQUGvVZqh-DF-2rd80EFl505zwHZi27XDVYe6mB4ve68ltQ&__tn__=-R,2020-03-18 00:31:50,https://scontent.fmnl5-1.fna.fbcdn.net/v/t1.0-9/89965227_2633527386757211_8139666760606416896_n.png?_nc_cat=101&_nc_sid=e007fa&_nc_eui2=AeGk-EDuY3xFSFAc15dQxN24AGMSYHvL6DoAYxJge8voOhumPlyT5ZyhbjE0SXYRZfzvuIoJLOztV6m1OxdTwb5N&_nc_ohc=tHpWVIp0uKMAX8THnJ8&_nc_ht=scontent.fmnl5-1.fna&oh=09c2dce09ce312a3edef334d1c13ed92&oe=5EB241C6,"{'Total': '666', 'Like': '460', 'Love': '197', 'Wow': '7'}","{'Ilarte Urian': {'text': 'Can anyone take actions on my on going issue regarding may auto debit arrangement? My Account has been charge twice for the month on February. And your Customer Service is nothing but frustrating.', 'post_date': '1585018582'}, 'Prince Valiant Tanglao': {'text': ""I cannot login to my eplan account I tried logging in several times, I entered pin sent to me but won't progress me further to my online account. It appears to be freezing, tried chrome and safari problem persists."", 'post_date': '1585298256'}, 'Jerry Jalandoni': {'text': 'Thank you PHILAM LIFE!', 'post_date': '1584501720'}, 'Lance De Cordova': {'text': 'Thank you AIA-PHILAMLIFE ‚ù§Ô∏è', 'post_date': '1584496876'}, 'Karen Palma Caylan': {'text': 'Quarterly man ko mag pay ...like February ako last payment...dili nako covered...ask lang ko', 'post_date': '1584501168'}, 'Remy C. Pantoja': {'text': 'Pls paki advice naman, member ako ng philam since 2005, accident inssurance full payment sya, active paba kau o hindi na', 'post_date': '1586089315'}, 'Sarapat Urieta Theresa': {'text': 'How to log in po sa aking accounts....?', 'post_date': '1585764889'}, 'Joan Abapial': {'text': 'Thank you but how about those payments enrolled to auto debit?', 'post_date': '1584508789'}, 'Sam Benigno': {'text': 'THANK YOU PHILAM FOR TAKING CARE OF YOUR CUSTOMERS.', 'post_date': '1585300859'}, 'AIlan Verona': {'text': 'Just a stupid question, does this mean we have to pay 3 months premium come June 2020?', 'post_date': '1584678951'}, 'Mak Tez': {'text': 'Good day,  my due date is every 2nd of the month, so how much will i pay on May 2? Good for 2 months Apr & May?', 'post_date': '1585826287'}, 'Jonats Emz Juan': {'text': 'Thank you!‚ù§', 'post_date': '1585793495'}, 'Jane Tan': {'text': 'Thank you for extended due date..', 'post_date': '1584493196'}, 'Rozelyn Soliman Renoballes': {'text': 'Thanks PHILAM LIFEüôè‚ô•Ô∏è', 'post_date': '1584893534'}, 'Lorence Awilli': {'text': 'I would like to inform you my monthly payment if updated', 'post_date': '1585370883'}, 'Haidee Daga-as Sionzon': {'text': 'Ask ko lang po,hw about  ung sa aking Policy, Feb. po ung due ko kc quarterly po ako,i made may payment sana last week e kaso dpo tatanggapin ng bank po.thanks po', 'post_date': '1585557339'}, 'Glo Ria': {'text': 'That is good news. Hopefully moved forward dn yung next payment or allow na installment na. Pwede po kaya?', 'post_date': '1584942098'}, 'Caliyo Ubatan Hazel': {'text': 'Thank you po my due date is april 28 po', 'post_date': '1584496913'}, 'Linda Nano': {'text': 'How about case of Company group Monthly Salary Allotment which is due end of March?', 'post_date': '1584923656'}, 'Allan Abayon': {'text': 'thank you PHIL AM.', 'post_date': '1584541216'}, 'Marlan Delizo': {'text': 'Thank you. Philamlife', 'post_date': '1584940873'}, 'Niel Painagan': {'text': 'Thank you', 'post_date': '1584537508'}, 'Valerie Damaso': {'text': 'Thank you Phil am...', 'post_date': '1584552197'}, 'Mike Chua Mendoza': {'text': 'diretso pa rin ang pag debit ng march due date ko. i dont know if april will be the same. sana hindi.', 'post_date': '1584777264'}, 'NylJaii SaiJaqu': {'text': 'Hello How about auto debit payments?', 'post_date': '1584874254'}, 'Jan Centina': {'text': 'What about  with Auto Debit Arrangement?', 'post_date': '1584509260'}, 'Benjie Manalo': {'text': 'Philam life good job mabuhay po kayo.', 'post_date': '1584520370'}, 'Rowena Demerin': {'text': 'Maraming Salamat Philamlife', 'post_date': '1584495933'}, 'Willard Snaips': {'text': 'How about sa auto debit? Kakaltasan din ba or extended?', 'post_date': '1584495986'}, 'Hilda Nielo Ross': {'text': 'Wow....maaasahan tlga ang Philam life‚ù§', 'post_date': '1584495685'}, 'Franielyn Esteban Paelma': {'text': 'Paano po pag due ng grace period this March? Pwede pa rin mag extend ng 30 days?', 'post_date': '1584492375'}, 'Ana Marie Belleza DeVilla': {'text': 'salmat naman po..', 'post_date': '1584942045'}, 'Joel T. Villanueva': {'text': 'does covid19 covered?ü§î', 'post_date': '1584540221'}, 'Nancy Rivera': {'text': '5mons na po aq hindi nakakapag hulog pede q pa po ipagpatuloy maghulog', 'post_date': '1584683347'}, 'Zivie Amora': {'text': '‚ù§Ô∏è', 'post_date': '1584623674'}, 'Sid Cuanan': {'text': 'Ang due date kopo ay june 28, baka po pedeng isama nako sa may extension na 30dqys,  thank you in advance.', 'post_date': '1584635480'}, 'Marino Mary Ann': {'text': 'Covered din po ba nito ung bpi-philam? Auto debit ako pero nag close ang work ko before quarantine so napilitan akong withdraw ang sa account ko.  Kaya 0 balance talaga', 'post_date': '1585824115'}, 'Maricel Santiago': {'text': 'How can i thank you?I have made a letter of stop payment di nangyari and worst nadeduct sa acct ko agad kung kelan nasa gitna tayu ng quarantine simot laman atm ko pati maintaining balance at wala na pang gastos naiwan... wala man lang email sa akin regarding the debit nag report ako sa sucat branch to say d nakakarecieve message roaming ko ng text kaya email na langüòû', 'post_date': '1584613676'}, 'Ruel Hallarsis Layma': {'text': 'Mam sir pwde pa ba ako makapag laon sir my otang pa ako sir salamat po sir', 'post_date': '1584600995'}, 'Ma Luisa Cero': {'text': 'Gud afternoon po stop po ba processing ng refund kasi mag one month na po eh saka kagaya nga po ngyon kailangan namin dahil wala trabaho. Tnx po.', 'post_date': '1584941714'}, 'Charline Gawidan Bayongawan': {'text': ""Re'ut Htur iyong sa policy ni mader na due date ay April 1. May 60 days ka pang palugit."", 'post_date': '1585542268'}, 'ÊÑõ „É™„Ç™': {'text': 'due date ko ay april.. so kung ndi ako makahulog ng april ay pde p hanggang May... ganun din..üòÖüòÖ', 'post_date': '1585390439'}, 'Incxsboard Ticketing': {'text': 'sakin ng auto debit bat ganun', 'post_date': '1585477615'}, 'Fujie Salvador Satoh': {'text': 'How about auto debit sana naman wag na muna ibawas', 'post_date': '1585576002'}, 'Niezle Balbis Qui√±onez': {'text': 'Thank you AIA-PhilamLife', 'post_date': '1584535287'}, 'Jose Cheysney Roma': {'text': 'Thank You Philamlife', 'post_date': '1584523799'}, 'Jhonly Ramos Cacho': {'text': 'Thanks Philam ‚ù§Ô∏è', 'post_date': '1584514709'}, 'Rommel Espartinez': {'text': 'Thanks Philamlife!', 'post_date': '1584512633'}, 'Richard Decena': {'text': 'Thank you! Godbless!', 'post_date': '1584512499'}, 'Vicpatrick Mandin': {'text': 'Thank you Philam Life!', 'post_date': '1584512496'}, 'Daisy Kanta Ririt': {'text': 'Thanks philam life', 'post_date': '1584511181'}}",713
AIAPhilamLife,"So far, we have served over 100,000 meals to frontliners and communities in need through our Kindness Kitchens. This wouldn't have been possible without your do...nations. We are thankful for the support of our volunteers and partners, ABS-CBN, Coca-Cola, Angkas, Remington, Ecolab, TBWA, OMD, Leo Burnett, Seven A.D., PayMaya, Shopee, Isla, Liquigaz, Petron, Philam Foundation, Share Treats, M2Cash Corporation, and HAVI. Thank you for helping us serve kindness in these trying times. You may still donate at rmhc.org.ph/donate to help us continue to serve kindness.",https://web.facebook.com//AIAPhilamLife/posts/2677299732379976?__xts__%5B0%5D=68.ARCfSTqohXV8rj6q4OON1fpLD0NYJOrjQzdqu1VNCzy1oaZ4TRpS7KwEfijTextBRZJARbuHbEMPSZrkbFvGfai7_WCCnI-QVcJTgmIW9VHyuLtDUQA0Lm3Q2aBuLCj4kdO7Lt97VarVgfc-74H2BKMzWoRWSB12V6s-kMFgpMj9b0c6JiZ0nhKeBcwkc2HnkVfLCAPCWzrFuSY8nE7KySNFbDE6w5e1P-E241hckFm9XBiuQsOYMSApKJyxX4GbkbyArH_OB5xdxpUje6gcPxru0iysvGnWTbNfWTPGUPew_K93kzZa1X1JNh-ZWCPUsZ12s4dOvTU9zAI_N3xpYMPP5Aw5xbf0FwA57P8t2_5SgVgqtM1cXqV3VF_yJksfT5Evf5m7lAMYwbG3vLrpTF2qy5vDLfD9lGNn4ejN-gCLkWz69GSyuetlEMlZlJmm63ijaDq5JjkZeqeOEQyXv-sqrN8D_G2Z7HqBcgSAF_J1CjUrLHwOHfZ-vqgyKnXcHnjDR-VkfE0QupIY-a65nom1&__tn__=-R,2020-04-07 06:09:32,,"{'Total': '32', 'Like': '23', 'Love': '9'}",{},4
AIAPhilamLife,"Train like a Spartan even at home! Join the daily virtual workouts of our Spartan Ambassadors -- live on Instagram! Check out the schedule below. Live a healthier, longer, better life with #PhilamVitality! Visit this link to find out more: http://bit.ly/PLVitality",https://web.facebook.com//AIAPhilamLife/photos/a.247496375360336/2675613015881981/?type=3&__xts__%5B0%5D=68.ARAzMVBzUQ2_pTlo3zm_JkkOq6rgHyD45F12a_fg8y-fPTDspOC9z_W_i-c4r6-84zEqJN_sWT-BZtgQ_p1xtrnizkWpTH6UDb0LDm4PkLA3vslmxFupZ1UXAeKu-5yV89xLDL-4KKpYYAeMvZQQHXuAUJ_oABqpW7KsnPoV1A1E40PKe2kGizu2lCYLRMia_PjZSHcCR9im8OrD_CMGubUv6pyeLBu7JGfXEFUwj-9Otg7-wTC1ADpEqRISMnNMM2z9S2hZW4T5lElZ7mDZ0avAxgBECIluU-EfcpHhjOKYFPbMULTQpLsxjsC9bTpC0gmpMMmnnEVbLkElAA6tEQxRZw&__tn__=-R,2020-04-06 11:15:57,https://scontent.fmnl5-1.fna.fbcdn.net/v/t1.0-9/s1080x2048/91984364_2675613022548647_5949870606634713088_o.jpg?_nc_cat=105&_nc_sid=8024bb&_nc_eui2=AeGdYxVUTgSrzDreJOqn1H_qce4I91Qc3Gpx7gj3VBzcagMfrShEcnk_76Js8IpsuJzM1CVWgxUzrqQMKLuKT4Tc&_nc_ohc=WdziFCzrj40AX-umml6&_nc_ht=scontent.fmnl5-1.fna&_nc_tp=7&oh=00d136b96f9dece35858cb0d10a8af19&oe=5EB1BEE8,"{'Total': '115', 'Like': '83', 'Love': '29', 'Wow': '2'}",{},77
AIAPhilamLife,"We have partnered with Bayanihan Musikahan and Puhon: Ben&Ben to deliver PPES, test kits and transportation to those who need it the most. We are also supporting food security programs for those who have lost their capacity to earn. In doing so, we feel that we are able to fulfill our mission of helping Filipinos race against risk to live a healthier, longer, better life. We invite you to participate and give what you can to those who need it the most. Let us all do what we can to #FlattenTheCurve!",https://web.facebook.com//AIAPhilamLife/photos/a.247496375360336/2671329392977010/?type=3&__xts__%5B0%5D=68.ARDyg7uPoSq3VS4wejg6lEfGOj-k-RMvjV70wknw7j51pFIa0P7UAlDKQdVn7pv8zYcVD83EIXInJwIXyi0tdMFV0jZAnEcsAFvhX6v2fFx0mmYwo5F4DNuD9HnyjBvMmDylpbOQrf4MFMAXfPFyUg52au9jHx0HH3nIADLg0YY2KRKQAOetncZnXg_a4a2BRDp8FBjujPfYVBZquvKPfGaEFgsxd84zCBKWDVZzoWxqUDcjcA0-DO4qRwDM7Y24aUiQCXy_1cAXTKrDxPz4I7ekTsCw8XaTxtroqW07vMy8laDJMBjZIrRUqRinCPJ0sz-Vo91lRkKG8I5XrlQuZvPDrw&__tn__=-R,2020-04-04 12:40:49,https://scontent.fmnl5-1.fna.fbcdn.net/v/t1.0-9/91630681_2671329396310343_3460927167293030400_n.jpg?_nc_cat=110&_nc_sid=8024bb&_nc_eui2=AeGTMAxd4UOgLglhSkuBSe_QXiFleChPJ4ZeIWV4KE8nhvYYRt2u07s8JcwsaaxmegiR4fVsDi3jMPwUJtFUYtaK&_nc_ohc=SWTXjLJOupsAX_yrffx&_nc_ht=scontent.fmnl5-1.fna&oh=6893d5e3cb882d87647aa3405d9cbde0&oe=5EB2B052,"{'Total': '686', 'Like': '451', 'Love': '235'}","{'Melody Gayares': {'text': 'Sharing is Caring . Thank you My Company Philam Life.', 'post_date': '1586163715'}, 'Leo Bihag': {'text': 'How to register online filam phils. even i am here in saudi arabia?', 'post_date': '1586093284'}, 'Nicole Apat Orcullo': {'text': '‚ù§Ô∏è‚ù§Ô∏è‚ù§Ô∏è', 'post_date': '1586165010'}, 'Hannah Kay': {'text': '‚ù§Ô∏è', 'post_date': '1586004276'}, 'Nenita Franco': {'post_date': '1586184430'}, 'Lance De Cordova': {'post_date': '1586014258'}}",458
AIAPhilamLife,"Sleep helps your body fight back infections, reduce stress, improve your memory, and boost your mood. So, are you getting the right amount of snooze? Here are some tips that can help you get a good night's rest: https://bit.ly/2wDXytz",https://web.facebook.com//AIAPhilamLife/photos/a.247496375360336/2662739350502681/?type=3&__xts__%5B0%5D=68.ARDKzuPZH4QcOyFlptRfuHGgFIQeIGwCbFqwB5bLJYM2235QNgju1X9IrajqWv71AaTh25xmtwl4dvKty6AZVFUxoicBLlZJ7lxQoOJCk7iA-rhQ-3WySNuFm7Dr2ZhMhMbX2aV6Od3fSmHfsUwEtGQYTd6oqzk98c3MEbyEFMeTGWuHsiQaDqGwZPaAupn4TDVSVZzSOvfKhm2bKnLblT-7mGIWiYvA2G26ggtHXM1gBxJ2FjkX4zI381XtdIEhqib-vwVwOD6rmiQnbcleYA0NWUIog707gRpa3pqhbY3S547EN7cZXNiW90hxVUl-1lLvEFslamh32bToj8kMq9rhww&__tn__=-R,2020-04-04 03:00:00,https://scontent.fmnl5-1.fna.fbcdn.net/v/t1.0-9/s1080x2048/91524785_2662739353836014_531495137658798080_o.jpg?_nc_cat=107&_nc_sid=8024bb&_nc_eui2=AeHU6Z4DJNuhRNuHbAA2QKfuDps-9ZTR5uMOmz71lNHm49MYt44RNhdPjU8FKosNXHr5FD1rjwiGYjdOKsAtAmJX&_nc_ohc=c1GWg4Snh30AX8xJQQ7&_nc_ht=scontent.fmnl5-1.fna&_nc_tp=7&oh=952e78d4432539583dc6958c76e4629b&oe=5EB0B542,"{'Total': '122', 'Like': '99', 'Love': '23'}",{},43
AIAPhilamLife,"Looking for more musical acts to enjoy? #BayanihanMusikahan's got you covered! Check out a string of pop-up performances all across social media to heed the cal...l in lending a hand to the most vulnerable communities affected by the pandemic. Check out the links down below to know where you can watch their performances live! April 4, Saturday Michael Llave - 4 PM https://www.facebook.com/mic.llave Red Cabrera - 4 PM https://www.facebook.com/pseudoredph/ Tiara Shaye Cinco - 5 PM https://www.facebook.com/tiarashaye5 April 5, Sunday Zion Aquino -  8 PM https://www.facebook.com/lioncalledzion/ Mike Regalado - 9 PM https://www.facebook.com/iammikeregalado Rica Arambulo - 10 PM (URL: https://www.facebook.com/rica.arambulo) April 6, Monday Roy and Lissa del Valle - 10 AM https://www.facebook.com/lissa.t.delvalle For donation, please visit: pymy.co/pbsp  (Mastercard, Visa, JCB, PayMaya) donation.ph/pbsp  (BPI Credit/Debit cards, GCash, GrabPay)  give2asia.org/pbsp (Donate in US Dollars) #TaumbayanToTheRescue #StandTogether #ThanksHealthHeroes",https://web.facebook.com//AIAPhilamLife/posts/2669220636521219?__xts__%5B0%5D=68.ARBQ8rGTomLxcdz6rpeajeqyE-T7PW18B8zD3tiR1QUzJWCnvUN_unq6FY3K1xnVtCo8gZD5neySE3eqBH__VhyN7fyU8DcZ_K0ztZ8Ocp_VLwxiuisOhHN7mKues7bi2Lu8kK1JEN8zSbfQHL6PD4FypYq-M48UKv-zDbt9cawb0c3cK1F9hT2t1B6cbRb4O1NJbbfK8WgEhIiWy_ZuroFcdB40Y9Li6U189iAuIb12_Ucq-y_VL6oAdgTxsysWp92ZyXgVk-2zrge1go9MsxCiFY_NVQRR_pqcjD6I0e5uokMpiHm8fQxAYAfYVJV4Fw5HvAWy0nGb5AdvVMnmK7Yazsr1XDKOrhyjtttgaaUOjaKLyRvgG19PgRulxg-5FsTFtj6PtUCVyozwiU7Hzs9emwbkSAN0pZdERyWtjTzTqItL1S6fd269YwBVvc5rv5sYwc-4TSIBBm60Z6ohHU2rWLyMmvqb415KGSr3iczlra1BdlhodA&__tn__=-R,2020-04-03 12:02:35,https://scontent.fmnl5-1.fna.fbcdn.net/v/t1.0-9/s1080x2048/91924769_119217989720762_1746760081136943104_o.jpg?_nc_cat=101&_nc_sid=8024bb&_nc_eui2=AeHtNPH2oMug9Isq1UpHyDFcwnRCSwJ_VPHCdEJLAn9U8eCw0PNx28q1cKEM4y30VU974mj7BCmB7uzAVbc1KvV0&_nc_ohc=Oha2xnrEsUMAX_kSdjM&_nc_ht=scontent.fmnl5-1.fna&_nc_tp=7&oh=ce9d0844ee55d3994d2e15f5dc6dd6da&oe=5EB347F1,"{'Total': '34', 'Like': '24', 'Love': '10'}",{},12
AIAPhilamLife,A special message from AIA‚Äôs Global Ambassador David Beckham. #HealthierLongerBetterLives #LiveBetter,https://web.facebook.com//AIAPhilamLife/videos/355400398744209/?__xts__%5B0%5D=68.ARAZitZSkqFu0njZG_AqCTzcYTN4J23z2JXpCRKQEb_E9N85b_0bQSDw2oqqi-_A4PYzPG_cRa-UVURcPS4BE-Y0Nj2rCV3WcHIZMAI3FGCfSc3nGVCODjZiUv8CKIdoAPdpmEb_4S3BstWrHTzLnkUo53IryGlrSpw_6j2aNpfx6emWZ0HI24qWVnwTHbD_38ig1TJcQloisk84y1ssozi-o1O7oR0gTXkpvimOqFJihbik14bekmAyE2TMRK8CZExsXXwGy_9LRkCUBMhoUY0kSeVRCU3prlu5zI7QscbStBwUJyCacjBTCRL6cqRZiq0fQAWZ3MZd3Q9uey4q22qf0WLzqvEPPE81IQ&__tn__=-R,2020-04-03 11:00:00,,"{'Total': '251', 'Like': '180', 'Love': '70', 'Haha': '1'}","{'David Beckham': {'text': 'Happy to be able to share a message with my Philam Life family during this time ‚ô•', 'post_date': '1586179380'}, 'Susan Alvarez': {'text': 'Thank You David...', 'post_date': '1585912172'}, 'Pia Donnat': {'text': 'Thanks Pa!', 'post_date': '1585971715'}, 'Christie Marie Rafols': {'image': 'https://external.fmnl5-1.fna.fbcdn.net/safe_image.php?d=AQDcxtV5pjzIN948&w=740&h=536&url=https%3A%2F%2Fmedia1.tenor.co%2Fimages%2Fe73002e1c49fd31bdc308d3f27605d3e%2Ftenor.gif%3Fitemid%3D11674749&_nc_eui2=AeFsZl2bfypw602ypF2MpoMstP-ebNGOcTe0_55s0Y5xN4aah_IbT1KD7GcBeGiRjkh1TlCVeM_-aQf_DptBloQ8&_nc_hash=AQBTJkNb8XYx-tTd', 'post_date': '1586087097'}, 'Emi Garcia Nato Gabinete': {'text': 'Alexander Gabinete ...üòç', 'post_date': '1586006646'}}",160
AIAPhilamLife,"Keeping your mind engaged is good for your mental wellbeing and a great way to make use of your time, something you might have an abundance of these days! Here are some ways you can boost your brainpower at home: https://bit.ly/3aApSLX",https://web.facebook.com//AIAPhilamLife/photos/a.247496375360336/2662733387169944/?type=3&__xts__%5B0%5D=68.ARAtzLGZWLgozHW6AfuJR2_nSZ9fPbRU6Wx340XAeUm8qQN6qHvVViASXQMsVSZC1MNrJQnQnDHwB-N1yuMezXaguzQTu5pxlWM88bRKNiBHbYXdhJqfHqmhXGsg7yQ3e1N7u8-RWLRUGmVkF0BqxQkKaINqWtLD58k9u1ICKu9mg5ZuNGqCTe48klMGxbeLVmiAO0JUhIcZ3LnhmpYgCAk7u6o3X6WaSKEiKI-8ZEbqFkk3WXxDtrlOjh1b7P683PXHURu8Ge2utNcvwF6xtLEKUpw__TUbN125pR3MBoVhJIpjQ0Bzis_ggaVj1g-md5R7CPrTvbps4BoWxkkPXSfOvQ&__tn__=-R,2020-03-31 10:11:21,https://scontent.fmnl5-1.fna.fbcdn.net/v/t1.0-9/s1080x2048/91767734_2662733393836610_907246673741217792_o.jpg?_nc_cat=102&_nc_sid=8024bb&_nc_eui2=AeGt2z5bKQspSU4NDe8DactFBVHs1ujx3d4FUezW6PHd3gQSs8B5ZsO-UPeAHRYwBv_rcsT5Af_DXC5jT02bOgCi&_nc_ohc=hG77y5VC9iAAX_XakJ7&_nc_ht=scontent.fmnl5-1.fna&_nc_tp=7&oh=cf53b149554f0e70d21fd23e387fcf65&oe=5EB1E427,"{'Total': '159', 'Like': '128', 'Love': '31'}","{'Charline Gawidan Bayongawan': {'text': 'It‚Äôs time to transform and start building and realizing your own dream.There has never been a better time. And the world needs your help now more than ever.‚Ä¶See More', 'post_date': '1585748968'}, 'Lance De Cordova': {'text': '‚ô•Ô∏è', 'post_date': '1585652942'}}",129
AIAPhilamLife,"#AdvisoryUpdate as of March 30:  Our Customer Service Centers nationwide will be suspending operations however, we remain committed to assisting you on your policy related needs despite these trying times. You may contact us via philamlife@aia.com should you have questions or concerns.",https://web.facebook.com//AIAPhilamLife/photos/a.247496375360336/2660346194075330/?type=3&__xts__%5B0%5D=68.ARDEaqMiFvWyti6RuG8f__r9rEIFa2kw6SrqnyOGccjyxdbHg9sUIK6_w8t5O6CfESrrtbpnnPuL5TPl3rBq7iP0eKhzsW2wcjPvJ6OkCY7s0bRh81PZsJXgn6UMXTLM09CcWMvay_dB_TZB_-SVjCFg60MDEYaEsUKc9u5_AyfELHoh-8ki543H4ujRliDKmYh4ic-mwFzPSpvm07fiwKuvxMk_VA6gESSyPHBkcQyNshPV97EGGthnpA8P_c3nQtdomf-XsF5E0W13bnThDdJ9DRAv0HWkcjvB37RAx_RekfLHI0qezKbmkLLsc5nBuKUH2MHX0abJ1_htnMh_KfGtZQ&__tn__=-R,2020-03-30 06:25:01,https://scontent.fmnl5-1.fna.fbcdn.net/v/t1.0-9/91131775_2660346197408663_600847658214490112_n.png?_nc_cat=101&_nc_sid=8024bb&_nc_eui2=AeFWnRKugF9fQQyWCm57I-gBxIhqDvi7JyfEiGoO-LsnJ0WtgGSfPdBcHxcmTCNZvDAoitxWwWW1y11BlygxtCaA&_nc_ohc=R_oHnoZ_5d4AX9Rijfp&_nc_ht=scontent.fmnl5-1.fna&oh=7fc4d87246a38695dfe034295c6fb2d9&oe=5EB2DE5F,"{'Total': '141', 'Like': '128', 'Love': '13'}",{},94
AIAPhilamLife,"#PhilamVitality Healthy Hack: Sleep is the best rest you can have, and it can help you stay in tip-top shape and fight off diseases! So get enough shuteye and earn up to 1,825 Philam Vitality Points yearly when you get 7 hours or more of sleep every day!",https://web.facebook.com//AIAPhilamLife/photos/a.247496375360336/2651161961660420/?type=3&__xts__%5B0%5D=68.ARD5dz1sYtJM7M3pV4nToy3Wc_0TyKy9nVmSQ-TRl8qBc94ho8k0JljJM-xYWSWNfCi0nXhsHeAjMWg5_SO1J5BVYjTfziT7-uE1Ctxvk4DafI0OkyssJmHXRqfuvfRinRtr7GHf6Xq-TNmNvvFL6GeteuVvkbLWF1_XOjAD_R3IGq57t-4zEzIqXJ8mO14k6OjhbuvaC4lK93fMcMoTPN6k5UcjL6SO1mCAv7T2grTa4T-Z-hRnUKvv3t7uuh6zQWejUmz6N-r4uV-0ci6vk_i1Z4zI2g-82W2UDqjMFguFixPCjao_KGjY49fR4GlymsxUqmNCXNgKu8F7tnPU-05NZg&__tn__=-R,2020-03-28 01:00:00,https://scontent.fmnl5-1.fna.fbcdn.net/v/t1.0-9/s1080x2048/90868217_2651161964993753_1554236939438129152_o.jpg?_nc_cat=104&_nc_sid=8024bb&_nc_eui2=AeE_nC_uI2R9-HyUcX3-wf2VvKUNqRGnri68pQ2pEaeuLswa_FL5QNqJyxLgZqZXpGhJPhiAlnyQwBcowcVDDoKq&_nc_ohc=0BxbZi83a2AAX9n5fMN&_nc_ht=scontent.fmnl5-1.fna&_nc_tp=7&oh=9f5926e14caf7d8050619bf2f7bc2503&oe=5EB06FCD,"{'Total': '114', 'Like': '93', 'Love': '20', 'Wow': '1'}","{'Joy M Godoy': {'text': 'True', 'post_date': '1585369677'}, 'Honey Heart': {'text': 'True', 'post_date': '1585361700'}, 'Garyboi DV': {'text': 'True', 'post_date': '1585366510'}, 'Michael Dela Cruz Masirag': {'text': 'Ganda ng pantulog ni ate üôÇ with light make up. Hehe', 'post_date': '1585363461'}}",52
AIAPhilamLife,"Tune in now to watch Ben&Ben's FB Live Concert, for the benefit of front liners and urban communities affected by COVID-19.",https://web.facebook.com//watchparty/518020515819540/?entry_source=PERMALINK&hash=ASsTtLDq0Ciu1KOBh7T-90K5lJiDng9RWokmEMxhba_VIw&__xts__%5B0%5D=68.ARDPT9xnOeExnNgP8k5O94CLHUwvTMcJ7hd9Ol1GN4XFQ_mCmVYeGM9rnXfCnoIOSvgxTcuCT3kkcxCImenXOvtT2ZSSwNkHLlQ4UJ7s7RWgm8kj1hYKIzUpa-cuqiVhhON0z1EjS4793tk64ce6KfXztg1QWJyG9MHflq-fWpPHEcIV6kxoE-gargVxJXnxY-rae0Is_WbLdUPYSHkyy-p1MfRXiJhqlrsjMMFNNE8v6-B9kQOkKF8r4tcoHZdcvvtb-b-bXmHBVgDJhiF0j1hbsuEdn-WtFB-RbD68wCnqRXLkZ4ak_Hx-SW27cSyYbgmU6vnFRK63Yji6bFJCVkLvj-0gSzOxdf3fKIJKVORFGXUcdwFmUZrks0A&__tn__=-R,2020-03-27 11:14:16,,"{'Total': '97', 'Like': '58', 'Love': '38', 'Wow': '1'}","{'Joseph Rommel Ocampo': {'text': 'love it', 'post_date': '1585309429'}, 'Melissa Laresma': {'text': 'Nakakawala ng pagod at lungkot. Galing Ben&Ben! God bless.', 'post_date': '1585312160'}, 'Ana Rose Ochoa': {'text': 'üëã', 'post_date': '1585308094'}}",27
AIAPhilamLife,"Here‚Äôs your chance to help out! You may send in your donations through the QR Code or through this link: bit.ly/puhonph This is done through the collective effort of YSEALI, Limitless Lab, and the Asian Institute of Management - Team Energy Center For Bridging Leadership. Ben&Ben",https://web.facebook.com//AIAPhilamLife/posts/2654152678028015?__xts__%5B0%5D=68.ARDjiqM7YIaDzmYOUvFT3Ro7IOJPrKNbxc_DNm_pms1qxA_G8YE88_VQ_iq6Vr7oKD8rG5K3tXJq4YWoobUqmb1qebbvDRq-6jdnIys66OTxC8P6kh3Jx_eXIU0iWp8Yl2gID-sil7LoxLyjjl03dwIrrthy4eu8jDahiSrv3daXdvWe1JgnF5IXJje_MQdT1FvW3bzWfbluDNIV-jgUpA6lh_qVhVgUxy_0jf_ItMWqhawuraTxFFPsKt0mrArtQHjYIkR_vThR6AF8sRUK7oCQ87_sKp_tscZlLHvEVnOM2n7ozMec7Z_0K1YJV57u2eJIuUojNJ42ZLws2ghRIOkDNQ&__tn__=-R,2020-03-27 11:06:06,,"{'Total': '76', 'Like': '57', 'Love': '16', 'Wow': '3'}",{},46
AIAPhilamLife,"Watch Puhon: A Ben&Ben FB Live Concert tonight at 7:00 PM on Ben&Ben's official Facebook page. This is for the benefit of front liners and urban communities affected by COVID-19. Tune in now! All proceeds will be donated to Philam Foundation for test kits, PPEs and food packs who will distribute these to various organization.",https://web.facebook.com//AIAPhilamLife/posts/2654133748029908?__xts__%5B0%5D=68.ARAniqk5Jjy9AkE4hFytri4fFoUH576FbPr-wvTifJw79WgrQ1zQaDkKcRhG-OUUZcX2a2uk9YzjiDPN6Z1VXl4CIeMrlUJDwj4rGsL8Ocq8Z0-wHHdELqWAh1e__2wRAuWPpnDGUirdv3t3BbY7uJ62C3uGeg8drBDHZn7Zy--AbZOMh_8NC9xYRN8Q_v7JvRwHq4z4GtIFv8vm2Y2-vRcyMWRH6-_M-86KgYqehItcob57BwBbLVqgWVkrcLe0LJ__UXi4js2d9FQ9v5skYB1o5cO69j-NRq0E3sPZS_1cn1GejAR5VkHLbTVHJcyTXXW6gvxqojOUjkqZFzBlLg&__tn__=-R,2020-03-27 10:54:26,,"{'Total': '182', 'Like': '136', 'Love': '46'}","{'Miagi San': {'text': 'Bago kayo mag donate asikasuhin muna sana nyo ung mga nag apply para sa mga claim nyo mag 2years n nga nga p din', 'post_date': '1585323958'}}",85
AIAPhilamLife,"#PhilamVitality Healthy Hack: Even without equipment, you can stay in good shape in the comfort of your own home through this 15-minute workout: https://bit.ly/2UgaFdp  Stay fit and healthy, everyone",https://web.facebook.com//AIAPhilamLife/photos/a.247496375360336/2651160491660567/?type=3&__xts__%5B0%5D=68.ARDl9c_crlwsMrVwu1b6Uf-0hN2cVQmzXU2HiEnx5HMhy8aiaiyyyn8aTviBpTLHwYusnCkvcgaV0NVGkYoXryGXgqZyUYcQYkdBbvY4hHoBQX4aO5myxdYTVWfPxqKViSCFzmshepIXIivsKtPBz0Ee-0a2J5wOSD7GR1BIsdRvR4keD60GDrqEXfDusyFxqOVbqtWKyT4ixLu4pxu2rwG0xCfxPpTvu_Ux1dNCPtfMQytS4ijeOt8GVjYiYHl_Breys0azaLjWa6XXp3-CaM5bRpajxcXU1BUoxcBQ4O86ccfb1y_Ny_UTFmkYx8QNN04VF7QnBfzu9x2-pMqSG6ktZw&__tn__=-R,2020-03-26 03:00:00,https://scontent.fmnl5-1.fna.fbcdn.net/v/t1.0-9/p720x720/90776454_2651160494993900_891436370843664384_o.jpg?_nc_cat=107&_nc_sid=8024bb&_nc_eui2=AeHPPwIp13noLG6ur9WrdeCsH5xRXnz2Q6YfnFFefPZDpsde62piuLHPmiNQ-IaBazquxY3h4ew-uWWOS1O4m0Xl&_nc_ohc=M6tKZa50dqkAX_ASzvX&_nc_ht=scontent.fmnl5-1.fna&_nc_tp=6&oh=5f8c7330620eabf3b22b7e46d048c6fa&oe=5EB196AA,"{'Total': '108', 'Like': '83', 'Love': '24', 'Haha': '1'}",{},66
AIAPhilamLife,Congratulations to the batch of Garmin 2020 February raffle winners! Click this link to find out if you were one of the lucky winners: https://tinyurl.com/r277gbo Winners will be notified thru email on how to claim their prize. Continue achieving those little wins for a chance to win your own fitness device. It makes tracking how far you‚Äôve gone in your fitness journey so much easier! Find out how you can join here: https://bit.ly/PVGarminPromo,https://web.facebook.com//AIAPhilamLife/videos/794136981083590/?__xts__%5B0%5D=68.ARBPDjyAae14DbY0nWFs0V_hRAbNSEN3AI355t2qS79GZJbKFQ2dWKt3xHSlVJI6OoUQ3_9kuR28db1xVD1MMFohi2Gtq0eMdSZSvSpYt9vsHcsPX_OFOde4hFSeEw8SNL7hayWJ-t3GLJFKFMlr4dCImI0wRBr0d74To4qnILSl5gjOlGN9ZVJ-cDYxXMk6Ql7CAHQTSGtKT4VE4X4g10IjDm_y4ETSDAgtVrdhQYJNB1MjmlaLPGamwlAb2GmqHP1jXMgCL_PND-eP37TArwYPtqiOiwUa-SRrtltiGtA6HoXntHchBGLmmBQQzCE3ZrDoXY9uHhM6N3qAvHXzzlAF-K4ZIrxIrvAodBaNNN__QVcaqtlmT1wJsg&__tn__=-R,2020-03-21 04:00:00,,"{'Total': '75', 'Like': '68', 'Love': '7'}",{},16
AIAPhilamLife,"Take part in a FREE concert tonight on Bayanihan Musikahan FB Live and listen to top  Filipino artists as they serenade you for a cause! Philam Group has already pledged its support. You too can show your love and support for healthcare front liners by visiting pymy.co/pbsp and making your own pledge. Proceeds will be used by Samahan ng Nagkakaisang Pantawid Pilipino, Likhaan and Caritas Manila to provide medical and health supplies to help aid Local Government Units in the fight to stop the spread of CoVid 19.  See you there!",https://web.facebook.com//AIAPhilamLife/photos/a.247496375360336/2638860096223940/?type=3&__xts__%5B0%5D=68.ARAq_xYCYLrrbx-xEnMh-5OFp99u_xfs6zkzdPCDzKpxplQEOtX8ckNX8LMb1reZ_97BI5DSbnPjniijQpjMKVHfh6ZUP9fjSfax0Gzwetiu5TNh4NND3ZQrV2NK-Q0k95QR6ZdNNoKuG43lppx9QyIAM4neqbrIgtfmKF9Tp0KOkpwQ7nu-NgPD79WMzApAbH9Jweal7Kd101dCz5PCFL-MOs3fuUO5R5JUf9q4l-fw6zcAv6bQkJ4bMWuT8WcyxcftNyc89X39rhfRXHnCdi02EQ-7UbyAasPRXqjK4-Jm7lhXmJzrpmrknaGWTyzQ6nTe9cDuFim-GzhsMQLNTHny0A&__tn__=-R,2020-03-20 11:30:14,https://scontent.fmnl5-1.fna.fbcdn.net/v/t1.0-9/s1080x2048/90710426_2638860102890606_5716918177569439744_o.jpg?_nc_cat=102&_nc_sid=8024bb&_nc_eui2=AeEvfNEpUU_f52scm_lSNeQ4aAPUSQByxkFoA9RJAHLGQfvRgwlhHPb717V0Qwm4dqMuZUp1DICKkkOsLXlBjYcU&_nc_ohc=Rv0e5k1g4bEAX8iFCX_&_nc_ht=scontent.fmnl5-1.fna&_nc_tp=7&oh=9f0a2c87a6d3422bab9986d65ee1f92d&oe=5EB34307,"{'Total': '197', 'Like': '131', 'Love': '63', 'Wow': '3'}","{'BJ Suzara': {'text': 'Uncle Totop Suzara!!!', 'post_date': '1585914983'}}",107
AIAPhilamLife,"Whether you‚Äôre filing a claim or applying for a loan against your policy, we have made it hassle-free for you to file a request even if you are unable to personally visit our branch because of medical or travel restrictions. LEARN MORE about how you can file a request by clicking the images below.",https://web.facebook.com//AIAPhilamLife/posts/2638818262894790?__xts__%5B0%5D=68.ARA65VreGFus4uABO1HnWoEYgZuNJpfCyj_BCWBIBat93T-SfG3maivbjWjhvuOQM2fOssF_wupgkxOzldanfUx7p_-Cmufmf_MChpSRBcoUTL3LW5nFxAPm4Jno9z2y0ILG9lVYRlK5eF3hGHO9it2jOoB59AGsKbPgGa0urNm1wf23lO6-Zh1C07vfPUEwolk56oaOWad19L5GckSCbgygPHiJmNru0P9PEU6tV7Z1wK0xQfbFhCrciyVdDF1tuFAJ6RZcg3v057iE4Nz2SNi1kVOh-aRPNCtxeHtQENjKaMkS93gjGW0S5mCdQeRwPAPt0qQ7r_Q7LX2-NX7CMlfyGA&__tn__=-R,2020-03-20 10:45:45,https://scontent.fmnl5-1.fna.fbcdn.net/v/t1.0-0/p526x296/90308142_2638817666228183_8549976372351598592_n.png?_nc_cat=104&_nc_sid=8024bb&_nc_eui2=AeGhQBBMCaFMLUDzYcphGxED6ADfysrrmMjoAN_KyuuYyAoNrZARE5K67yjY2xJS4c_YTvluyEYxNbRzyoZ-PUx8&_nc_ohc=jbKqJRLklHsAX-8W1Ef&_nc_ht=scontent.fmnl5-1.fna&oh=0981f14f3b6aa345b1518e7bb0711a96&oe=5EB2E761,"{'Total': '125', 'Like': '107', 'Love': '18'}","{'Yolanda Luciaja': {'text': 'Mam/sir gud day query ko lang po bakit hindi pa po dumating ung policy benefits dapat po nung March 14 pa,', 'post_date': '1585493193'}}",78
AIAPhilamLife,"Who says kailangang tumigil ang buhay tuwing naoospital ka? Don‚Äôt let sickness put your life on hold. Protect yourself with AIA Med-Assist. Ang plan na ‚Äòto, may Medical Benefit, Daily Hospitalization Income, Life Insurance, and even Philam Vitality. Learn more about this product here: http://bit.ly/AIAMed-Assist",https://web.facebook.com//AIAPhilamLife/videos/851102082022926/?__xts__%5B0%5D=68.ARAqFhUE_DR_Y8GBbFjiBaWvWC0obw3tjSunv1Us651Ue2Gki0LcbZEEC3LrQ94GDAW93Z1R-Uv8EClGlW0U3DlDWx8w7JfM0Xstu39MobNFF8iloP83UPmwfAryL52qs3MhAotlCLjpP5BiNH_LBq3NzYEZl0orYgaUaW5Ei2Ex3ouKgBdLAGGQXXpQ3cFAGJwN1qGq7740SWOz5YLugRNWAF67uNr4vFINu9TNhsgjcGgqIRgdsrEX_I6pD9om06VMxBFTmiuwxMzDVQ5meUtJlI9U4SthRNhtKontiI0jClRAOCOGB6s4v5Q1KBuJaTQHI9UDowXj9aOp_4VtjcCtEoTPHDQtiiYuwA&__tn__=-R,2020-03-20 10:20:00,,"{'Total': '231', 'Like': '176', 'Love': '54', 'Haha': '1'}","{""Sonny Gomag's"": {'text': 'AIA Med Assist// PM me regarding this. Need to know more about this coverage. Interested...', 'post_date': '1586225879'}, 'Marilou Layaban Javier': {'text': 'AIA all in One is the best that we can all have!', 'post_date': '1584700979'}, 'Richard Gary Pigon': {'text': 'Pls send details to my email account richardgarypigon@yahoo.com. i am interested.', 'post_date': '1585645358'}, 'Lance De Cordova - Philam Life': {'text': 'Ganda!', 'post_date': '1584701256'}, 'Rona Lisa Apao Carungay': {'text': 'please send me details..', 'post_date': '1586242797'}, 'Vey Cara': {'text': 'Pede p b ako nito', 'post_date': '1584774012'}}",491
AIAPhilamLife,"Being healthy is a reward in itself. AIA Med-Assist can do more than provide medical benefits sakaling maospital ka; it also has Philam Vitality our science backed wellness program that allows you to know your health, improve your health and enjoy rewards. To learn more about it, click here: http://bit.ly/AIAMed-Assist",https://web.facebook.com//AIAPhilamLife/videos/644755646316719/?__xts__%5B0%5D=68.ARDzknkMFsMnZ-XF21bUMPi1sMxHRlkGNj6D1vzk3bP1VKVuIg1yFMM49Gh8GhxqLdwz-fbOShwTxq4GZv8hEllxPqWTz7-t0SvWRxiodyG9FHdDVm9dsPwzC1P4VOdoCQ7Fu0GER-KdT3uiXxBbqvij2i3U3Bc8yKBX7-3-t8t2rRjRTbMhBF9R-MciIMU073OHftwmwrYgNQe7CCMdskXEZyYd7aXzGt78m9q4Fy1bm1_XsUZWtbV8RhcSbssmDWEJ_RVbT-wvPtPBbj9QhtnrZ3FcJt09TeH9-Qy8Y3H7lYgOUb0fZLaa6cHaXEMEzu1CaJraq15SIqLZLZsnZmsoe-JpQkFBifSJrg&__tn__=-R,2020-03-20 10:15:00,,"{'Total': '112', 'Like': '84', 'Love': '26', 'Haha': '1'}","{'Vicpatrick Mandin': {'text': 'Hyacinth üëç üëç', 'post_date': '1584744602'}}",129
AIAPhilamLife,"Sakit man o pagpanaw, napaghahandaan kahit di inaasahan. You need a plan that both protects you and your family from the unexpected. Ang AIA Med-Assist ay may Life Insurance at Medical Benefit para protektahan ka sa mga bagay na hindi inaasahan. To learn more about it, click here: http://bit.ly/AIAMed-AssistWhether it's painful or passing away, preparing for it even though it's unexpected. You need a plan that both protects you and your family from the unexpected. AIA Med-Assist has Life Insurance and Medical Benefit to protect you from things unexpected. To learn more about it, click here: http://bit.ly/AIAMed-Assist",https://web.facebook.com//AIAPhilamLife/videos/209134240159084/?__xts__%5B0%5D=68.ARAgcyIdlETdUQKdUDiV9uGfUvsNu3w240nTb2Sm54H0QCPSg3a7PH68YMcTS-ql-yAADhZIt63JsOr8XIDoOS96FB9wMBgB-5kYH0z1RFcqk31zDGQ-MTNnSR3dPpz2LKwCaK0Q9O7Yx0cbBimS_l4eGq-tFG73_IzJEQzxVZadFt0YuksbD18X_oyY8-Qs_VeZfvwmm9xEryXVawh2WbwCGPtgCx1xtuW4z3Ez94atEyluVnQaYwgseRKMAK470aDhhDAoyF3w1UleATXJL_l22hU3Lcs_YZZac33mzbhPixtZE2tCx-RXCWjt97_KjLcB8wLPd5GWpRk3ylGPULAzeTRsTO8lzLl1fQ&__tn__=-R,2020-03-20 10:10:00,,"{'Total': '184', 'Like': '141', 'Love': '42', 'Wow': '1'}",{},261
AIAPhilamLife,"‚ÄòYung mga araw na di mo ipinasok, baka leave without pay ‚Äòyan. With AIA Med-Assist, may Medical Benefit ka at may Daily Hospitalization Income pa-for every day you're confined to make up for the loss. To learn more about it, click here: http://bit.ly/AIAMed-Assist",https://web.facebook.com//AIAPhilamLife/videos/209108093640248/?__xts__%5B0%5D=68.ARC9P_BNwboEf7AuzOeZ33WqQa_qDnOYdzkGKMFJwAo91av9F_VbJlY7IP9h7ee-gIBEp1YqaMA1N2dCTAgz57yJE9NoY4dfHhjfRpDI_RfT9gEu9EFw5RujXBHU7zivR4uhxGsaoJna9CjxUVsUJbWOfh_yXXcj_4lKphK920TaN0lRMZ2VfTcV9NjCLm-8G4ANIO4MoprvVYaE1cPOe_ugdcuSxXzjbRY4231-_NStEJndNCm3OK7xeyavSvBOhYmTnnb9sjVSxPCR93aTR5Qba2uZQTUC-kwxQ5R0QXE42LsDFOx3U6ulwj3glxGOW4cXZArMdeobhBTPgmTQ8Xj29s8j66HjQFsqGA&__tn__=-R,2020-03-20 10:05:00,,"{'Total': '70', 'Like': '52', 'Love': '18'}",{},88
AIAPhilamLife,"Haggard ang pagpatong-patong ng medical bills sa ospital, ‚Äòno? Nasasayang sa sakit ang ipon mo. Buti na lang at may maaaring sumalo sa medical expenses mo. With AIA Med-Assist, guaranteed na sagot na namin ang 90% nito. To learn more about it, click here: http://bit.ly/AIAMed-AssistHaggard laying medical bills in the hospital, ' right? Your savings are wasted in pain. Good thing someone can catch your medical expenses. With AIA Med-Assist, we are now guaranteed to answer 90 % of this. To learn more about it, click here: http://bit.ly/AIAMed-Assist",https://web.facebook.com//AIAPhilamLife/videos/230734794744752/?__xts__%5B0%5D=68.ARA4hjKfBxWfz8o4pVijJB1QeTJQtzzmY3qYtEx--KUx8P29Q88A4iOWvwPPT2o-SwMZTlCqBu5HOdsahvlSJ69uKGjmwUEvHQblnC3YLKVyo45vZrsPHY_H_JuGwq0fC88i6D0enDsAPzpNOqsmGEul5lMN2AVqlyY8yZkPmT8Klfbiqfvs4cdBeRWvI0eGOEQr0si5G2tB2n02UftpqejHnFe5anZkIVemid0x8ZfBiFFgiJTGO0NTp5B1dhLgmkZ0QrCKDzvxg29y3U336s7sthEh6J2AzLnihy0SB6ZEBQ_Cjjh0WZRTihMLiP5_dHvALEcBUMP5OP4y2MAOxR_9raxyTw-JZOARsA&__tn__=-R,2020-03-20 10:00:00,,"{'Total': '162', 'Like': '127', 'Love': '34', 'Wow': '1'}","{'Princess Barcelona': {'text': 'How', 'post_date': '1585221349'}}",281
AIAPhilamLife,"From reviewing policy details to checking the performance of your investment, you can do it easily anytime, anywhere with ePlan. View the images below to find out what other things you can do with your ePlan account. Not yet registered? Click this link to register today: http://bit.ly/AIAPhilamLifeePlan",https://web.facebook.com//AIAPhilamLife/posts/2636840119759271?__xts__%5B0%5D=68.ARDeBS-F_csC2TRDT0mLl6V1FLwTDAxHCMzmFE6zE4tazT2divkdNGsYum_kryDwbiHzAuOt0GUg6hOG0IJoZ11ZxkSLpFvjM-DtuLXZ0zNLeCYhnBRBwwY7ZM6cx5ERlwRrvZes60RCnPZHn8iHOITjjAtbvrAWANd9sOxhMb2_Io5TIu3bDG529Vx7aDx9o2SITbZzIxVpNdMPtciLau3pYzN8tFARLt8lDPWleSFeQLBe5nXmrzolmPB8oL8ph5dB1xI3o8tBzDmRSfXMt8gLfrU7HOW8soJYQjNx0HNKAUIrNlD1YzuwrKWPrT7XQxSTbDhXw-F1SUpnolJ8o5YPWg&__tn__=-R,2020-03-19 13:00:12,https://scontent.fmnl5-1.fna.fbcdn.net/v/t1.0-0/p526x296/84629181_2636839299759353_4936730367454347264_n.png?_nc_cat=108&_nc_sid=8024bb&_nc_eui2=AeF_Ag9YkGwl_dJL3-O7V7ryawBUEte4ECFrAFQS17gQIdaG7nQMkwmxQ-JG-ji-PzHnHzud-Ukkas1l4DiNaJ0q&_nc_ohc=OmsNrgWtP3AAX_N9fNm&_nc_ht=scontent.fmnl5-1.fna&oh=06bed3c3ae50cd493c22f56083b4c13b&oe=5EB264A2,"{'Total': '101', 'Like': '82', 'Love': '19'}",{},83
AIAPhilamLife,"Nothing‚Äôs greater than the gift of life and vitality. That‚Äôs why throughout your birth month, your Vitality Health Check at any Hi-Precision Diagnostics is for FREE! You can also earn up to 6000 #PhilamVitality Points when you do so. Book now and enjoy your birthday treat! Terms and conditions apply. Learn more: http://bit.ly/PVBirthdayMonth",https://web.facebook.com//AIAPhilamLife/videos/2589352814620809/?__xts__%5B0%5D=68.ARBvjhqvQfcGCNp4HZhECVzwYN7EzB19Az159KeRN6OuNdY0_TAoTThW_jDYhP58wB0Y0FHgeXQ7Z-x6GfobJ8Z3-tZy0QseNr0madiG8pygna8ZfYmJcG6q6sY7yb6CJrKz1ocB323H-DKIvPm7Dp1lqDrIGEGch5C5AR5fDliHmnRToP1Wtsoxx_NmxUIa1atWsLdj304TVjdB3LbOguOpj7OYrJw5BqCgJNL_ByqYgKtMrdOjfgUTVOiPpyL55K_yMmJiPWDVa7HdT3il7e6MjPz-vR42zIqC5RuWVYGG0epO1XvxJky0P1rg8PKIt6iVSt-4POmzgcaKB_2TUodOuhZQISClnjrOnw&__tn__=-R,2020-03-19 11:00:00,,"{'Total': '66', 'Like': '54', 'Love': '11', 'Sad': '1'}",{},37
AIAPhilamLife,"#UPDATE as of March 18, 2020: During this challenging time, we are committed to ensuring that your requests are properly handled. Following the announcement from the Philippine Stock Exchange on the resumption of the local stock and bond exchange, VUL-related policy requests will now be processed",https://web.facebook.com//AIAPhilamLife/photos/a.247496375360336/2633608043415812/?type=3&__xts__%5B0%5D=68.ARAZHd_Rj5cYGBFMLNS8q2r7Dje6gwsNY3U02phhIQ_fyPH5CLZapSKcuZmYlbAviO9r5hwwgb8h73UIKrcknZ-zPNVxvLsS1NF-Zm9F-07jNCNjxh4HxGHpS3n8DpsDUHFKwOEVhRvWC2D7H_RzLRkXCnXvVqW79mfx6BPZpZ0YknPmFmK8-Qevn1yuBzT8c7D6joBAm4SYrROF0plhotOe3Sr_zCgGuenGhjJRsWUfKyQJ71oEa0iOBA-CJxeDVzQ19r8-UhXx8Y6mxVu28SYKlspO6NRdkLLBciYIXY96gyI305N-aDpiu-hZlsS5Onul9D95qDtp1uN2Uqj-lFHUTQ&__tn__=-R,2020-03-18 01:31:43,https://scontent.fmnl5-1.fna.fbcdn.net/v/t1.0-9/90442753_2633608046749145_710756494089388032_n.png?_nc_cat=105&_nc_sid=8024bb&_nc_eui2=AeGs8gryfnSljUv0VDpXFGu2_mvmnarXY2L-a-adqtdjYjA5unzoEergpetOKg9lrAzXV1qrAg2MckJs0jZbsl7U&_nc_ohc=fJXLA5kVM3kAX9UE6XI&_nc_ht=scontent.fmnl5-1.fna&oh=0c132cbcd31551ffd282872a818cc0cb&oe=5EB3AC46,"{'Total': '145', 'Like': '118', 'Love': '27'}","{'Joanna Escala Saga': {'text': 'ano po pla makukuha nmin philamlife sa ganito crisis. mga member', 'post_date': '1584551563'}}",69
AIAPhilamLife,"#UPDATE as of March 17: With the implementation of the enhanced community quarantine by the Philippine Government, AIA Philam Life has temporarily suspended the operations of our hotline and customer service centers in Luzon until April 12, 2020. Here are branches outside of the quarantine that remain open from Monday to Friday, 10am to 3pm: Cebu, Iloilo*, Ozamis, Cagayan de Oro, General Santos, and Davao*. We remain committed to assisting you on your policy-related needs during these trying times. CLICK on the images below to learn more how we can help you in the coming weeks. IMPORTANT NOTE: *As of March 20, our Ilo-ilo and Davao branches have also temporarily suspended operations.",https://web.facebook.com//AIAPhilamLife/posts/2631937230249560?__xts__%5B0%5D=68.ARDY9y9p6bDoUhiYq-o76itcsserXlzBregD3aSQxTR9DRB8GCQLC7cQ8480qlutyZezGjz6F2KvfVJIUq2I_DdDar2bTe2wpaFUnGmuGUp03EVV_FX_fLPQpt3snXmy28chQ-fXMfA6Y1VOzyyQJCm6q_F950k1Pym-ei41xUvrhx3nUK95l_I7Eu0PpwjQQOQEcQoWt1lpF7mls4dP8J-sMsYU7RWv_Rvt16qDBRrAp1pkp6LZvmf8oUrWi_Y1-Xckn4IimpiiacmW3CjyCtIyNNdzPsMnlQxtToNCEhTNg3Eas-gbM2GfqB15FGq0xsqOWecQbytcCl7-5M3lLTPPhg&__tn__=-R,2020-03-17 08:00:01,https://scontent.fmnl5-1.fna.fbcdn.net/v/t1.0-0/p526x296/90401269_2631937166916233_7269211605651423232_n.png?_nc_cat=108&_nc_sid=8024bb&_nc_eui2=AeEm7ywMasvyhSgovCep0_SKg_VIsbaHXmiD9UixtodeaCp1TjNaD4A2YNxREUOIuLtwVps5HcChG112FzbninBh&_nc_ohc=XvnPLqrVDCYAX-8Q7cf&_nc_ht=scontent.fmnl5-1.fna&oh=ad9369b3ce14012e2ff55c10f0101a27&oe=5EB0C645,"{'Total': '218', 'Like': '210', 'Love': '8'}","{'Jo Torno': {'text': 'Philam i hope you will give us a grace period on our policy payments. Thanks.', 'post_date': '1584432774'}, 'Tom Dela Mines': {'text': 'Philam Life, wag puro negosyo, takte a look on the welfare of your client, especially in this time of crisis!  Tulong tuling din pag may time!', 'post_date': '1584432868'}, 'Jun Rodriguez': {'text': 'Sun life announced extension of their grace period , 91 days ? Will you do the same?', 'post_date': '1584489125'}, 'JC Baltazar': {'text': 'wala pb cancellation of penalties for overdue payments?', 'post_date': '1584445876'}, 'Cha Guadalquiver Cambe': {'text': 'Don‚Äôt fret about how you will pay your premium and keep your policy benefits active because we are giving you a payment extension of 30 days from your policy‚Äôs premium due date. ‚Ä¶See More', 'post_date': '1584436585'}, 'Jennifer Cabuslay Quitane': {'text': 'Baka naman po pwede kayo mag bigay naman ng tulong sa mga policy holders nyo sa ganitong panahon. üòäüôèüèª para po habang buhay pa po kami maramdaman naman po namin yung binabayad namin kahit paano po.', 'post_date': '1584447263'}, 'Merla Dela Cruz': {'text': 'ms jo un 30 dy grace period na extend n s 60 dys', 'post_date': '1584531759'}, 'Sarah Bartolo': {'text': 'Covered ba ng insurance ang covid-19?', 'post_date': '1584446131'}, 'Zeekee Lagulos': {'text': 'Imperial Myra, here you go maam', 'post_date': '1585713521'}, 'JceLine Sugano': {'text': 'Hi! At AIA Philam Life, keeping you safe and protected is our top priority. Don‚Äôt fret about how you will pay your premium and keep your policy benefits active because we are giving you a payment extension of 30 days from your policy premium due date. Thank you.PHILAM', 'post_date': '1584441682'}, 'Rach Gatchalian': {'text': 'Not getting my next policy from Philam  üòí  Ang tagal ng official statement for payment extension, walang official statement if covered ang Covid! Yung ibang insurance companies clear at mabilis ang pag release ng communication through their agents at emails. Philam pa ang pinaka mahal üòÑ Jusme ang serbisyo   tested agad. Bakit ba ako sa inyo kumuha üôà', 'post_date': '1584443786'}, 'Joel de Leon': {'text': 'May extension ba sa duedate', 'post_date': '1584759603'}}",132
AIAPhilamLife,"With the current COVID-19 situation, we understand that worrying about your policy should be the last thing on your mind. As such, we would like to assure you that we remain committed to provide you with continuous service in this time of uncertainty. Here are a few hacks to address the concerns you may have in the coming weeks. Click on the images below to know more!",https://web.facebook.com//AIAPhilamLife/posts/2629591153817501?__xts__%5B0%5D=68.ARCl__gpE14hFeFBUR48MdFhr5qCBqeQ08L2MVQ0xZ591XmtaXPjAq2xpsd2h6ezVq8ahA_SJ-gBsC1v-_9fmufWrLPjtiFiQsh3J_LenGlqGpecUAc1-3_DeO9kmG0e7Hn4k_-16iRnQkt7IF7WTAv_6puX92KeRVH2tJ7zpAaI8acxQ0M_n6IYLi9JnH7O_Me5pFaHHnW0S-Mlxh6j6xxYRCoHZwnYzbU9Y7EWzq1orx8lu54lapBVk5PO4wgU7d3CT1e73O_6MvJqJ-Ufm9S8qMUdZi-RwE5o5vE9-MeHn4yK0APIUj8mbLZuIho-Q2cnKDCw8av87KRIR7iSGJPypg&__tn__=-R,2020-03-16 06:00:26,https://scontent.fmnl5-1.fna.fbcdn.net/v/t1.0-0/p526x296/89555169_2629590203817596_435090297437814784_n.jpg?_nc_cat=100&_nc_sid=8024bb&_nc_eui2=AeFZs5BNbYnYs12s-LZT01cGM-7qJcMMIHkz7uolwwwgeQj7BT3aJyVboz5W4CTOiEXq9kwEUtUyPbf8xwO052Y6&_nc_ohc=9Q9J6NlCWKYAX-zR-5B&_nc_ht=scontent.fmnl5-1.fna&_nc_tp=6&oh=42121623200e711677620bfa2e6d3d5f&oe=5EB04EAB,"{'Total': '391', 'Like': '277', 'Love': '111', 'Wow': '2'}","{'Lipton Cariaga Compendio': {'text': 'Sana may matangap din ako na assistance dito sa philam life. Ngayon pa wala talaga n akong prabaho ilang taon nah... Sanamay mag assist din.', 'post_date': '1585234144'}, 'Jj Tabz': {'text': 'Mag delay payment naman kayo! Maawa naman kayo sa mga policy holder niyo at wag lng ung malaking commisiom ng agents nyo ung my silbi!', 'post_date': '1584455112'}, 'Roberto Galtac': {'text': 'Ma,m sir may ron naba nka subok na  dito sa  inyo na nkuha na yung pera na na ipon sa insurance   na ngaba lng kasi ako  after 10 years baka hindi ko makuha ..yung pera pina pakuran ko ..sa na may proyeba  too mkuha  ang pera', 'post_date': '1584413036'}, 'Diana Mohamad': {'text': 'Dennison Ko, Chi Atienza, Donald Divinagracia', 'post_date': '1584354051'}, 'Ivan France': {'text': 'Covered na ba ng Health Invest ang COVID-19?', 'post_date': '1584397064'}, 'Lilibeth Eugenio Cacao': {'text': 'Thank you.', 'post_date': '1584523479'}, 'Liezl T Caramoan': {'text': 'May extension po ba ang pagbabayad tnx po..', 'post_date': '1584438410'}, 'John Paulo Boado': {'text': 'Pls extend due date also. . . 1month will do ..', 'post_date': '1584374112'}, 'Jovz Orpilla-Yanga Boado': {'text': 'Wala man lng ba delay payment muna for a month, knowing how bad the situation is in our country right now. Parang tutulong lang if may sakit na ah. Buti pa ung ibang company', 'post_date': '1584374094'}, 'Jay R Bigno': {'text': 'extend nyu din sana 30months ung due date..üòï', 'post_date': '1584363187'}, 'Rosario Hernandez Galvez': {'text': 'Thank you AIA- Philamlife üëçüèº', 'post_date': '1584419979'}, 'Catalina Jumaquio- Galman': {'text': 'Thanks Philamlife!', 'post_date': '1584409053'}, 'Jaclyn Wong': {'text': 'Cannot pay online if unit linked üò•', 'post_date': '1584371590'}, 'Erol Agustin': {'text': 'A timely guidance to all Philamlife‚Äôs policyowners‚òùÔ∏è', 'post_date': '1584402147'}, 'Jack Sanico': {'text': 'BAU padin guys keep safe', 'post_date': '1584353966'}, 'Bianca Marie Castelo': {'text': 'Sana magextend dn kau ng due date like PruLife UK üòí', 'post_date': '1584363357'}, 'Babyrosil Volante': {'text': 'Thank u very much Po AIA Philam Life', 'post_date': '1584358106'}, 'Vivs Dul-loog': {'text': 'thanks', 'post_date': '1584343933'}, 'Flor Tangaja Gutierrez': {'text': 'Thank you Philam Life', 'post_date': '1584354526'}, 'May Ann Palad': {'text': 'Thank you AIA Philam Life.', 'post_date': '1584347468'}, 'Maria Lourdes Estremos': {'text': 'Thank you!', 'post_date': '1584359474'}, 'Susan Alvarez': {'text': 'Am so Proud of Our Beloved AIA - PHILAMLIFE!!!', 'post_date': '1584349591'}, 'Lance De Cordova': {'text': 'Thanks AIA-PHILAMLIFE ‚ù§Ô∏è', 'post_date': '1584342199'}}",615
AIAPhilamLife,"Philam Vitality Beats Cycle Advisory In light of the recent COVID-19 reported cases in Taguig and San Juan City, we would like to take pre-cautionary actions to prevent the spread of the disease. We are cancelling Philam Vitality Beats Cycle spinning classes at the following Gold's Gym Branches today, March 7, 2020 (Saturday):... - Bonifacio Global City - Xavier, San Juan City The health and safety of our members are our priority. We thank you for your utmost understanding.",https://web.facebook.com//AIAPhilamLife/posts/2611251742318109?__xts__%5B0%5D=68.ARAynkZuv-BQeknAPhOXlkvjUbq8Fe7UiAov_JDagl8gUvA2Bjx-RzDBhJe26d042gfAXRAVLXClArgBMQ5rjv4ajxBwSOaSzHrrJJE9C1ifuEpPS_hnvxupcvv5zh3BBn9Zp_cz8qmvSKgRMRvWiXQyYdy9I0dXzfjjSHCvliSeEWeIxcZb1mccvTybubDIj0IjVbEZgLvyeB6eEQPFG3qv4kT3CfOnqKGILxgF9_kJUZanBZGLia11ZHEIxumXh8bLtxe1wuhFf5hqFEgpO7gJTkiCiEe0_0keYkU7EET0LVMTB7SkAkkOuDPpSHG1GOSq7fKmO2Stf8FSkYWu2g&__tn__=-R,2020-03-07 08:33:17,,"{'Total': '69', 'Like': '57', 'Love': '10', 'Wow': '1'}","{'Erl Ca√±ete - Nicolas': {'text': 'I just hope Philam will have coverage for Covid19 :( other insurance covers it already.', 'post_date': '1583592219'}}",19
AIAPhilamLife,"Pag nagkasakit ka, sino ang humahanap ng paraan at panggastos para maka-recover ka? Spare your loved ones the stress and worry; ikaw na mismo ang maghanda. Para tuloy-tuloy ang pagmamahal, protect yourself with AIA Med-Assist. To learn more about it, click here: http://bit.ly/AIAMed-AssistWhen you get sick, who is looking for ways and expenses for you to recover? Spare your loved ones the stress and worry; get ready yourself. To continue loving, protect yourself with AIA Med-Assist. To learn more about it, click here: http://bit.ly/AIAMed-Assist",https://web.facebook.com//AIAPhilamLife/videos/1580214665460895/?__xts__%5B0%5D=68.ARBhpz5jy8pNqzUaJUsVQSGhGU3njoTHQ49_bN5ARuQM5h_wk4ECuoR5jpwWesgMv2pPO9g7yXxXnI8CZ4aHvn74Wb_a7DEOxpgCK1CykWKdc3DZMf8ziMFL8Cua_tI1TeWEnGyFWkBfPN3tZ4ciU2_pyZlvcCjCRSd7-17lKGZrRQsoeFQ2EBG1j6vE6Bt2m8eS3s1D8ry_GtmiofBnIltx5wHzEutyqp10khkT10KLuTl1MVRx2gwHb1-4o-shxG8OQ3ttwj4uVUpsHhPRYn1Lmob3Pb840CrDDehg6Xn0Piy6QHPFqPwqOOZoJ0e98HHHRpTYsx9iYxAdz9g-5JJbThq4zL3zGKhk1Q&__tn__=-R,2020-03-06 13:52:04,,"{'Total': '498', 'Like': '368', 'Love': '128', 'Wow': '2'}","{'Queen Espiritu': {'text': ""Kung andto po ako sa pilipinas, I'm 12 yrs old and my bro. Is 8 years old, can we be able to get an educational plan to another country , like malaysia. My father is there 2 yrs na. They are separated my mother almost 5 yrs. na. Accng. To my father they gee me educational there, while we re studying here. Pwede ho ba un. Ndi ba dapat dto kmi kukuha ng plano? Thank you po."", 'post_date': '1583642032'}, 'Sarah Bartolo': {'text': 'Pano yung mga bagong sakit like covid-19? Makakacover ba ng insurance? Pangalawang beses ko na magtanong sana po may sumagot.', 'post_date': '1584513623'}, 'Ichimoku Fibonacci': {'text': 'How can I avail this product?', 'post_date': '1583520461'}, 'Elena Seraspe': {'text': 'Am  the one have philam ensurance.. Kaya walng kaba', 'post_date': '1583507707'}, 'Marg S. Baula': {'text': 'Loren Burgos Lomotan model Ka pala ng philam !!! Proud of you !', 'post_date': '1583823416'}, 'Menard Aguinaldo Gomez': {'text': 'Applicable po ba khit insured na', 'post_date': '1583593676'}, 'Eduardo Santos': {'text': 'San po office nio sa San fernando pampanga', 'post_date': '1584063787'}, 'Jackylyn Reoligio Sayamud': {'text': 'Ano pong mga sakit ang covered nang insurance? Lhat po b nang klase nang sakit or diseases?', 'post_date': '1583625253'}}",964
AIAPhilamLife,,https://web.facebook.com//AIAPhilamLife/posts/2603004966476120?__xts__%5B0%5D=68.ARCulcQh-dFua9I4A_meqvhiWFK-kL5gH-QHwHN5F3Q4Sk6xju9evQSb4_-OQzwcjlu2nWdWXU-ABBu6EV2VoidH7XUlYs-S6ve8CmMvQSvMWWiW7xvH0Sml3mh27Z08BE7GVd7v53Ad0podpVawdrEkFB4DtQKfOlAPiHqQE2yIh99c8sAR-fNEyWhPdA8TI2V7E7WeV_uqxWhmgq6SkjAY9YJcJ9O3jdBlskClYUaS1xhbA5ECY-f2zKOeFZVfjbU4g6RD5WzWY3uu3xehIiH8NzJs4-Seuv2ehjCYO1Yvlt0758N7oJnnMXh5HPDoA-l-X0OF1w35xxW-r4-CT9ZJIA&__tn__=-R,2020-03-03 09:32:10,,"{'Total': '97', 'Like': '85', 'Love': '11', 'Wow': '1'}",{},4
AIAPhilamLife,"Wearing a fitness device can keep you motivated and on track with your fitness goals. Whether it‚Äôs counting steps, measuring calories burned, or setting activity targets, it can definitely help you live a healthier life. Be one of the 40 lucky MONTHLY winners to bring home a free Garmin Vivofit 4 fitness device when you reach Silver #PhilamVitality Status within the first 90 days of your membership. So rack up those points for a chance to win a fitness device today! Learn more: http://bit.ly/PVGarmin",https://web.facebook.com//AIAPhilamLife/videos/1829169793883897/?__xts__%5B0%5D=68.ARA7EosIulnOy6omuwGk5mH-Kv8kiep_5Xm38GIfkJJHmo27m0z237HzW_vGYEAzSSd_BolLrq_9uLBTWYJmBdb__NAjJycq8CNgZXc0giGgs484_XLc6s7xgw1oS-CcR8TbvvYmD8-qWs91u13nLDbPdSc3ydhWic4rpifJFset1ZVt5mrOExb87gWsLsgBQTSlmV7M0o9vD43odF34QmGDux4D3YgeQtgifKs_5FBeifvT1wmhqLM52oK2dB_FhXrC_KTmcBVimRaIFLyV5eKP03s2DBpu4t-Be0F9aUxkvrW0YVKU_dA62-XVt8Ck6r9zLslcjOVGEfD5Jukk6HP_A9EBbwRpTGfY1Q&__tn__=-R,2020-03-03 04:00:00,,"{'Total': '91', 'Like': '82', 'Love': '6', 'Wow': '3'}","{'Francis Ross Luteria': {'text': 'Why are the points not being synced correctly from my device to the Philam Vitality app? I should have gotten rewards for the past 2 weeks but ive gotten none since its not syncing properly. üò°', 'post_date': '1584179373'}, 'Irving Sergio Reyes': {'text': 'adviser pls', 'post_date': '1583754706'}}",71
