InsularLifePH,It looks like we‚Äôre going to be under community quarantine a little bit longer. Here‚Äôs a friendly reminder to do things you may have forgotten about living in our new normal. Stay safe and well at home!,https://web.facebook.com//InsularLifePH/photos/a.202621819774414/2856645131038723/?type=3&__xts__%5B0%5D=68.ARBO0xuJtUQUKgVegD0Pevnr9Z2uwX77kk2zc_DYuxX-RiyTmy9jSM7KjozJsE3BTW1I73FZqE_UbeaODBlgEe8t30Q4nEZ-j-Oq7ohxI3SxYtefaR9xartDU3IKb67R3QpR6I3VgGW0YCZKe0h7phRdthdV9GliCHOlViRairWUfFVFMFgRazAbIrFpgxopMhp8ZKMi0CFF9BUsUyaBA_baQ_Ay12X3fPk3dJITEn9yv9_yce-QBlyI9i6mMEK4V7GU0WimCVwSCIB0jE6A0pI91PllqNHvKsYPRovwd_NM2be-7XUjRpWdNgKGQeulkvO3wpvuKBqks4hoYEjeLLIoEA&__tn__=-R,2020-04-07 03:27:22,https://scontent.fmnl5-1.fna.fbcdn.net/v/t1.0-9/s1080x2048/92142778_2856645137705389_1222961219929899008_o.jpg?_nc_cat=106&_nc_sid=8024bb&_nc_eui2=AeHyie6csr91ZytQAt_oFdS1DlR-9zNiBBwOVH73M2IEHFYL39TLPfbxuCsNGxqxw9KVfjIuvl2Zg5E3j1AIm2RU&_nc_ohc=qvGiQIHBl54AX_hhluC&_nc_ht=scontent.fmnl5-1.fna&_nc_tp=7&oh=ee0acbf4a46c98ec39e1a85d9d9c61ab&oe=5EB02175,"{'Total': '65', 'Like': '54', 'Love': '11'}",{},39
InsularLifePH,Happy birthday is so yesterday! What are your other favorite 20-second lyrics that you sing along to when you wash your hands? Let us know in the comments down below! #ALifetimeForGood,https://web.facebook.com//InsularLifePH/videos/1130562070629710/?__xts__%5B0%5D=68.ARALw46pb0ufgOzGAAo_XczZQqmR5U1ULUEUYdQMhUp4d4ZZqYfNx3qkCq27rpyD0bC8mKlPCEYqcI8UBbctKq_eQaFhBAzkGU-E7BxLS-yGNH6ed5ofIbas9d_ObQUbPylIs63cbbnA3nbzGJhBZwe73Yczd9H2OwaZ7YUQc-LYjhWYVtp2ydVDNtwZpDMmTfmgFOy1B0MdS6JVCDHD2fhY708_i-b5yWSZFprpNuqIWvIYvNOO79Am4D642EkQIDlE4bNYVB5RfyaUxiPl4QxptGaSkE7qK2eMs1H3818do73XEJ6YPsmoYrIzi9ph-DfQBWq8lfqHnYlF33v37rc0u1gNaNDFWxKhwQ&__tn__=-R,2020-04-05 03:21:26,,"{'Total': '26', 'Like': '18', 'Love': '8'}","{'Reena Del Rosario': {'text': 'Kill this love !!!!', 'image': 'https://external.fmnl5-1.fna.fbcdn.net/safe_image.php?d=AQCCVC9FOx6gL6b7&w=396&h=396&url=https%3A%2F%2Fmedia1.tenor.co%2Fimages%2F4e1d2b6338ff4e075984773d457ce766%2Ftenor.gif%3Fitemid%3D13876036&ext=jpg&_nc_eui2=AeH5GCForqj9s2IdL-hCU_oVBSG72Fhdrl4FIbvYWF2uXjuV2FnI8xDsM3HIztJyex0c4_tw_MVO2-fcs1QbS-4r&_nc_hash=AQCFbQIQUrRWz9Vc', 'post_date': '1586075046'}, 'Eva Cular': {'text': ""üé∂ I need you babyAnd if it's quite all rightI need you baby‚Ä¶See More"", 'post_date': '1586166172'}, 'Frankie Sts': {'text': 'You better lose yourself in the music, the moment/ You own it, you better never let it go/ You only get one shot, do not miss your chance to blow/ This opportunity comes once in a lifetime/ You better lose yourself in the music, the moment/ You own it, you better never let it go/ You only get one shot, do not miss your chance to blow/ This opportunity comes once in a lifetime ü§£', 'image': 'https://external.fmnl5-1.fna.fbcdn.net/safe_image.php?d=AQASxCFUtZ7hbfgc&w=396&h=396&url=https%3A%2F%2Fmedia1.tenor.co%2Fimages%2F85c8db833933406df70450a3c6f7c1b5%2Ftenor.gif%3Fitemid%3D5124247&ext=jpg&_nc_eui2=AeFhq4_8jJ2bS_W6ixCEIKXFds5a4hjAhrp2zlriGMCGuuI4bkHtocMag6GUEI0weU-BFnuG3pa7QMdk88dSVWL-&_nc_hash=AQAi-_oNs8sMgk1S', 'post_date': '1586072241'}, 'Maria Eloisa Pedro': {'text': 'My son and I sings the Itsy Bitsy Spider üòÖ', 'post_date': '1586057824'}, 'Johanna Tamondong': {'text': ""BTS' On ‚ù§"", 'image': 'https://external.fmnl5-1.fna.fbcdn.net/safe_image.php?d=AQAkwSW1CqmguKNC&w=396&h=396&url=https%3A%2F%2Fmedia1.tenor.co%2Fimages%2Ffe63209d1ab04edcb22112f8bc0a9016%2Ftenor.gif%3Fitemid%3D16378795&ext=jpg&_nc_eui2=AeFA7C6DtOGmNVQ98LEDnEmy3rTswglH--retOzCCUf76irP6hCuTZ4RXzGtXwjr5eeeQCcujHCXCqRREEiBEsRw&_nc_hash=AQDiYjjMIt4wiNR6', 'post_date': '1586135870'}}",15
InsularLifePH,"Treat yo' self! And the people you live with. These simple recipes submitted to us on #SheShares make use of ingredients that are most likely already in your pantry. If you're out, they're common enough to be in your go-to supermarket on your next supplies run. In the middle of a health crisis, find comfort and nutrition in good food. Stay healthy!  https://www.inlifesheroes.com/‚Ä¶/easy-healthy-recipes-quaran‚Ä¶ #InLifeSheroes",https://web.facebook.com//InsularLifePH/posts/2850304758339427?__xts__%5B0%5D=68.ARCPddRZpiVNGKZkGOEAeYJgrgHp9gubN0Vg23mZisR1yZQVZ0KnoopMpiHXGVDk92WJFX0U_BdNF_KNL0Yj6CAg7OLSZ7JKaZs9amWmT13rdmkSd3c08bdYlt3x86RfLGIgVobu5hV5sS_CdqwAU-cWDHknS7wWKyHkABXg-TD0ub4bh39v2sgkmx5Ls1humFWL0YA3HKPjjICQZ30JzmIfQAMhwgHcOhaJsNJkX1Rhb8hYQH-Rg_4Tvux7AXcb51AnS7cnx9MuFzlupXolMwL-Xk_SuoEFdrGsPCckbtyEveLD5ZWE1cJ-91DvAzs5UNTAXJND1Cs830RIUxZ1kMqxsg&__tn__=-R,2020-04-04 03:54:33,https://external.fmnl5-1.fna.fbcdn.net/safe_image.php?d=AQCorj_KapFlHDez&w=540&h=282&url=https%3A%2F%2Finsular-sheroes.s3.ap-southeast-1.amazonaws.com%2Fproduction%2Fuploads%2Farticle%2FwhqdNvsuDBuWA9C1dkopjVzu%3Fresponse-content-disposition%3Dinline%253B%2520filename%253D%2522ingredient%2520recipe%2520pic.jpg%2522%253B%2520filename%252A%253DUTF-8%2527%2527ingredient%252520recipe%252520pic.jpg%26response-content-type%3Dimage%252Fjpeg%26X-Amz-Algorithm%3DAWS4-HMAC-SHA256%26X-Amz-Credential%3DAKIAJRYEOUFG5LAMSKMQ%252F20200404%252Fap-southeast-1%252Fs3%252Faws4_request%26X-Amz-Date%3D20200404T035426Z%26X-Amz-Expires%3D300%26X-Amz-SignedHeaders%3Dhost%26X-Amz-Signature%3Da3fc93112428566459a0c564002bd0619fc708dbb07f074f4592976537ab6d14&cfs=1&upscale=1&fallback=news_d_placeholder_publisher&_nc_eui2=AeFML9hisS4Lut_zkJhCFzlLGqZVOhlCEeQaplU6GUIR5NhI5M9rILeUuPnbVn42L-N2rLA1rNJ_yK37Op8IDqBE&_nc_hash=AQDopMhNuBdNpD_J,"{'Total': '67', 'Like': '54', 'Love': '13'}","{'Rhealynde Dabuco Donaire': {'text': 'IfRhyme Donaire', 'post_date': '1586165868'}}",40
InsularLifePH,Relax and unwind with us with a movie! We're doing a Sheroes screening of Wonder Woman tomorrow night (Saturday) through Netflix Party!  Two easy steps to join: 1. Visit www.netflixparty.com to install Netflix Party  2. Go to bit.ly/sheroes-netflix-1 at 7PM tomorrow and click the NP icon next to the address bar Let's watch and chat the night away. See you there! #InLifeSheroes,https://web.facebook.com//InsularLifePH/videos/1102923606737158/?__xts__%5B0%5D=68.ARAVaxWf5Bf0b-1_uyLrHmhwI7e4iCEt_W33uK82misFLDu7ahtNdEoK2PeLOF4BM-qeq_I3P1eUYlxcizECWz3CR46CHrGhVU-_rD7W_bcqT4Sgt9muShoRjDD-7-3_dzOZXpUnC6ewk_PhMBZPanTCLlz3BspxqpG4jf5Ks3llH47HKxRckSP9vJ1nAUTHv3DtatmRGBx07TI7QITeoraJqjYg4WPZyTnC494H6fIjbQunL-w2zkfsZrdagKjC1IQkXnbKC8E4HtAhHAtrCv4HTVYRURp5wLWZablrwuIcoIArIiTKPcbFwifmEP8Tuvl3N6fXgZRZJSfJMoC3Mp4pofWIcjubgtLQkA&__tn__=-R,2020-04-03 08:20:46,,"{'Total': '44', 'Like': '33', 'Love': '10', 'Wow': '1'}",{},26
InsularLifePH,"Did you know that the act of learning actually makes us happier? The science backs it up! Check out these e-learning websites to lift your spirits and feed your mind while waiting out the lockdown. These sites have partnered with Ivy League schools and top universities worldwide, so you can be sure it‚Äôll be worth your time.  Create #ALifetimeForGood through knowledge and a positive attitude. edX - www.edx.org... Coursera - www.coursera.org Udemy - www.udemy.com Khan Academy - www.khanacademy.org",https://web.facebook.com//InsularLifePH/photos/a.202621819774414/2843825835653986/?type=3&__xts__%5B0%5D=68.ARBwAR4HFjZMzb2bqNqc790od-SgTS17zV0IhJ-G5dioehgr4VCz4uIsvbm7I3ARFUK8SDu-RT5fE2fObF1ogSDrA2y9V8KDEESIV7I8KekNMa12WKjmERDu3HF3VHD_9G0mSJ-nBiQeFhsZ7KSpFYjI5dMUClfwLcZeHM1hrHkq6uaVyjpofUdT_okMzXRhC3wOsl-OZlQG9h_fDptGC4DoyquywqzNj-WSjtpx7ei92u_D5VKjbKaYI__5viqSavWzcNfk0ihEI9-GII7KWJcyhem6vcGzplp8R0poY6a357Cr94ZtqhfHzx0kLar6te0G4IEmqXh9vhfYlBNI1dLOZw&__tn__=-R,2020-04-03 00:00:00,https://scontent.fmnl5-1.fna.fbcdn.net/v/t1.0-9/s1080x2048/91271491_2843825842320652_921719652671815680_o.jpg?_nc_cat=104&_nc_sid=8024bb&_nc_eui2=AeE_cNH7SwL_s08o3MSAA0WV1iHUtwlrXnDWIdS3CWtecCgOeu8iF3RkUxUsEnfq8YHzZTN6yo3zfaxj7DIqU9t_&_nc_ohc=iQruChc4xUQAX8gJ8FL&_nc_ht=scontent.fmnl5-1.fna&_nc_tp=7&oh=78505d6ed8738a9e78bf1e536b31c8fe&oe=5EB1C17E,"{'Total': '62', 'Like': '56', 'Love': '6'}",{},50
InsularLifePH,"Three weeks into quarantine and still trying to master working from home? It really is quite difficult, especially when you have a family (or a dog!) around who you want to hang out with. The most important rule is to set boundaries. Keep these tips on how to achieve that in mind to help you focus and be more productive. And remember: stay away from your bed! üò¥ #ALifetimeForGood",https://web.facebook.com//InsularLifePH/videos/520953278613280/?__xts__%5B0%5D=68.ARCFxZ9HWt0p3tFvNyZHV4uknXvJpobWlv4xX8OJ2RaOwWkRG-CYG0KpLx6IU1k1huJMAlwyPAL-FTvhs1lf0IluKlL_KtEIfIomkZ1o_g_RAYtnywXi33owTeqIbVGKY8ExTxbh_BSw8S_FYOrR1bkY9AHzDHRHxP1MaedowrYF7NtN-o324w_NZ6ojTznr_OVZxpvu5DnL_zm2WFh9yVA-d_40dXlXECiUrfLSMhaE0H9CgWMOZvpFMmw3bbnhJDfoFdJik5MA-isxaU5eX-tKjJcsuqOtRap25zEJ1areGqDmm-UT3Cf6jcfjD96Z_uaXfQ2PAiL6aAUUyO2YI7pJoo10tTcsQjipOw&__tn__=-R,2020-04-02 00:00:01,,"{'Total': '67', 'Like': '60', 'Love': '7'}","{'Maria Eloisa Pedro': {'text': 'Oh üòÖ I work on top of my bed üôà', 'post_date': '1585788116'}}",40
InsularLifePH,"The current state of the world can get pretty stressful. Before you find yourself scrolling through an endless stream of coronavirus news on your phone, chips by your side, check out this entry from one of our #SheShares contributors on #InLifeSheroes. There are better ways to cope and, largely, it‚Äôs by taking good care of yourself.  https://www.inlifesheroes.com/‚Ä¶/self-care-during-a-covid-sc‚Ä¶",https://web.facebook.com//InsularLifePH/posts/2844482608921642?__xts__%5B0%5D=68.ARDtx7_P344AmDBZ5mlIHgq-JOVqBzx3kT52cptiH7A8z5Zb2bT_JCIdlT2Yg6JVVcfVlm8JVCAc7UvZUUv35TG2aKu1JpPcX8X4xVSGdwGO0RiTcFmtoxfFAz87gE0tEoTq62lWfpBe8p6tUf9vj8DrX3557XlXFLa1tS_yILkMNcOiw2X-DNRJntaVnpDOyTAHvi1JOdN00R0F02dGmEX5imCKDUnkG5a1dnM8iUeyrjRueDb57hw_fu5AcZj9GI885EmZCrAN1X7tQd4nzKuOaDfJAxs4FLCdLvK-pOWeovQy6LaIMckBJ2epdYud4yTV4mkZ99ujBEaABo23WUdWdg&__tn__=-R,2020-04-01 12:01:33,https://external.fmnl5-1.fna.fbcdn.net/safe_image.php?d=AQDAKaX4JUoAs5uE&w=540&h=282&url=https%3A%2F%2Finsular-sheroes.s3.ap-southeast-1.amazonaws.com%2Fproduction%2Fuploads%2Farticle%2FWMrtbj3x35GejqpndF7rug4E%3Fresponse-content-disposition%3Dinline%253B%2520filename%253D%2522self%2520care%2520coronavirus%2520scare.jpg%2522%253B%2520filename%252A%253DUTF-8%2527%2527self%252520care%252520coronavirus%252520scare.jpg%26response-content-type%3Dimage%252Fjpeg%26X-Amz-Algorithm%3DAWS4-HMAC-SHA256%26X-Amz-Credential%3DAKIAJRYEOUFG5LAMSKMQ%252F20200401%252Fap-southeast-1%252Fs3%252Faws4_request%26X-Amz-Date%3D20200401T120056Z%26X-Amz-Expires%3D300%26X-Amz-SignedHeaders%3Dhost%26X-Amz-Signature%3Dbada061ccc4900848fcfecf8ef33020682e68517c415bd5afa1d47ff4b8d087f&cfs=1&upscale=1&fallback=news_d_placeholder_publisher&_nc_eui2=AeEvDWRqAa5xp6JaUSQH5spESXDrn8XRGTlJcOufxdEZORr9tFAJJCeXjPwvcwfkwJMONv-1crh4x__3QURae5Zk&_nc_hash=AQC9wa42BChVTc7d,"{'Total': '59', 'Like': '53', 'Love': '6'}",{},28
InsularLifePH,"Got a lot on your mind lately? Tips, tricks, tools, techniques ‚Äî whatever it is, we'd love to hear it. Send it over to letstalk@inlifesheroes.com for a chance to be featured on #SheShares on www.inlifesheroes.com/she-shares. We could all use some fresh air on the internet right now. #InLifeSheroes",https://web.facebook.com//InsularLifePH/videos/856593448189692/?__xts__%5B0%5D=68.ARCexY4zbGwB1GL052Y9aWatIgZD28wHn43sCXsXIX9JKTmCVP2hpmpCoaWL6Qx-bD3gePExyLPqfs0tjZznpL_Ac_qTUNy7xTTKE87fS4iuk9iiANKJHR-to0ExiEGWJvJLR2xVIkEotgARFHOXoPO33ZUJhU2NloR7zAKtavXtMlrT2biqA4skoX9DwFruvDaHC7Y_7IFlZbPLSNX7h6TT3LX7lml5xiCuMNyfan0Nk5Pe_JCZST1eScaPEBW4BJ5Kj3eXFjbe8XSWVlmljV6UPU4e2o1YhEzRHilLv36C0tDZZ6inWOuUzwT9KU_VmdL9oUG3Pea_lsT_neqGW2j5KzZh8jplyK0HYQ&__tn__=-R,2020-04-01 00:12:27,,"{'Total': '46', 'Like': '38', 'Love': '8'}",{},20
InsularLifePH,"Since this virus broke out, we've been told many times by many people not to panic. But how exactly do you do that when there is so much uncertainty? One of our top Financial Advisors lets us in on what he tells close family and friends to do when it comes to managing their money these days. Keeping looking up, #ALifetimeForGood is still in the horizon.",https://web.facebook.com//InsularLifePH/posts/2842281572475079?__xts__%5B0%5D=68.ARASmaPE3GyEdjRs0AmEli2iQkTuoXWpkMD2bGywO0XI4Xr1unnN145-bH9EgXMS7nPsF7esb0SbWciMSPGqdR-WDOnMR781JVvEDDSFtxA0IXpoO_Pj778lFHLShbi8Y-yGzD8IHbHnxdsxZjQrX2rvYXkbHKsIy-b9DJ-vH-Zrkzp8VGFK51pRXPeAZr5-IHi_wVRtEVj0NiKiB3KWH5-YX6GeEfw9vDLsATkg4aNRlLHDoQoN6ucEkPBPmEHdGvmLbF9hVKUAsUTOGyML5fGQthyWTW2qCTgpcSzhjAwY5zugoQ4hdTSj9IsuCe5u_9Pp1P2-5kqIZ_RWx86-8r0szQ&__tn__=-R,2020-03-31 11:06:44,https://external.fmnl5-1.fna.fbcdn.net/safe_image.php?d=AQDL2JubFB-JQ6fz&w=540&h=282&url=https%3A%2F%2Finsular-life.s3.ap-southeast-1.amazonaws.com%2Fuploads%2Fc62b387c-1aba-4ea2-931a-0d2ac062f71f%2F5%2520money%2520moves%2520to%2520make%2520inlife.jpg&cfs=1&upscale=1&fallback=news_d_placeholder_publisher&_nc_eui2=AeHgT4dEcDI6vIUoH7-lm1pvHUFgYV1ttc0dQWBhXW21zSmZsD0EegjseJFGdenaquMu20VnHrJT-BERWAnOn3If&_nc_hash=AQBaV3PGsnAuXbpj,"{'Total': '91', 'Like': '78', 'Love': '12', 'Wow': '1'}",{},81
InsularLifePH,"We know how tough these times are. But we also know that the Filipino spirit is tougher‚Äîmore resilient than you think, more capable of rising above these obstacles. InLife is with each and everyone in hoping for better days to come. Things may be uncertain for now, but it won‚Äôt be like this forever. Aaahon tayo, Pilipinas. #ALifetimeForGood",https://web.facebook.com//InsularLifePH/photos/a.202621819774414/2839397979430105/?type=3&__xts__%5B0%5D=68.ARCN2j8sw69r30EeXCLaw8zSxHQDJTO40nFZWIEEL3vawiggkBf8dd4Uw4yIl6DtKvzA3zDS7zIeg9F71mKA52TlFIoq2Z6IowD5D3Jd7k2bBWi6lCqNfmulgyVEHkasnOm6stA-dYT1NEqhF79wwUX-XaOkqjTgDO2d_mqNIUq_qukwwbeGP-X1iizz2jZkEg8KunpolIx2L_rGU_2d66RFAjunHXTCFR4EpLTFzk2F3z7CGPXl_14sKUNenLcgbGeBgMe1HWKtbN9dWBmYZ3qtyYDubkHm3WxkSHcJ6oZUUyLXMIED-5BT873_cG3hY_WPreMbG4eN-j1nx33YZn354Q&__tn__=-R,2020-03-30 05:00:00,https://scontent.fmnl5-1.fna.fbcdn.net/v/t1.0-9/s1080x2048/91100441_2839397986096771_2983896728958140416_o.jpg?_nc_cat=109&_nc_sid=8024bb&_nc_eui2=AeFQW7_N23QboAwVyCUX22dZP-1XPE421r0_7Vc8TjbWvT5Q3aa6XFGUL46zE77Vpbc5eJyU7T9y0jLxfspM_PXa&_nc_ohc=g0qrJSApnaAAX8xiYWp&_nc_ht=scontent.fmnl5-1.fna&_nc_tp=7&oh=45160c7e377989b4fc9bbe9ea6732df1&oe=5EB26E66,"{'Total': '263', 'Like': '204', 'Love': '59'}","{'Ricardo Rico': {'text': 'Idol ko cardo dalisay i miss you so much sana balang araw magkikita tayo', 'post_date': '1586232021'}, 'Dhon Dhon Pilar': {'text': 'Salamat sur Cardona, basta sumasama kayangkaya ayos ba idol.', 'post_date': '1585555377'}, 'Gian Joseph Bulanhagui': {'text': ""Salamat po sa lahat ng ating mga frontliners! Kaya natin 'to! #ALifetimeForGood"", 'post_date': '1585546864'}, 'Carmeling Siy': {'text': ""#inlifeAtin'To"", 'post_date': '1585647282'}, 'Jacinta Tablanda': {'text': 'Sana idol matapus na itong covid para mapanood ka na namin', 'post_date': '1585709899'}, 'Melissa Madriaga': {'text': 'galing mo talaga idol', 'post_date': '1585709770'}, 'Janielle Lenmamag': {'text': 'Galing talaga ng idol ka', 'post_date': '1585676693'}, 'Jeff Ryan': {'text': 'Pa jacket naman jaaaaan ü§ó', 'post_date': '1585547616'}}",295
InsularLifePH,"You are not alone in grappling with the growing impact of COVID-19. We have your back and we will continue to pursue the necessary means to help you during this time. We have further extended the grace period to 91 days from the previously announced 60 days and have expanded the period covered to premium payments that fall due from Feb 15 to May 31, 2020. https://www.gmanetwork.com/‚Ä¶/insular-life-extends-gr‚Ä¶/story/",https://web.facebook.com//InsularLifePH/posts/2839447852758451?__xts__%5B0%5D=68.ARBA3U0xuoTkREYftvFPdTt1FPSVUOpO-0Lz7c-fFNG2zcJbYSGY7mi3O19K7jg9AHM7h9JHTRRy0QG7vWT709SJZ9cNg9CvbzcgcEhRqvJ8j4WYABB7ajh2aCr8Cv8jSQyBJH7LwJ2wvEJsRfghByqiZvV-EuvxeD7z1CTogDbpjth8Wy84iKBcGBFNNmKZopAz4ttEICMlMEi6rBJ7HA-yKszfdr7Z_PewEpa4KwdZEUZ5fONPru-1O_MKY-q0SKlOZYsIBpoPf0oMDm5j1T_Ao7IO1pDlWgMYygS7Zdg13bXnuYycYN-s2kQrl4EwzEXVvaDX_dacYiDdMjCoZBrckQ&__tn__=-R,2020-03-30 02:38:37,https://external.fmnl5-1.fna.fbcdn.net/safe_image.php?d=AQBKCcsLHhTfiMo7&w=540&h=282&url=https%3A%2F%2Fimages.gmanews.tv%2Fwebpics%2F2020%2F03%2Finlife-logo-alt-381e359cf8a913cbb5ce4e85bf49ecc8e3ac5b0f63d23060879a7d73cdd98355_2020_03_29_15_20_06.png&cfs=1&upscale=1&fallback=news_d_placeholder_publisher&_nc_eui2=AeGodTxYSgWRR8h_EsqZj6MxMYWTYyDxsCQxhZNjIPGwJMHN0EH2pwC1hmEUTyUFPVXApBMN5x1rbAaniwg2wCe3&_nc_hash=AQDQIZm_BdYXtF9l,"{'Total': '181', 'Like': '139', 'Love': '42'}","{'Ellen Tippi Lambinicio': {'text': ""Thank you, Insular! I was having a problem as to how to pay for my policy premium due April 2 with the ECQ in effect and what if it is extended. Thank you, I'm relieved. God bless."", 'post_date': '1586084312'}, 'Adriano Pastor': {'text': 'O', 'image': 'https://external.fmnl5-1.fna.fbcdn.net/safe_image.php?d=AQAcLt35TEJZJJna&w=612&h=568&url=https%3A%2F%2Fmedia1.tenor.co%2Fimages%2Fe3d1f7e715553d8a1ea0df79f6335bed%2Ftenor.gif%3Fitemid%3D13347383&_nc_eui2=AeHAWUyna4tS6hsITnlhTKc36UG-Bts1_4rpQb4G2zX_imOqG3LKW-1iZxZs_HBsQGZlUCWLSfvl-UHPHOVmyu9A&_nc_hash=AQBX631VoCFjjt9F', 'post_date': '1585625874'}}",113
InsularLifePH,Tired of scrolling your feed? Why not switch to watching videos on YouTube! Choose from our playlists on the InLife Wealth University channel and be entertained while learning the answers to your most asked questions about money: www.youtube.com/inlifewealthuniversity #ALifetimeForGood,https://web.facebook.com//InsularLifePH/videos/495220861360170/?__xts__%5B0%5D=68.ARB6GGqcvNvy3Go3eEdM97vLglMnw_8AdqIPrsZpveiz2fJKlppDAlPS8OOEyPhOoFESPKjFwlkMhbRhjBq3zOF929sZJfq1DmuVskI7VsY0ybKnC0e0Z2xoY94GQbruTAnTeWkaDc4wOH9mdldyNAB8zo-3VN0WZfPokQ9kdSfkQT4iozzZTc0w2TXU4gaWVRQzRGAatLPWgjxeqrDSzByqP4BKNp8WbFk7BxIhGWtsGj3OdBVdb0BS4RvyRxa09oVba63LRpmhTcVD0UopQ-QczBM-yb_SL4pnIXESL3xBpFyAua27siOVgLykAajRJbfHNtqwzE_1ItfZkD5bSkUsgW-3ZPB-ep22Bg&__tn__=-R,2020-03-30 00:00:01,,"{'Total': '38', 'Like': '33', 'Love': '5'}",{},19
InsularLifePH,"In time, everything will turn out fine. For now, in all the hurdles  you‚Äôre going through, know that we're here with you. ‚ù§Ô∏è Here's a song by The Ransom Collective for InLife that we dedicate to you: https://youtu.be/qGeRvuKBbpU #ALifetimeForGood",https://web.facebook.com//InsularLifePH/videos/762739817586752/?__xts__%5B0%5D=68.ARBrxuIpAC2oM43kfaV9M5bLwMs56vccT87E9k4UdpCArBFCmAcxJjD0sep373xKQG6xKkmXiI5LrzRUvV8fIFMHLUFBTeHjnoucrVpDsjQk7geVdfEs_QFq1L4hDiVm1kht8y1qSPXGU7Cp-ATwetkTsVVPNyJd59maNC0VmqVCPGw2PLBMc4zkau-k6Y5jy3_hXDzxm4bjy5Y9xe2m8Lmns1Ms2I1nhFKarCVEQesHgQ1yidOih8sHOycV00l0YgI_apVtvnfEEg9BjiP6Gensy9ZNYhyNQMocK7xnPmpRAqBeVgAw6qVWB2brnpbHEsc_sC0WL3cfyDo6AUylvQYiaiYpfh726yZ03oWLBb_5o0U8gJpxeWjKFnEJhmmWWsvhEfYA_z5jOg_M1t4yKxHNJosHEOsH9SQjQQwJ-ZqS1UJf7nh_9fLDVTA&__tn__=-R,2020-03-29 00:00:00,,"{'Total': '67', 'Like': '60', 'Love': '7'}","{'Alvin Majarais': {'text': 'A Lifetime For Good üòä', 'post_date': '1585474640'}, 'Carmeling Siy': {'text': ""#inlifeatin'to"", 'post_date': '1585509838'}, 'Indika Atapattu': {'text': 'Have you extended your grace perios of maximum 90 days for your health insuarances? Does health insuarance cover give a protection for COVID-19?', 'post_date': '1585754227'}}",47
InsularLifePH,Childhood bestfriends will always be one of life's greatest gifts ‚ù§Ô∏è Tag your #BFF below to let them know how much you miss them. Hang soon! üëØ‚Äç‚ôÄÔ∏è Find some interesting reads to talk about with your BFF at #InLifeSheroes. It could help the distance: https://www.inlifesheroes.com/,https://web.facebook.com//InsularLifePH/videos/2603395776563759/?__xts__%5B0%5D=68.ARDdgvjMJ95_tlc88hvfzVkeLAvfHU1Vikov8s4En1g1HTS_tRO0u1JxbIm7ALLSn5Iu-7oo_LOz0AysrCAxksSnTlYMEPyo53Hz-hyybZ2nOb-cBakvQhlc65LQK3KVIcOaY_nU4LtNbwWpNbNr1Et4pGgU069sKHczlxV_R_vBCJrwdniHM92n9YUtPlQ404Ut8kUE9JJAV86ec-jHHpWvo1cW5BLOYSlUu1JT17JFPMuQW3NyhgjO7MJxU5KJL2QcXZMpsp_-EsjBimlBqfA7lKbIq9XH2g-xd7XyU1nZeE4FQpSCHMUrSuJCxnPm0LNlPr0zpFPEokdKl2cOzBQHYcG_RuovFKywzg&__tn__=-R,2020-03-28 00:00:00,,"{'Total': '32', 'Like': '24', 'Love': '8'}",{},18
InsularLifePH,May this be the most spiritually rich and meaningful Lenten season of our lifetime. üôè,https://web.facebook.com//InsularLifePH/photos/a.202621819774414/2833690303334206/?type=3&__xts__%5B0%5D=68.ARAqGn84SC2Hm74jCc-OmabwcxQ1R7gJuU62PaFolS8w-nWe3RHOZc3LUiWKY1LgLcR0dWpMlzfpfXFEqMK-qvAcZcCHEox0LI4AyixUYAElo3aT44m6QasLZ2_SD18GqhWq97ozJVKEnkOpcqndvl5r9iofcp1WEjZZv3qgnwGGM0SodJyUFqmMbGD9Za7dfj26ix24d1OLfB-Gxd4i5Byqreqw3n_TwG3ftrOjhaTwPmygYqC1aSAoFvu9y8WAXMGI3_EEsSM6x-n8z085nqDOaejemJnCBLEuebF1VWoTweaqjEy9dpyr7Tll_UUzvzF0nEyZd7tUGEWEmAulMK-pBA&__tn__=-R,2020-03-27 13:28:56,https://scontent.fmnl5-1.fna.fbcdn.net/v/t1.0-9/s1080x2048/91176787_2833690306667539_8534619789799194624_o.jpg?_nc_cat=107&_nc_sid=8024bb&_nc_eui2=AeHoKKWrCMqEdigUlOWW9yUx-cFg8-89Xcv5wWDz7z1dy68vPTxVoG6gk98oGjiCISpCeqmLKXYBQBBKAUGuM96p&_nc_ohc=MehaImhk230AX9NgDO_&_nc_ht=scontent.fmnl5-1.fna&_nc_tp=7&oh=f69f0a655c30cc0dcf54485bba046c80&oe=5EB2E8FA,"{'Total': '347', 'Like': '243', 'Love': '104'}","{'Tessie Tinsay': {'text': 'thanks for sharing you thoughts in this SEASON OF LENT.', 'post_date': '1585398740'}, 'Cynthia Briton': {'text': 'Thank you Insular life', 'post_date': '1585434723'}, 'Alvin Majarais': {'text': 'Magandang Araw. üåû', 'post_date': '1585368083'}}",153
InsularLifePH,,https://web.facebook.com//InsularLifePH/photos/a.144691185567478/2833588863344350/?type=3&__xts__%5B0%5D=68.ARBD1KR9aNx_sUIIxoLjRSEQej30exlMBhWAkPiHjEENFJcd89I3JanDYSOZaTxQ6P2cjBH9AsTh9kafG0pTndigE6N4jGI4Fe9WpyGXVOSxoyJAunWk5uYRHpm9YMjD3Yh708AInsvemzB2PwKi5P2Z1FiCa0bnFhduMAO_CzWT13WRGr6_FwspMZ9zN396HB97r8gxF49hu27etgIVBoPWJPivqA06b6-aRyoOuOuG3Jv2QAnvD7xa9BNWXf9rCsuH0jjmB_oAOivNaZU2zDsZ8flmqJU86Gs&__tn__=-R,2020-03-27 12:31:26,,"{'Total': '366', 'Like': '266', 'Love': '99', 'Angry': '1'}","{'Rose Buccat': {'text': 'Thank you Insular Life.', 'post_date': '1585313166'}, 'Cynthia Briton': {'image': 'https://external.fmnl5-1.fna.fbcdn.net/safe_image.php?d=AQDJXyrMuH8godyF&w=396&h=396&url=https%3A%2F%2Fmedia2.giphy.com%2Fmedia%2FYle9Yz9izeVRyiwavn%2Fgiphy.gif%3Fcid%3D120c014715a4a4ca21d5eb6a88cdd3ecf668b99d8a15e178%26rid%3Dgiphy.gif&ext=jpg&_nc_eui2=AeEMPDv6P2EjLZ3k2aUOAwtynJH7YBmvR1-ckftgGa9HX8tVKm9mlCWz2mTM4W3zXlky2tcsBuT0gfA4spAelP7P&_nc_hash=AQAabdy22AL_hJpc', 'post_date': '1585434663'}}",32
InsularLifePH,"The best way to protect yourself, your family, and the frontliners in this fight against COVID-19 is to stay at home. As we all adjust to this new reality, we have extended further the grace period for premium payments to 90 days. If you need anything from InLife involving your policy, you may get in touch with us through the InLife Customer Portal bit.ly/inlife-cp",https://web.facebook.com//InsularLifePH/photos/a.2817118608324709/2833294846707085/?type=3&__xts__%5B0%5D=68.ARBtP7iVMQN6OtWeCTpaxoeOLOmk7ktpOEkiEcUOG6orvyCs8MJwlHoeHRHQ_jvRQo7jKz2I8MLdCCoiI6t7SQj-JCw7jAOnjnzxXo1aNdFEWe7cs1ZNxVTGos-bf6q-gD_BqOfMJg0TFBaMTtpI9t2Zf6uoAwEQg-3hDTIH4VR12g6ulDYP4ZzXRjyZK0FFxgKGTAvhvm_6cI9laxv7jwQ5N2iKC7PUoaeHsdTaAPhpgQikotFgYUVMiIEuy-LNazwpP1asUQMq_VOPkkFvm-SF_AZNGrivktKTrzPyXrqyckZ1TJqVvOUlGO2ZwEKTkUh-gRjAK5gX_wNvidaAC8EMig&__tn__=-R,2020-03-27 09:16:24,https://scontent.fmnl5-1.fna.fbcdn.net/v/t1.0-9/s1080x2048/91054461_2833294853373751_4463115235573628928_o.jpg?_nc_cat=111&_nc_sid=0be424&_nc_eui2=AeHIjF0wbcVZ7CDt87USBfaL2nrIWX5uaTHaeshZfm5pMVfGFqg47wbH4w9KgHLOj6VzCeQqBZLw83Zs6l6nSDU-&_nc_ohc=tyEAL_Xe6SUAX8yJ8dg&_nc_ht=scontent.fmnl5-1.fna&_nc_tp=7&oh=79096e533ef621d12c746f17bbf349cb&oe=5EB28732,"{'Total': '237', 'Like': '183', 'Love': '51', 'Wow': '3'}","{'Alvin Majarais': {'text': '90 days', 'post_date': '1585309965'}, 'Vida Baraoidan': {'text': 'Thanks!', 'post_date': '1585371579'}}",183
InsularLifePH,"During this time of uncertainty, you can count on our unwavering support. InLife financial advisors are ready to talk to you to provide meaningful help and peace of mind when it comes to protecting your family and your finances. Just send us a message and we will be in touch! #ALifetimeForGood",https://web.facebook.com//InsularLifePH/photos/a.202621819774414/2832561990113704/?type=3&__xts__%5B0%5D=68.ARAlyBYsnWAUn2BPxxb2799oCxvJq5PqHutsxdAipBB0aFsOjs9Wk9vS5A58FUqGUY1I9wsGmefNqSt8c3frgBcnetb2jZJXlQe_aRnTSfQv92NEGC84YME9RpJvQ9LE8IPgqWzQwn-UZQm-bs2uScHqTboFRB1kT6Jui0UPzA9UQlnWNS1g_kZl2EVl9iXZyKvSS8wyr2FrSg8c9cE93zvtv_tBhpyxRnW0HorstAW44nXGbCEnjlIr3Hy9NvvIKIKzn0bWht7p5oMx0kyRdz2NpI2V6fA7TWA0KK1BLpSeeha2SW3a_qFatkl1C0Ul5IKpaNygnGZgBp1GeZU5lq8sHA&__tn__=-R,2020-03-27 05:00:00,https://scontent.fmnl5-1.fna.fbcdn.net/v/t1.0-9/s1080x2048/90874973_2832561993447037_1747980405899788288_o.jpg?_nc_cat=109&_nc_sid=8024bb&_nc_eui2=AeHEPsBLWuku6A91KQNgcCPFVMog1ZT4Tu9UyiDVlPhO7_7cssNXvcuztATv3mW2qi1-Dvqo3Bn5-Sm6xJXMMoaF&_nc_ohc=tab05axQaB8AX8i4Nq2&_nc_ht=scontent.fmnl5-1.fna&_nc_tp=7&oh=59e4d50798e7b266ef5dcd06e6220957&oe=5EB25587,"{'Total': '98', 'Like': '77', 'Love': '20', 'Haha': '1'}","{'Marichu Choi': {'text': 'üòç', 'post_date': '1585382965'}}",110
InsularLifePH,"See those stars? Explore them and see how they shine for you. This galaxy is a sign that the future is going to be as bright, no matter how difficult things may be right now.  #ALifetimeForGood #SolidFuture",https://web.facebook.com//InsularLifePH/photos/a.202621819774414/2794283457274891/?type=3&__xts__%5B0%5D=68.ARBZRxh_0kPPwlkDsDZPEXU6_SXyVMcsXmCNaVRctbs8rqUfTKHcgCG02S2gv6NDjU1-qW71Sq0L7VLXquJkKBDUzTHAjNoSSQ3_aERtxQqGdcmZ7tkwqoYVI9n0qU_iiB9Ye9RKIASeAjIwMOZCrkaSna1AyFfvDYzt4qfZ9QacSEeZgRRiY2cnhYFKdEvs6urcnSe-vnWPlRHx0DgFqFs9jCU4DDMD5EgEH9loIGU0Nns5-o_zEkA-xsMGw0PQJPxpb1HhG2jNazUM6Ajc9oxDDT13QyldOwui2WMQvqdld7W0Y5eMYdtZta_qH7wjEqcQh4KTqyw7jvokNECYlZgtFg&__tn__=-R,2020-03-27 00:00:13,https://scontent.fmnl5-1.fna.fbcdn.net/v/t1.0-9/89549266_2794283463941557_7241906668894683136_o.jpg?_nc_cat=104&_nc_sid=8024bb&_nc_eui2=AeGzLdsWtvxoLm__omKovgts-l7V0KjJUqD6XtXQqMlSoGiBmfbzy42pYw_d53TJllkPoBLUnvuIq_-dJlLp04-S&_nc_ohc=0bbd8vHy4boAX8EOyLC&_nc_ht=scontent.fmnl5-1.fna&oh=6f6b29300f860e00eeec54f3b4bb6c1e&oe=5EB03545,"{'Total': '51', 'Like': '39', 'Love': '12'}",{},22
InsularLifePH,"Having a journal is not only a way to immortalize moments, but also a great reference for storytelling time with your children and grandchildren. Someday, they'lll ask about what happened during the pandemic‚Äîand by that time, if memories start to slip, this will come in handy. #ALifetimeForGood",https://web.facebook.com//InsularLifePH/videos/524051731606796/?__xts__%5B0%5D=68.ARC3m0i-H4JyQMzsZrgYzdmvC_w_CRqt5x2Ms_6gfQ60E6fpUgC5Bd1PqTTDv3rmcm5JgSC6kpqwviaespUYDkDbbeSyZAd95IDF6anr4fyo-7YHg5Z_HNbwWm7zWRlB9OlZT1zUvD2_xCGBbgt_FlAJKPrp6LPiT-f1ziFZF8YENQ2ez0nHftavyt3qFDq6Z7YU0j1ea02BnNYKj66VKLmYJ1982hoK4d62kySHgDz86-vrrMMStTtWsnyPg23y_Yhvi3GtPlm_8X6jH3gkT2FGWNbyJFeBeRjYXJbW1r-o8OWEzDOl3DCJwQnutgPbdQidF64gcO9ZZ3ZgigRCPovD6Ut77SA5RMg0KA&__tn__=-R,2020-03-26 00:00:01,,"{'Total': '47', 'Like': '40', 'Love': '7'}",{},26
InsularLifePH,"There is some silver lining to this dark COVID cloud and that's being able to spend time with family, strengthening bonds, and deepening relationships. Today, #InLifeSheroes through #SheShares brings you some tips to make the most of family time 80s style! https://www.inlifesheroes.com/‚Ä¶/activities-for-kids-that-do‚Ä¶",https://web.facebook.com//InsularLifePH/posts/2829052567131313?__xts__%5B0%5D=68.ARCJ1AvN19lSuw0A7RC1b0vm1jIjMvAzVSqHIR95OwHFIGpRzG0-neOUUZPmJqkEGw4PZU1iP56aCBG-31x4uQq_cSzcBr0_u4F5mwQBq28TMA0P5ePfFtJ10iuasbDlCSJ8UmB6w02sCMYuQeD91nLa200qPB5-XcqUxM4pR74GZT6YSTGuG-C5rdw4Be0X5PTAWwt9UB7E54mWMyXD5nk2cmNDwBlRMFAUl0vGvF0cFXzNi4uGmSZy8XgnJGtpRwYhlSafPpadMeSOa7ORzdGTu3QAkjkvwVIA_cy-VwliPuWm_mMPQHooGyShBtHXOHwrY_k_FK-t8YY4Qz8Q-lIimA&__tn__=-R,2020-03-25 12:08:21,https://external.fmnl5-1.fna.fbcdn.net/safe_image.php?d=AQBBajbNbHt-4IjI&w=540&h=282&url=https%3A%2F%2Finsular-sheroes.s3.ap-southeast-1.amazonaws.com%2Fproduction%2Fuploads%2Farticle%2F66Dhrqh2jiFCvbw7EJDerN37%3Fresponse-content-disposition%3Dinline%253B%2520filename%253D%2522mama%2520activities.jpg%2522%253B%2520filename%252A%253DUTF-8%2527%2527mama%252520activities.jpg%26response-content-type%3Dimage%252Fjpeg%26X-Amz-Algorithm%3DAWS4-HMAC-SHA256%26X-Amz-Credential%3DAKIAJRYEOUFG5LAMSKMQ%252F20200325%252Fap-southeast-1%252Fs3%252Faws4_request%26X-Amz-Date%3D20200325T120814Z%26X-Amz-Expires%3D300%26X-Amz-SignedHeaders%3Dhost%26X-Amz-Signature%3Db025a33595eafc17ef1dac03f5b153e8a2d15f9cc198b3346400694c827ba2a4&cfs=1&upscale=1&fallback=news_d_placeholder_publisher&_nc_eui2=AeHAQxirU6eSXqDJxJdCHyLwM9bNDsDFqDsz1s0OwMWoO0fztOCyHqJG_bn7G2JD_qr-dbz0xOJzPZAQ26d-R_iI&_nc_hash=AQBPkO0vOqpgBhFI,"{'Total': '78', 'Like': '69', 'Love': '9'}","{'Monching Rita': {'text': 'Insular Life Bakit hindi na ma open ang customer portal nyo. May problema po ba?', 'post_date': '1585282516'}}",49
InsularLifePH,Keep making memories that last a lifetime even while you're at home! Spending all this time with your kids might make you wonder a lot more about what what the world is going to be like and what their lives are going to be like many years from now. Have peace of mind when you know they'll be fine when you secure their future with a plan. Send us a message and let's preapre for it together  https://www.insularlife.com.ph/contact-us #ALifetimeForGood,https://web.facebook.com//InsularLifePH/videos/566917253950238/?__xts__%5B0%5D=68.ARBw8RbANC25WY4kgDdB0vMSDe9LxxpnzkylTupU5QDFjTHV7bn6badcOzIZxXPFQ4Tg4g2xbpaKNejSXhMHtVJE-l-y_qFg7WnsJh1_SKXUCvzwwqzbSZcbjLaQkUx4yTxFBhOX0pxHEE8UGqDsaxbC0QQoTpMGI7lA5-eYML8-ixW5RdJVb9h77DtpqdiKaueGnEhSrjA5XCuMc48JIYtPHoKHM8pBY7v7zmfIk9utf6unaY8bzoh8MAtD_iqSPf8A4VGklCuGmEV8Bw0CUbSwkp549jTGv7PSLXje7iS4r51saFV5ky28gu9hiPTH61aX7JXACrx7WUlEWB9upZWSyUIVytfFGR3GcA&__tn__=-R,2020-03-25 00:00:01,,"{'Total': '49', 'Like': '44', 'Love': '5'}",{},55
InsularLifePH,"The Insular Foundation, one of the first corporate foundations in the Philippines, has raised over P2M for our healthcare workers in the past 2 days through InLife employees, financial advisors, policyholders, and their close family & friends. Now, we are calling on the public for donations to purchase in bulk Personal Protective Equipment (PPE) for healthcare providers and first responders dealing with those impacted by the pandemic. Any amount you give will be matched 1:1, ...peso-for-peso, by the Foundation. You may send your donations through: ‚Ä¢ BPI - Account Name: Insular Foundation, Account No: 8841-0005-61 ‚Ä¢ Paypal - paypal.me/InsularFoundation and e-mail a screenshot of your confirmed transaction to info.foundation@insular.com.ph for an Official Receipt to be issued. Each of us doing a little bit really adds up and together, working as a community, we can overcome this health crisis. #EmpowermentForALifetime",https://web.facebook.com//InsularLifePH/photos/a.670611212975470/2826831894020047/?type=3&__xts__%5B0%5D=68.ARCGKZqBFYDU3GyRKcIkYRLe4OX0iuZOcJRE3A3zc3yjRgmPjBToxoPcS-0rs9GB5OM_Lip99BFDt1KuX2n6hX7bOinpMUe9pJyk6RKHk4-3GFfMcOO7i2M4MHL0I8jMgTOgBnCoxM_GiiS18xop0r5l4zV4fiD95XOvB1R48Sk2_cdhISsCKXPMLXo70ACw_UaiQvOqegrFjB1dUY5iHnqUmPiDy5z24nWj12K4PtQpw5Kw72lIYmQGk55mDdGBFK_Fx0nNqHwli9ST6bPAx0hg0VdYReh6rb_Dpu_B0JUZBeEYNm2ZrdD-Y3K8aI_q7ILLIhR8ILSyfyv2Bp5MVdDXLg&__tn__=-R,2020-03-24 12:37:29,https://scontent.fmnl5-1.fna.fbcdn.net/v/t1.0-9/90752575_2826831897353380_3965873716230881280_n.jpg?_nc_cat=108&_nc_sid=110474&_nc_eui2=AeGNxYk4LAX0i2LoEcSJt4r-lPEHUKSR_0uU8QdQpJH_S7H5aFNMnEs0fxAC9SqXxFh91O0HNcfrp5TNRUqOHpvI&_nc_ohc=LFFnATO-GogAX85pt4E&_nc_ht=scontent.fmnl5-1.fna&oh=15755ea09c0d67a3bb0f2accb1cba011&oe=5EB2A1BB,"{'Total': '275', 'Like': '202', 'Love': '71', 'Wow': '2'}","{'Anna Rey Ricaborda': {'text': 'done!', 'post_date': '1585055610'}}",274
InsularLifePH,"With gyms closed and the outdoors off limits, #InLifeSheroes got in touch with an expert to give us the lowdown on how to get fit with no equipment and with limited space. Because being at home shouldn‚Äôt be the reason for a Shero to stop being super. Learn each exercise and get some pro tips here: https://www.inlifesheroes.com/articles/the-sheroes-workout",https://web.facebook.com//InsularLifePH/photos/a.670611212975470/2824482274255009/?type=3&__xts__%5B0%5D=68.ARDXkUL5BTGpGeTSW1NzbJN5KboqN-I3_ykquxPFezhfySxOU3M0XcB4nzASsW6fmg8T8xCyJsLW9hOedY09VAYfeu1DAVeb1SBKqLFsoEOkGXlypWlhyBCZ527OgnLEgMy3IWOPJlsGSYgy1_pkfVp34ubnFFLM0HcCvNQsPGBsBmGboW0X-WLKaH4FHIpNYjIRV_hTwqBnV4PNEi6ngLgLcA0N5OkjKLYAriZbrA1iO-E4sCL9ArjTihejhiE0gBkD9wC3nS3BMT9Dx1BjPaPZgna1OJjNcDAObulNn-ER6-Fh6dyrlrCWo5hclehdq7cN89VxTP3j2jxzqJLG1ZpGoQ&__tn__=-R,2020-03-23 11:54:46,https://scontent.fmnl5-1.fna.fbcdn.net/v/t1.0-9/90204082_2824482277588342_4991275829343289344_n.jpg?_nc_cat=103&_nc_sid=110474&_nc_eui2=AeHU8GUysQxug7eWLcicMlotGvpHDgodk5sa-kcOCh2Tm22nixVxJtKmKwXAP1wODab118IqFZN6BWHgXw_sfe6K&_nc_ohc=QRn_ybcbXzoAX98pju9&_nc_ht=scontent.fmnl5-1.fna&oh=51950dc96a509e995a07a5aa24017d7f&oe=5EB3A3BE,"{'Total': '122', 'Like': '97', 'Love': '25'}",{},78
InsularLifePH,"Being tested for the coronavirus and staying in the hospital can have significant financial consequences. Check your InLife policy if you have the I-Heal plan, a Lazada Premium Protect plan, or any individual life insurance plan with a hospitalization benefit (rider) attached to it. If you do, you may claim a daily hospitalization allowance if confinement is due to COVID-19 - based on your policy‚Äôs contract provisions. We want to help you focus on your recovery and relieve your loved ones of any more worry.",https://web.facebook.com//InsularLifePH/photos/a.202621819774414/2819504538086116/?type=3&__xts__%5B0%5D=68.ARCyag4osJdu1KpsAY0hqRrBROY09LZghnMwF4VCU4HYunlampVe4V9d3DtFoeprEp9VEIFeDJASYd09pxlzvnl1bJzYf8a5lx2mdm4WUW4LWhsVr0s69Cc7hT50lxluPiGjB5iZC8hHDdT9V-p_X8XP6zR1BPFdBi8MCOHXX2clfAJqTPMeLN6vezVkcYw-p6wg4OphIhtsKTvVjPyru09e-tFKSsMbNnZoGt0HXxzptWqZCYnXA7uzGQJrTh2hsU3AkrYETNtKJL71WQu04A4sU7GzxLq4Luu6gPcfoH-iFi3DoqMhUn9yvunJFvEF9Y6XsTzp5eA3v9xlSKUYGzE0sQ&__tn__=-R,2020-03-23 05:00:00,https://scontent.fmnl5-1.fna.fbcdn.net/v/t1.0-9/s1080x2048/90066628_2819504541419449_7639034124065308672_o.jpg?_nc_cat=101&_nc_sid=8024bb&_nc_eui2=AeEPXh_qGH_qGm0HZzpa01i-pGifiuZcO_akaJ-K5lw79hbtMblGcypcrOBcrdodV_CuI6k-rZA8i7c0Y181sUQ3&_nc_ohc=SPEscZqar_oAX97FeOT&_nc_ht=scontent.fmnl5-1.fna&_nc_tp=7&oh=7020d6a5c4c8832bf1d5c7608f562684&oe=5EB0279F,"{'Total': '67', 'Like': '56', 'Love': '11'}",{},54
InsularLifePH,"No matter what age you are, never take your health for granted. It's in times like these that we realize its importance. Start making it a priority today because losing it could really impact your finances. Talk to us and we'll help you come up with ways to better safeguard it. #ALifetimeForGood",https://web.facebook.com//InsularLifePH/photos/a.202621819774414/2823809664322270/?type=3&__xts__%5B0%5D=68.ARA1lFZg9Y1KwFMYQEg5D1Na8ahQjSqYVDoAE3a8nq3BCXBnghqfSnYfAXesAsplRIDFXX4avsOXJnmjD_PAwihRp7VmmxManuXXGplOi3vvpETC1QLXlehCQkerLNM0FiGGwl6ShfFFBZhirHbTSZa4WnXXR0jnCNGXr23q7c7N07VIkWStxTQRK0RJniiTUQBSF8cAEiYJbLPgbjocY7SWwNfxL11aotwh3ttU490fjX4Zurt-y01aHj5MDFpYp0Q0zF29VwcnWFnMdjpw7C9YhuIUdL593hoj3cZZelvm2yL89Wb01MAgf-3BhFuVlt9skblQaE1axpLeSksIsopuFg&__tn__=-R,2020-03-23 03:22:48,https://scontent.fmnl5-1.fna.fbcdn.net/v/t1.0-9/s1080x2048/90351273_2823809667655603_2639698874490421248_o.jpg?_nc_cat=102&_nc_sid=8024bb&_nc_eui2=AeGubjQmTR659iJlzYW3k0C1r0Vt6QRcyAavRW3pBFzIBrPJNe94BvtG4WimdtlWYlWle5231RIRSVqqDbXw26fL&_nc_ohc=7sGa46KC3aUAX93UMrD&_nc_ht=scontent.fmnl5-1.fna&_nc_tp=7&oh=28818f9cd6f6c57720245110e9cdddb2&oe=5EB1FE41,"{'Total': '93', 'Like': '81', 'Love': '12'}","{'Jie R. Martinez': {'text': 'Indeed true....', 'post_date': '1584934740'}, 'Sheryl Anne Lau Monteverde': {'text': 'Kung matapos itong quarantine sa tinakdang panahon, either ripped ka na or lalong chubby hahahuhu. Stay healthy people!', 'post_date': '1584942027'}, 'Marichu Choi': {'text': 'THANK YOU üòç InLife', 'post_date': '1584939131'}, 'Frankie Sts': {'text': 'üíØ', 'post_date': '1584939324'}}",72
InsularLifePH,We stand among Filipino companies dedicated to serve and support our Filipino brothers and sisters during this most trying time.   https://business.inquirer.net/‚Ä¶/big-business-steps-up-to-th‚Ä¶ #COVID19PH,https://web.facebook.com//InsularLifePH/posts/2823700394333197?__xts__%5B0%5D=68.ARBwWEESfspw0YgDEgtts6ks71rMZzpHX1ixJlOrRAF8Yr8G0ub3ZNAPVtf_gCLjAq7orD5g2Hodxad533-qbPclBznIzLLptqGg-yABywRYwEh2DY_tyyiUczgPLeViTIxbXxhRCyO2Bo8zV2JDEAYBnaHc2d543bR2xA7UFhglyOk-f1f6TYSzDJWZBXH3_GM5FzOymS_DitFxMh9pcwquqB4EYB7m1tGKDsK4OXVj8mYoSnlee1TlPmr4XhFcdwn9jJSq3JSgqwD5BQaPXO5r50G6Vw25PNLzSF5gFnq_DhUc7kNN9OxIWiI0P73Xm06p3SGDX-5RaW9yZX2hWhnhlQ&__tn__=-R,2020-03-23 02:00:46,https://external.fmnl5-1.fna.fbcdn.net/safe_image.php?d=AQBs6aVZ4JSqT520&w=540&h=282&url=https%3A%2F%2Fbusiness.inquirer.net%2Ffiles%2F2020%2F02%2FNews18438-620x405.jpg&cfs=1&upscale=1&fallback=news_d_placeholder_publisher&_nc_eui2=AeHaj24jpWHjy8os1QZ6EN700YhjhZdOCD7RiGOFl04IPus0qFnK6tAvf52KfXnN5JaIge52xWofFOhuLvgN7ucT&_nc_hash=AQBf7i_8CAgzbkVT,"{'Total': '85', 'Like': '64', 'Love': '20', 'Sad': '1'}",{},51
InsularLifePH,"In these unprecedented and uncertain times, we want you to know that InLife has your back. With the life insurance benefit, you can be sure that your beneficiaries will be taken care of if the unfortunate happens as a result of the coronavirus pandemic.  (Accident-only policies not included)",https://web.facebook.com//InsularLifePH/photos/a.202621819774414/2819610498075520/?type=3&__xts__%5B0%5D=68.ARCBjjJ3cQaE6dTczCWkhS_OIrufk_Eqdi6ad2ctjNS33p4V4dDpCpZS12A1UgM-KHFwuAvpDPsVukBGE8EqO7qhDhOoQGjoB-BCyjIYEwXtKD5O3tAiDr6nWXTbrw3oTkWko75ZbFznRmc_MFGjiWeqcHBq4VFmU1l3w_nXFxbkZMVEm1vG0gCB7FHAjg1yzn3KxxuKEysVyIKOcec6LPUcSlDvy7WWuae0gnmU4t_JGGypB6EJCUQp9V8-3oXQfP0hqxCn4QEdDf65jxm4RNTUzKnxt4mOSozkurlEo919RuZZ3ZuoQlv8tIOGL_eEzJSs5a_2kx8n4qG86FM5cJ4W-Q&__tn__=-R,2020-03-22 05:00:00,https://scontent.fmnl5-1.fna.fbcdn.net/v/t1.0-9/s1080x2048/90514315_2819610501408853_426541989668847616_o.jpg?_nc_cat=102&_nc_sid=8024bb&_nc_eui2=AeGrBPyJg1lGFzLCaoT38X1bfaD5A3xWBjN9oPkDfFYGM8LyTxVXUzKaQ4O_5vvI53DleC8PDGv13PBbEZMJquXl&_nc_ohc=YL6MRlkWJGMAX9nii3D&_nc_ht=scontent.fmnl5-1.fna&_nc_tp=7&oh=bbb867266664f8836b122b0a3bab2b9d&oe=5EB0F19B,"{'Total': '156', 'Like': '123', 'Love': '31', 'Wow': '2'}","{'Maria Eloisa Pedro': {'text': 'Thank you! ‚ù§', 'post_date': '1584856474'}, 'Jerome Del Rosario Bendoy': {'text': 'Also a wealth insurance policy holder ?', 'post_date': '1584932079'}}",183
InsularLifePH,It‚Äôs not going to be easy but together we can overcome adversity. Look ahead and focus on #ALifetimeForGood üõ£Ô∏è,https://web.facebook.com//InsularLifePH/videos/2322242464740614/?__xts__%5B0%5D=68.ARCRGMtRBzAblSKu32RGPN3DU4uEUtP6Z5pKUf05biMKmPzk-WbdoIxZTZkmF75amOAiBm2bs4wvHCUtIn--TqUlwY1k_mEk7vh98z0Xe5ObycP8NdVtlJzI1jlMZqy4ALyLQOP9IC7MZvaCohew2WDjahlFjd-jlP2p_kXZCroWOafDX8qW3peFF_nT3XKODXCKh3Nns50cTfCtSXpVuRQBH7RjuH1IayXKkVsRtsKHkCDDQJod0XXvO-UY32caa56FBH2VSctdC3D_-C8AoY17HCxYOJM11dPlIDXcBImyKpo-JBPnaAwb6qWYWdEaUYw86gqb4X-0BvojG8dJbhokiu11acInPPkvQQ&__tn__=-R,2020-03-22 00:00:01,,"{'Total': '94', 'Like': '81', 'Love': '13'}",{},77
InsularLifePH,"Most of us have encountered unexpected expenses because of this public health emergency. We understand completely and that‚Äôs why we‚Äôve extended the grace period for premium payments that fall due on March 11 to April 30, 2020 to two months. We want to make sure that you and your loved ones stay protected without any interruption and continue to look forward to #ALifetimeForGood",https://web.facebook.com//InsularLifePH/photos/a.670611212975470/2819400824763154/?type=3&__xts__%5B0%5D=68.ARDpHfRauESuUOI4G6DGK9n4pINUsXWhZt4R8NGr_25uV790Km1M0oTdbYeZTRKTjcsM5b7mDhGLWl_RPAA3vPLMmkh0RBCaAft1zDWHI3Dn44YEYY-M8EknPvyFQvuc0MSR0dCrZwpIYbkfeqtzDjadDqSRZeI5M2TUVAPSt7um_2alFAGDp_FamJtwZ_9nkKUbnbaiBbTOH9gcZYNqOwln782qb6tHf9NLN69V4Ob0pY41NJ-HKhR18GkoC0RNjTyX4gVnCmMOuWbhstRc3v4ci3wrEC5-iT0H3tnLMsMm5UEtDmfh0tU0tRW0bTjCrjoAw52oSCCRUFzMlEPadNuiRw&__tn__=-R,2020-03-21 05:16:40,https://scontent.fmnl5-1.fna.fbcdn.net/v/t1.0-9/90116958_2819400828096487_8759024933297717248_n.jpg?_nc_cat=107&_nc_sid=110474&_nc_eui2=AeH1auww62YlNSFhtddDssGpbwbE9Xl2BFZvBsT1eXYEVieobd1SU8sRdTeBo_mHy85K5rJMybJIuvQoBieTSsf1&_nc_ohc=BQyW1Nqb1IMAX8o00Xk&_nc_ht=scontent.fmnl5-1.fna&oh=63ca7e56f7021b41d75272fdca57aa02&oe=5EB0E46A,"{'Total': '167', 'Like': '127', 'Love': '37', 'Wow': '2'}","{'Lisa Tan': {'text': 'Parang lumabo ata. Meaning due paymnts from march 11 to april 30 wl b gvn 2 months grace period? So if April 30, meaning til june 30? Kc i thought from march 11 maging april 30 ang due dateüòä', 'post_date': '1584779769'}, 'Kin S. Roz': {'text': 'What after the grace period? Does client pay two months in one time?', 'post_date': '1584776950'}, 'Thessa Soledad Palencia': {'text': 'Thank you ‚ù§Ô∏è', 'post_date': '1584770084'}, 'Aurora Moulic': {'text': 'Thank you', 'post_date': '1584773824'}, 'Lenny Abalos': {'text': 'Thank you', 'post_date': '1584770348'}, 'Bebe Heidz A': {'text': 'Good afternoon, i am having difficulty on paying my premium thru metrobank direct. Policy number is rejected as acct#. I don‚Äôt have billing received for my feb28 due. My grace period will end by march30.', 'post_date': '1584936436'}, 'Luz Remedios Gozun': {'text': 'Manager winthel Carreon tan basahin MO sya tnx', 'post_date': '1584768382'}, 'Faye Reyes': {'text': 'Ronel Llanes yeyyyy', 'post_date': '1584815122'}}",122
InsularLifePH,"During this global health crisis, we recognize the important role we play in helping Filipinos manage and recover from the effects of the Coronavirus. While the company is on work suspension, our employees continue to receive their full salaries and our clients are still being served via alternative work arrangements. We will always prioritize the safety and welfare of our employees, at the same time, we will not stop doing good by our countrymen especially at a time when they need protection the most.  #ALifetimeForGood üáµüá≠ https://www.insularlife.com.ph/‚Ä¶/insular-life-extends-premi‚Ä¶",https://web.facebook.com//InsularLifePH/posts/2819108848125685?__xts__%5B0%5D=68.ARDCEqDzTresmdXbdQd7xXTqwbUBuuWcVSRsOR7LYAZvaY-98M1GIllq9WuA20F0Sil19PfS-JbJd4Btgf38BUAiR33ck1F_7AqCx4_0S_Imws58_HHgr0H_WIFEqZuC_w9WN2v-_mepOnLosG5LQVKbLpQLbXSuYcWlLwWXrbo9i9Vht3vS6Y7eaJdaavxPZDL8inN9tEDl1veQorg2tcozX-bhCzieJU1xy_u0s4M3v7q1RK56nSv2nAFChTzth1P-eIwlcC5btUT4kkDXrIqlRpv_N5LQ1yPb-0a5UiVOGNe_LnYBl3Az7Nmx50OqzvZDhWI60AErEi5sfD2e6KedyA&__tn__=-R,2020-03-21 01:59:43,https://external.fmnl5-1.fna.fbcdn.net/safe_image.php?d=AQB3f9JaSHY-JzVh&w=540&h=282&url=https%3A%2F%2Finsular-life.s3.ap-southeast-1.amazonaws.com%2Fuploads%2F5882005b-9742-4462-847a-a71f8639f949%2F23AD38AD-6BA2-418B-A434-1A3EA7123BD3.jpeg&cfs=1&upscale=1&fallback=news_d_placeholder_publisher&_nc_eui2=AeHNT0eolqNS-DBOOOmd58oo8pyAoH_W6CjynICgf9boKDhBwezRCoJJW6WC_qhbunKs1QjmweT6Zrol3aqWXU71&_nc_hash=AQDaYki3o3yEepqa,"{'Total': '212', 'Like': '152', 'Love': '58', 'Wow': '2'}","{'Rose Buccat': {'text': 'Thank you Insular Life for your love and concern for your Policyholders and employees. God bless us all.', 'post_date': '1584843338'}, 'Gina Bartilet': {'text': 'Thanks po', 'post_date': '1584770440'}}",207
InsularLifePH,"Pay your premiums the way you pay your other bills - online and hassle-free! Register and log-in to the InLife Customer Portal today: bit.ly/inlife-cp  We've extended the grace period on premium payments due from March 11 to April 30, 2020 to 60 days to make sure you and your loved ones continue to be protected and look forward to #ALifetimeForGood during this public health pandemic.",https://web.facebook.com//InsularLifePH/photos/a.202621819774414/2817950971574806/?type=3&__xts__%5B0%5D=68.ARCICtEQLLRIvAFwjBmGeo8CeQidmCw-NevxHj8asG_9sGSXmHHVqMJgyGGEHdYz03O3kVBvfWaywpw9RecGQYzsYaJYqzDcs314eZJoQiM9bT5WjQqmdoFk9xfu1oYU-WzZehhMErDfutoiTlHYSLLkeSkSiw0_z-o0xwuPcKWXAb3-d5yAYuX_A5gU3v4Hyj8a3r6oMc1K7iGttwnTYxda8KB5hNlb_tqwTi1TOYfo7WwMzf0BFaajzDdRT_xH11AZBG2T8mDiSA1jnmlGwU9dhJJcNOZVsDUAW7975R-6DbJOUWldo14zxoa59-g4QVNBVK9M5P7s0eMHCrzJpaFNAg&__tn__=-R,2020-03-21 00:00:24,https://scontent.fmnl5-1.fna.fbcdn.net/v/t1.0-9/s1080x2048/90428826_2817950978241472_7176290473533767680_o.jpg?_nc_cat=103&_nc_sid=8024bb&_nc_eui2=AeHzoBi7VW8l7KOp3S_QkSrYzBNiQNijMSbME2JA2KMxJi0kgdbv2zt7qNvVwYxzVd3zJnSmC25d4PLNCTeg81W8&_nc_ohc=GJKErc8BYA0AX8uynKq&_nc_ht=scontent.fmnl5-1.fna&_nc_tp=7&oh=8bd52a57d178b7336cd41134e69570a9&oe=5EB154A9,"{'Total': '35', 'Like': '30', 'Love': '5'}",{},52
InsularLifePH,"Not your typical Friday night, huh? If you're thinking of things to do while being stuck at home, here are some #Maperaan ideas from InLife Wealth University.",https://web.facebook.com//InsularLifePH/posts/2817759328260637?__xts__%5B0%5D=68.ARDvwV9sbHBJrJ8vjxPkIHN8Pf7c-2m2WavPbOj7IfaiA0fwDc6d7_HYUK73lS2FjDA7pzOTvHO5pM6SYadKsfyZ_S7n-EHziWKHI1ttkIGV7qy54cSzo8h9PYnM_2MhzyYDlMmxYB0TWcHVXMLkxmUseoMPh2Z6h6Q1ZSjkt-5qezwtN3W8LCJyO7pka-ZfjaJqG4d2lrLasPoRqe-vKVNzTJ5fw4Z4Cp8Wqns8eomxT-Z1M-ho6xYKGUvom_1-_l8mHBsNWVllNKzJCkn-rG_Ae0D8RZFIg9NLUPEquTEsAB3qYT_huHsc7a1SAK1TlBfLXOnxK65l4HaiRPApW9OcmA&__tn__=-R,2020-03-20 13:29:29,https://external.fmnl5-1.fna.fbcdn.net/safe_image.php?d=AQBNrSHNdguqZuFp&w=540&h=282&url=https%3A%2F%2Fi.ytimg.com%2Fvi%2FbjzxPuFM4P0%2Fmaxresdefault.jpg&cfs=1&upscale=1&fallback=news_d_placeholder_publisher&_nc_eui2=AeFX16gBEk-8q67VDanUNlsoSLGq9cD6nyJIsar1wPqfIpdmyBXH_CTuRXHfUiZCJVgQ7MY9NJZvz5D_gGK9qdQS&_nc_hash=AQCoU4WZGohC3R1K,"{'Total': '72', 'Like': '66', 'Love': '6'}",{},41
InsularLifePH,"As we navigate this unprecedented public health emergency, we are committed to reducing business disruption as much as we can because we know that thousands of Filipinos are counting on us. We are continuously monitoring the situation and we will take appropriate actions, as the situation unfolds. For now, let us remain vigilant, but calm and level-headed. Let us all stay healthy and observe conscientiously the health advisories from reliable sources. #COVID19  Full advisory here: http://bit.ly/inlife-ecq",https://web.facebook.com//InsularLifePH/photos/a.2817118608324709/2817125458324024/?type=3&__xts__%5B0%5D=68.ARCUou5dP5ZwXqfSkBZ8P6i9sf9hZP_eNIcZaAK8WTKEr1rk2yiz32NBXoK1kieziBpUVvePSjcASR9PMxLt_gkCZ3PW8tiaKaeYjHyTbOUKDm-xnkXMFYiRktc1K6V_voMmxRXeSi7lnKtjfXR0eY1nW_W4xu685PQhlt0YWrpZZiUjRooktL-amsJQKC39iG144mGJVFsCPDrD7PYMKqNwH3r5Ka2vYEiY4PkGokKIHfkEuC0iC5weEFVmGoR3Vb4_2wH93R0tBvUrEOILut0lKprVSrjUrqFXwYLsgQFQNHFS-nAXwcnteIt_FH0ubpaWaDoXGxtvE-s35ge6acDO4Q&__tn__=-R,2020-03-17 04:00:00,https://scontent.fmnl5-1.fna.fbcdn.net/v/t1.0-9/90018715_2817125461657357_6393497409271365632_o.jpg?_nc_cat=106&_nc_sid=e007fa&_nc_eui2=AeGFzJD7_BVuaayxrELddagtsGVf0nY5FrawZV_SdjkWtoEegc3SP14Z0rnrf1gHvLE_Ni4QYewK4OjZtObJ_X_n&_nc_ohc=SyY_CteJuMsAX_6GJsX&_nc_ht=scontent.fmnl5-1.fna&oh=432bee102a22a0ecc747b69c0f227614&oe=5EB399EA,"{'Total': '9', 'Like': '8', 'Love': '1'}",{},18
InsularLifePH,"Start designing, writing or crafting today! Polish your existing skillset and discover other talents during this community quarantine‚Äîyou'll thank yourself in the future, that's for sure #AchievementUnlocked #ALifetimeForGood",https://web.facebook.com//InsularLifePH/photos/a.670611212975470/2816539955049241/?type=3&__xts__%5B0%5D=68.ARD2LeWrxDIxqVy40JQpvGzIk8skKwqP5VIKFXOrlsSN9bFPhMi0CWwc-LbbDStCVSK4SkR3gpb-CG4pE4KgPTmcSoNOVTwsGpRQW_6YMwi-UdlVh_SkHojiLHnAbRzcG30AmRt1h7ZqJi7H5mF5C1CjBcnVImpsfXMvi2KMzVJGhEKcggHzgK7kVIMwLko5o29k4UXd8zWqpYjdb-2TIbFopEkE3VrcNMLd4bYkqSBqhIwKJIxV4aIjD_Dqfum0BHEKGQJgYYxcEDWVoylFspUjHD8QeLYQtaUMgJj4TBb4IRnsQ9pLg41QifFtn4mvy12VdRF6va-zOakLY_sjX4OSgg&__tn__=-R,2020-03-20 00:02:18,https://scontent.fmnl5-1.fna.fbcdn.net/v/t1.0-9/90333950_2816539958382574_6037085458087804928_n.jpg?_nc_cat=102&_nc_sid=110474&_nc_eui2=AeGTPj5aWTq3YP0t9L8ObH8TeTzlaOb9ccB5POVo5v1xwOzGHhG_w-OFEj6nw7uRjuTIvhGlg4Zmyo5SzW2F_UCR&_nc_ohc=Sa-VED4zwsQAX8rfRzx&_nc_ht=scontent.fmnl5-1.fna&oh=2f0f6de5c887ad6dddac5404c72bd6fe&oe=5EB33B09,"{'Total': '62', 'Like': '54', 'Love': '7', 'Wow': '1'}",{},28
InsularLifePH,"For all your troubles, always believe‚Äîas said in a song‚Äîthere will be an answer, just let it be. üòä Have peace of mind knowing that things will turn out fine when you are covered. Our financial advisors are ready to help (virtually, of course!), just send us a message.",https://web.facebook.com//InsularLifePH/videos/212294089879477/?__xts__%5B0%5D=68.ARDVjn4LekrigmoFlE4_G6tLquiFxARAqoem8LcDtP7XgHbVkfconunO3ms2apL7rtfA7_uRjP-BJ_ZH7nIWUpKvGviH3fWw_N8Syi7TzyaWvxVgx3VEox2DmI9U03DjrQouOMyFw_hBgBy38BYNvR5a4ePnBcZZXVzZbxmWnnud0tHK31QAkcdBzV4igCmUbe_nSjUkL4JyazAd4a7D4gTg4H-9G-PIBYCH1O5OjTs8pE-Mx0WJhJeKq3-3k-ZLQr7jQlTFza8j5KSx-A2Nsx-O4Aii8cQaVbOiSfYe97KXFo3zFnkz2CrOerzz2vRjPkh5pRwdt4qtAqAt-m7ZZr6wr7TjTVzrXfG7Qg&__tn__=-R,2020-03-19 09:41:54,,"{'Total': '68', 'Like': '60', 'Love': '8'}",{},54
InsularLifePH,"It's Day 2 of the Enhanced Community Quarantine. How are you holding up? Whether you‚Äôve grown restless at the lack of human interaction or you've claimed social distancing as your love language, there's no better time to boost your immune system than now. Share with us your own tips to get healthy in the comments below. #InLifeSheroes https://www.inlifesheroes.com/‚Ä¶/easy-ways-get-strong-health‚Ä¶",https://web.facebook.com//InsularLifePH/posts/2812612745441962?__xts__%5B0%5D=68.ARCPlDUxcwJAEnK27vLFQIamZYTOLZYQzceF37-W9PwrLdH0-3bexVyZHT9ayP4r6OfYIrcyt0DDGccMg7WHv99ugRgomE6K5A5kTEhG1emWFcZ___B1rrcsPUaVYOBgZnIThp4aiLvMZZl125vIL9OVXHllT8j7npjLCKlAiAzJeFynnA-ghjrk6xtzKU9ncI_VuXC6w87w4tPGLoeN6FNdTLL6mfdkecbAm3rC1Qfutu61hvd-CDOHBXrs3HZ7hksVas8pWXBEoSwRDy9L-lSS9esCa3-C0F2n29DUgjQyaewQK4dhB61vnTmrge5sF0GfresYrj8DLJL7marokBvBZQ&__tn__=-R,2020-03-18 08:12:50,https://external.fmnl5-1.fna.fbcdn.net/safe_image.php?d=AQCrYU2YY-Rx51Dl&w=540&h=282&url=https%3A%2F%2Finsular-sheroes.s3.ap-southeast-1.amazonaws.com%2Fproduction%2Fuploads%2Farticle%2FtL5QQL2YxiEUKqUh8NbvudGU%3Fresponse-content-disposition%3Dinline%253B%2520filename%253D%25220%2520ways%2520to%2520get%2520healthy%2520strong.jpg%2522%253B%2520filename%252A%253DUTF-8%2527%25270%252520ways%252520to%252520get%252520healthy%252520strong.jpg%26response-content-type%3Dimage%252Fjpeg%26X-Amz-Algorithm%3DAWS4-HMAC-SHA256%26X-Amz-Credential%3DAKIAJRYEOUFG5LAMSKMQ%252F20200318%252Fap-southeast-1%252Fs3%252Faws4_request%26X-Amz-Date%3D20200318T080732Z%26X-Amz-Expires%3D300%26X-Amz-SignedHeaders%3Dhost%26X-Amz-Signature%3D7050ac05557306790a9c879bb7949a3861277e6bd5e044ef8931b0ff10524cec&cfs=1&upscale=1&fallback=news_d_placeholder_publisher&_nc_eui2=AeH_SI_cJHAgntkmFibWvtHjmvvH_SlvGrya-8f9KW8avJX0K89DS-5Hga-NNKWku4JEyZwEwjtBesBkRVw8pFMU&_nc_hash=AQCnqVYe980fQNRf,"{'Total': '45', 'Like': '37', 'Love': '8'}","{'Johanna Tamondong': {'text': ""Sing and dance to your favorite (K-pop, lol) songs at least 15 minutes per day üòç and have a bottle of water with you while you're working at home! ‚ò∫Ô∏è"", 'post_date': '1584585859'}, 'Frankie Sts': {'text': 'Jump rope every morning!', 'post_date': '1584519626'}, 'Eydee Carganilla': {'text': 'Hello auto debit yung sa policy ko. Idebit ba sa due ko agad? Or di muna mag debit?', 'post_date': '1584583134'}, 'Dante Hipolito Guerrero': {'text': 'Wala bang pa postpone or extension sa pagbabayad ng premium ngayung nakaquarantine ang lahat', 'post_date': '1584681973'}, 'Mary Templonuevo Oquendo': {'text': 'üíö To boost our immune system, we replaced coffee with ginger tea (infused with lemon and honey)üçã. üíö Zumba/tiktok dance sesh! Hello 6M Filipino new Tiktok downloads in just 1 day! Haha! üòÇ', 'post_date': '1584521737'}}",33
InsularLifePH,"Can't wait for the day where you can finally say: ""Uuwi na po ako""? Let Dollar Solid Fund Builder take your dollars further so you can come home to them sooner, right when this is all over. Go to https://www.insularlife.com.ph/dollar-solid-fund-builder to learn more.",https://web.facebook.com//InsularLifePH/videos/2518528275131167/?__xts__%5B0%5D=68.ARCx9FKuWjMIZVs74kCG60AMNC599TkTpuT75onH5L-vX-f2glkMZYhsnlC3UM7zzESeDvXRWWYif_yJ4bw2KEA83CY2-o-jpoMWzum434Z1OrnNBzW7DeFj4QZLCFLfPeYSNoYvuqYn6TsJtbbW4ww7wtmtQp2n6BNcdgy3n5Zy_TIwQIn8WGnYP4o_szIL3NCZL67o35RUW9h_omdElE3ZOAkBaztF5XKL466b6U1CwSyZVcoOXpHYtmsu1S3RfKqv8OnP0-75DYTQzmAZaXS_6lsOmjE2Ow_d5qf_HljUYuy24HPCHbasEh3Gsa1PtKVZTO5s0Vq2GrjV-wSwcZQoEmjLVNXjC9CUlw&__tn__=-R,2020-03-18 00:00:00,,"{'Total': '36', 'Like': '29', 'Love': '7'}",{},39
InsularLifePH,"Neither you nor your computer should catch the virus! For some of us who continue to work from home (salute!), it's important to form stricter habits when dealing with sensitive data. Here are tips to keep in mind before starting another day tomorrow.",https://web.facebook.com//InsularLifePH/photos/a.202621819774414/2810531018983468/?type=3&__xts__%5B0%5D=68.ARChPerCh0Gnx9RqH8VQCBSFlRipmln0ZiIbwKjdCGFaPLII7NLYPpmL9IlD8CWzhnzMotsTIQHFcCRUyf0OMsCMIJPqLvHVgZ85JFEItE-4GcRXXh_te-FDupuHABHQImON6kD_CozA0khQho2Lfiax9YNyghFNvfN9DA426Df53MXRULCSvTYL1evZB1c7AlaQIGdYpHaf4M1VaOsq86nDre_08gncfkpgerpfESx9UCtNCZfkFwfbC_hLlKD70EhQb0DZby3R-JP-Vi3PJzbLx3DhwP1OpR36WDMpIWubsQopK9AtmufpfnKv-n52fFspEG-x_nSrYUawKSBSqWBddg&__tn__=-R,2020-03-17 11:07:06,https://scontent.fmnl5-1.fna.fbcdn.net/v/t1.0-9/s1080x2048/89622962_2810531022316801_682734976399048704_o.jpg?_nc_cat=102&_nc_sid=8024bb&_nc_eui2=AeG1FoivjxPMJEiyOjti1UKcdPF5NSJa6gF08Xk1IlrqAZxdYVqbGQq75EuT8FccOrZ3XLClIFC9EHqf_uNOme24&_nc_ohc=ZeAuglaLfigAX903SeP&_nc_ht=scontent.fmnl5-1.fna&_nc_tp=7&oh=5b0a23c2b1fbf21d2fd794e42d2702f2&oe=5EB1FC1E,"{'Total': '160', 'Like': '150', 'Love': '9', 'Wow': '1'}","{'MaryAnn Cadigal Godoy': {'text': 'Yes', 'post_date': '1584450546'}}",113
