ManulifePH,,https://web.facebook.com//notes/manulife-philippines/manulifeadvisory-and-updates/3146042375426646/?__xts__%5B0%5D=68.ARBlYnprZESFnhZ8gz3INSSasY24RXZQaxZtqCQklF0_5JZWIFeWSaB0wgghLTCs5QF_7ZYxPtwE0A6bia_sL0OUatK47sjDCWZAcmv-Cy6UfN5WoQWrZbTNa3Eyu5haveBWjpt_2DsWr6Ccdb4RQuIieVbgzLNU00pkOWwUc71DGvBTNmmHtpKBgfoWiUuiNxUr3N78vXxNQJqa92_WBYazyfMsIc6FLUlGRAfxOst9cekqCcjg8A_Acabvde-bBvE13mn7GLoQHjOphiKTf6EfiKpUEgq3nGFImFo8WPnbvFoaHQ0k1a-6j8hvE2DqBrWHujAkQm1CztHQ0n78dZf_&__tn__=-R,2020-03-25 07:11:30,,"{'Total': '218', 'Like': '187', 'Love': '31'}","{'Henry Lopez Alvarez Jr.': {'text': 'Thank you for this one-stop site, Manulife!', 'post_date': '1585150780'}}",152
ManulifePH,"In observance of The Holy Week, our Customer Care Hotline will be offline on Maundy Thursday and Good Friday and will be back on April 13, 2020, to answer your queries.  Should you have inquiries, you may send an email to PHCustomerCare@manulife.com, or message us via FB messenger. You may also register to Manulife Online to view your policy details and make payments online via www.manulife.com.ph",https://web.facebook.com//ManulifePH/photos/a.220064528024460/3176925285671688/?type=3&__xts__%5B0%5D=68.ARA366q453_EJmO6SmmU0A7551uvnoqGxw1I45OgdMRGpNuTyKprg_oEHqTGmqdezTpYpHDp1RXk4UFfB1RF028E1FOh-_OwpapZl34w568X1VxAV5EqXt8UA4li-BC0sj9ezGnhdHNpr2K3W77O5YpywvP9WxghGbuiUgJ8NYyrYrDEngdhLz7NU21IVXHJFAATE0OI47Mh0WiYBAB5KhXc6Kfvr0TPpFZd8VPgC4OiSvebVTjluzQVb44UrAeLIGCTCaVcdrFFOxOYsgI0wb1yLH1vq_u7sJCU5kRry0Xm4fx-y7FZ6VaaY7zc1IYSfNo9wc3DVD0VW5hz9hluOhrfxQ&__tn__=-R,2020-04-07 02:00:04,https://scontent.fmnl5-1.fna.fbcdn.net/v/t1.0-9/s1080x2048/92449765_3176925289005021_294880913966235648_o.jpg?_nc_cat=104&_nc_sid=8024bb&_nc_eui2=AeH6xTv0NLmog_h3O3amfam0Qs_jyZB4LJBCz-PJkHgskPe8PZyLghX84khwadXK7ZGeG7WgcgBde2JNsVpwiulN&_nc_ohc=MMY7bIlplbsAX8o4P8h&_nc_ht=scontent.fmnl5-1.fna&_nc_tp=7&oh=9fea6914fc0865b5488eb1eb779586a2&oe=5EB28266,"{'Total': '92', 'Like': '90', 'Love': '1', 'Haha': '1'}",{},90
ManulifePH,,https://web.facebook.com//notes/manulife-philippines/online-payment-options/3175225132508370/?__xts__%5B0%5D=68.ARCAtJDwxtRwQ0gMoe4u_kTnGIEc3Tj5VPq6P-KuKvh87F7Ej_YvMIZNblCRYv8i2I1HSbXVMKSGJ_Vw4FgNjAHSkhj6ORNX-Nj8LHX_dSSg9ztgoVgl657qck5EntbJpFBjJq5QrjjJIPXUJq0ybRj8mRi6gNA0jWtqS7ge4d-rOGMkpbOXgjGDBCew8TmYazuqMO5P78fUVvkTPjN6ETm6L41Hb7eazfmufxwhpERCFHyi0aO0RoXjTi44y5AOqT8_xW119VdRlD81p_dRc7PXMnnCc_lQecBRScmZBjkB7fMD9-uty1coelAsoWisOqfZZ7-jQ_smIoK6f0tvhIlo&__tn__=-R,2020-04-06 10:25:41,,"{'Total': '158', 'Like': '148', 'Love': '10'}",{},109
ManulifePH,"We‚Äôre in the middle of a pandemic, and you may be feeling anxious, frustrated, confused, or even scared. Know that we‚Äôre all in this together, and that you don‚Äôt need to go through this alone.  Here are tips to help you improve your mental and emotional well-being in these challenging times. If the symptoms of stress and anxiety persist, speak to a mental health professional.",https://web.facebook.com//ManulifePH/posts/3175212262509657?__xts__%5B0%5D=68.ARDAbH1ECUFJ67ykmFOANG1nuWx8ADapBxtoQK0HRggf-4exIRlXaVxhi_Zrd-uce382ZDYgYKysvhyB9kmOOtOvnP01_sSYb4QzwyagchFY-f2JOGVRInY6TOxPfVRc35i_984nPZ5tkxkGAI34MAXUFVCgWl6zFbDEC0N7gO3dzxdtywkpmXldJR0wtXCUjb3xekQEsjDEnW6D-P8lyP2zJ0QEaFWGbd2ngN0w5dDoit7BR3HVDmzNv695yvks_YaQSkNgj-GOvxa4W6rkZk3IskaWaG-y5E9o7c9WcQYuVI99hps52TOzceimTTOSWnsJusSYq3CEL3ufYSId8jT7bg&__tn__=-R,2020-04-06 10:08:22,https://scontent.fmnl5-1.fna.fbcdn.net/v/t1.0-0/p526x296/91698132_3175210035843213_7855569190965477376_o.jpg?_nc_cat=1&_nc_sid=8024bb&_nc_eui2=AeEcFu_QiFEl_psWS6tJDZw5b6h0NkmUNXRvqHQ2SZQ1dP2rTPrQg7rqPsmbS83AnwUwR3CfmSIe3_Evsx0mUDXB&_nc_ohc=xRFrsjzHoAsAX-rCqqJ&_nc_ht=scontent.fmnl5-1.fna&_nc_tp=6&oh=4706cbe6258c60d79f8149e66acde140&oe=5EB24073,"{'Total': '1.6K', 'Like': '1.3K', 'Love': '272', 'Wow': '1'}","{'Maria Laarni': {'text': 'Talk to god and pray mostly!üôè', 'post_date': '1586245296'}}",833
ManulifePH,"Let the memories of hugs, and handshakes, and time outdoors give you hope that better days will come again. #ManulifeWeekends",https://web.facebook.com//ManulifePH/photos/a.220064528024460/3171816966182520/?type=3&__xts__%5B0%5D=68.ARCOzVFEke59bUaJWipiEp0CMRo2KnUtxP7ANys5Pl0V_SE69licMVfoC5VeARgRsgU2XKS9NP4Rf-jcSd99d0tl_0cErc7fXCN0JN0ddia1rDmFwg-2mm3Lh5eF2NXuHxDXlit62LZ14MQsdebJZPtRNtQOf9k-Fr17-DJKaaaeY3b4J7_PHUCnrHu29Jq5Xx6GdxEifTaUsqKUTdqQbAnFcgWO0VUEsOCIaq0ovb0tYex0wSWHL2_Led_d06QlXbmauRfgKfKuxtvCMXmBBJLAFcOE68zbVNAG3fLJj7A22OKC9U9ALDu0WUF_v6rLsZ47asSO8NgKUtq_PM9q17qWVA&__tn__=-R,2020-04-04 23:00:35,https://scontent.fmnl5-1.fna.fbcdn.net/v/t1.0-9/s1080x2048/92045309_3171816969515853_291157108601126912_o.jpg?_nc_cat=109&_nc_sid=da1649&_nc_eui2=AeGz-lKIwBIWdCLhUbBnrwc-DD5Mvqva3z4MPky-q9rfPjndfHw8YpNnkR_W5ratW-tHc4Y-xrcn-jiiVXw3-Bgy&_nc_ohc=gj7Y2JLjsgEAX_EQgiS&_nc_ht=scontent.fmnl5-1.fna&_nc_tp=7&oh=bdd1d23e6cb3c433ac8ec83e95e4474d&oe=5EB0209D,"{'Total': '440', 'Like': '314', 'Love': '123', 'Wow': '2'}","{'Joseph Altar Paltingca': {'text': 'Love it', 'post_date': '1586055630'}, 'Arlene M Genove': {'text': 'üíö', 'post_date': '1586058851'}}",435
ManulifePH,A prayer of thanks is a gift we can give to those for whom we are most grateful for. Stay safe and #StayHome,https://web.facebook.com//ManulifePH/photos/a.220064528024460/3167948796569337/?type=3&__xts__%5B0%5D=68.ARB19lzCZQYbgojGqEwr322tBkcQmOYLiF26ptuexPTK-dNEnigf8tD_TjShv2P_zrWsL5L_SOKu9iF1WlHHI38gXS3sacI8U0-dAmQnpbPOTiTDwhU2AFJ8CSkSzsmAL0D6wY08jNxtF2P9I4k9dxPDXEd7sNErslnKEJiA-ih0aeGGsWpJqTY5TVk4SrNnDwn1M_58kbdWNlGMD4TgjkySMKnnFpIK0jNfovBOtXbOxHc5szul_5vWJ4lSvSOc6HAdMskfRps-ZxgxILJv33o2CZepO6TMzd494zAqWJLcadeHl7Cu-a3LGNo0bxw6DIs5jN30ocLJdO2IdfeDJj60Ng&__tn__=-R,2020-04-03 09:00:18,https://scontent.fmnl5-1.fna.fbcdn.net/v/t1.0-9/s1080x2048/91872559_3167948803236003_3190786733830569984_o.jpg?_nc_cat=111&_nc_sid=da1649&_nc_eui2=AeHun1GTPMDsQeOS3QpNsjWt7NOsHSjW7Lfs06wdKNbstxctyf_1mbSqz33qSZUU31g60dn3aUHO5lBnjMHCI2v4&_nc_ohc=uIEYM-GNRaAAX_M8277&_nc_ht=scontent.fmnl5-1.fna&_nc_tp=7&oh=7376ec39c2ca4f96d1fe6b2ab4dfd831&oe=5EB14821,"{'Total': '416', 'Like': '284', 'Love': '132'}","{'Justine Draper': {'text': ""MAN KNEW LIFE. THAT IT WOULD BE BETTER IF dedicated to a bright future ahead. With practical things in mind planned for the near future because life's future would  fail if we failed to make a plan."", 'post_date': '1585962832'}}",391
ManulifePH,"As you watch the number of COVID-19 cases increase, it is but natural to feel anxious about the future, and this can take its toll on your overall well-being. So how do you help yourself lessen stress and anxiety?",https://web.facebook.com//ManulifePH/posts/3167248733306010?__xts__%5B0%5D=68.ARDoV6sMw48heUupoMwjFKGUBDbmunrYQeV0HOIJwxBoSX0IwLtoxQu4e1hm8jmdTqhrtZA6VvKZnePrbQb4VXp_bA5YbGh8eHj9Ka8xjR-_00eHoa4opO_8d2zjBEqtrT2X50FV8i3HcOwnr448mhI-pwTQOfx_HZvylNcfTS00VU1lsozZLwFaAOpOhktHdi1eppFmkc8B91iVU_3diiulYt0Yz6rjToi2xWOnhgf4d5m-xMs2ATRgC1jCKvngl3Ir1zUp57lnqeiuisIArC9_ZlgmTawzI9CpFyDHGu7KHQTD-AdQ_OZLeaDP5Jq0KTNyejiDJEhlyiX9TfcUQXL_eg&__tn__=-R,2020-04-03 01:39:56,https://scontent.fmnl5-1.fna.fbcdn.net/v/t45.1600-4/cp0/q75/spS444/c0.37.525.276a/p235x350/91915065_23844316160240512_2811940579322101760_n.jpg?_nc_cat=101&_nc_sid=67cdda&_nc_eui2=AeE1Gy5ze-fBfaLY03SkGlQnCKMBfDFCKE4IowF8MUIoTs8NST4y_Q238krJnEdmGZFY34HoN2qcCoQSy0qD9VAT&_nc_ohc=-Y5KIc7PjboAX93CSZ7&_nc_ht=scontent.fmnl5-1.fna&oh=887c42e1cc27c49b1f57c1a7b274eb3e&oe=5EB356F2,"{'Total': '158', 'Like': '133', 'Love': '24', 'Wow': '1'}",{},159
ManulifePH,We are providing additional COVID-19 benefits to policyholders who may be affected by the 2019 novel coronavirus disease.  Read to know more:,https://web.facebook.com//ManulifePH/posts/3163195313711352?__xts__%5B0%5D=68.ARAh1xOnUsDJuuKwASQCxFAYrta5JSp31Cuo3h2ExLaHWUgV43C667ZWDZ2hWicp40Tspik0gOoFGT9443z2OYsMN2KAckBF-LJ0Cm1tkj_DOy_U87bwb1_rpIQk9a7r1pWYN1slxnaKmOKJwQCkCKJz6xovLiLDZ4WtPsQkDtKIRTMT5rGcJmA4yFP1-jN6KcYYvWrtc9GuKLLKXs43i1LsIhucZF73V4ak0T1aMvivdpWYFLbZ_K5SYxjJknCI2QCUVnIzYhruxckFlZ1eGfBKYNK3P5N2hLZ6hgVRLD_TZ_eHFuBdtvDxKxH99ymvqFzg25mTneJHZoq8P--ZCRfzbQ&__tn__=-R,2020-04-01 09:23:49,https://external.fmnl5-1.fna.fbcdn.net/safe_image.php?d=AQD6cV4bzm6Ntn7V&w=540&h=282&url=https%3A%2F%2Fmedia.philstar.com%2Fphotos%2F2020%2F03%2F31%2Fmanulife-pr2-lead_2020-03-31_09-12-27.jpg&cfs=1&upscale=1&fallback=news_d_placeholder_publisher&_nc_eui2=AeGihus9w1ZJU6C8GXsA5Emb-GabygFzdr74ZpvKAXN2vvR8lW7YJpVgN5aNNMtuIPZ5VXU0sYKs9_OtTjlHro9-&_nc_hash=AQDVS460Y72gigB7,"{'Total': '483', 'Like': '357', 'Love': '119', 'Wow': '7'}","{'Dianara Bascar Morales': {'text': 'Good news,thanks for my badge.', 'post_date': '1585739122'}, 'Ailyn Matoci√±os': {'text': 'Thank you!‚ù§', 'post_date': '1585824988'}, 'Angel Malaya': {'text': 'Thank you üòä', 'post_date': '1585756196'}, 'Shirly Arnuco Termulo': {'text': 'Thank you po Manulife.', 'post_date': '1586011508'}, 'Al Senedo': {'text': 'Thank you...', 'post_date': '1585826373'}, 'Jocelyn Pedrosa': {'text': 'Thanks manulife', 'post_date': '1585816892'}, 'Cesar Canonoy': {'text': 'Thank you...', 'post_date': '1585745957'}, 'Sheena Requinala': {'text': 'üòäüòç', 'post_date': '1585754281'}, 'Rukia San': {'post_date': '1585812685'}}",734
ManulifePH,"Are you working from home? With the Enhanced Community Quarantine in effect, some companies have resorted to this arrangement. And while it may seem challenging, there are ways on how you can actually make telecommuting work for you.  Read on for some helpful tips:",https://web.facebook.com//ManulifePH/posts/3158484860849064?__xts__%5B0%5D=68.ARCb5MfbaqML5ahkVepNnny9CJZqIINLaMZrz_cL8OipZdAe6n-y1kXnVyhzC6NGNBuUVPo3AwafXHXhjpqpL54B-N1ypP5_O39lkDaXs94JbaeNIlSrKH9tbrr2AXFBdrywHEuJg0JRftllHS2GpPp__ub85mUa6MQRc46wpAUjgsl8REPXhSYmQiaR8p9eBXhfzrqxr6C2aN2V3dKbtQsuwL5mIaaptp6Q_OqfTAhipG5AcnE_tagqVyvLw3eqU25y7sciPuf1hOS1A7_JXdA-TVY_c4MXdfAF_YtIm68r89-9vknS8JGENCJDc1IPTbJWOGos5of85vFXwKTybTRSmA&__tn__=-R,2020-03-30 09:06:55,https://scontent.fmnl5-1.fna.fbcdn.net/v/t45.1600-4/cp0/q90/spS444/c0.38.524.274a/p235x350/91150398_23844290951490512_145240619831263232_n.png.jpg?_nc_cat=105&_nc_sid=67cdda&_nc_eui2=AeFnuIkTBbNGQ2-sUwe58m6-BWfm1P1jqz8FZ-bU_WOrPzU1h5fGlo1HQ-Jd9Lq1i85yzy_AJwgDhDXpbthjEjia&_nc_ohc=WoZGjDzT6VIAX8sChhS&_nc_ht=scontent.fmnl5-1.fna&oh=48435ebb4f97a0ad66ca2e4657103551&oe=5EB088F1,"{'Total': '907', 'Like': '809', 'Love': '91', 'Haha': '4'}","{'Diamond Cachero': {'text': 'Cc', 'post_date': '1585917060'}}",343
ManulifePH,"As we continue to support the government‚Äôs efforts to fight against the spread of COVID-19, ALL BRANCHES nationwide will be closed until the end of the ECQ period.  For your convenience, you may use our digital facilities to manage your policies, make payments, and file claims.  Register to Manulife Online to view your policy details and make premium payments: online.manulife.com.ph  Submit claims electronically by emailing the requirements to PHCustomerCare@manulife.com.  Please note that the list of claims requirements is available on the Manulife Philippines website: www.manulife.com.ph For more information, you may call our Customer Care hotline: (02) 8884-7000 from 9am-3pm, Monday - Friday (except holidays). #ManulifeAdvisory",https://web.facebook.com//ManulifePH/photos/a.220064528024460/3157972710900279/?type=3&__xts__%5B0%5D=68.ARCCS2sqvj8vmYTyLFl-XLlWovR_w9VCTLQUldtHRgqs1W4iHQc3zZbD_hWDgSPDlRGkMF_s3fbrn1aY9tzwWaJ4FKHWb2ETOhk2262threvMZzB9Z48Njkr9juwuX6v-PrG77XC9QO-kTkZDojSKS7zVU6zjiclqRqdWAZ6ULZnZM2jEDB1LisDRRn_9aN05sWQBWrEa-rggZbYZf5W19GUu3vjJZCi7edcyHHTJgXfk1ZDnXMUX-Z4sJpLkuI_bxx5VMSSeVf3MwapBxZhuax9BVQx6V1lNAKSKaIDGhN8GhdGZxYi1s8QnrLNXVFf8-R92ht6nemHwdXlKIr49KuDvg&__tn__=-R,2020-03-30 02:52:33,https://scontent.fmnl5-1.fna.fbcdn.net/v/t1.0-9/s1080x2048/91399943_3157972720900278_1805824664665063424_o.jpg?_nc_cat=109&_nc_sid=8024bb&_nc_eui2=AeGweZIUwAr2E7V8-qHxtfJWPJLZaOyLOlQ8ktlo7Is6VLZh6Ii_BGb-bLSag1xOQGARNA9zm5IlcP9iLayUPoN7&_nc_ohc=DBEv92xGPEAAX_vlbPO&_nc_ht=scontent.fmnl5-1.fna&_nc_tp=7&oh=3b07b0ad4f3a80ac58745a293e4ef4a0&oe=5EB07A3B,"{'Total': '175', 'Like': '161', 'Love': '14'}",{},132
ManulifePH,"Be kind and caring to others, the world needs more of this now, more than ever. Let us be each other's hero. #ManulifeWeekends",https://web.facebook.com//ManulifePH/photos/a.220064528024460/3155121464518737/?type=3&__xts__%5B0%5D=68.ARAQQ9zUBSE2Y-kF9bbWZwAFdJMOCiGVJ1M4nW0XVPELtvWxCCfljXaC0Wo-TCcF_PMwyJM8EhqJfdK00slqQ2kGN7OGG3nwARbgeLZ4KgMOAhp_eY1TIhfk-fKURzypZn3bdhKDVgOtt1G08bGRHIT-s3-oyZfqNABRdVXMsNWkCUOoOOYbLVxzwETMdEoYOY9M_VTp_DuX2rEjNJdH2EorqBDvB-_J9hWygmoDLOIsnM_L2Xsk-guWcear_muhQCdQqNGsTLi8-OE17hQx51Ofeyf7190WAyNqLdTvyZY8yiOu1EY_6LSHsNvfa0pPUPAn8OtHfiFkfU6LP_0etZ7ywA&__tn__=-R,2020-03-28 23:00:31,https://scontent.fmnl5-1.fna.fbcdn.net/v/t1.0-9/s1080x2048/91138605_3155121471185403_4816417200938156032_o.jpg?_nc_cat=105&_nc_sid=da1649&_nc_eui2=AeH4NjZiu8mXzhIX_r0dnw2oRPzGL9h0XyJE_MYv2HRfIi_hxi0i4FESi_7VPvnnW0vGBo-OP7hdV-boJnSGN9EU&_nc_ohc=koAvCHEDc0IAX9AHRwu&_nc_ht=scontent.fmnl5-1.fna&_nc_tp=7&oh=a4ee2a0b0fc3f21494c8c98504bce761&oe=5EB1C2A0,"{'Total': '396', 'Like': '306', 'Love': '90'}",{},334
ManulifePH,"No need to go anywhere to pay your premiums. For your convenience, here's are step-by-step guide on how you can pay online. #StayHome and stay safe!",https://web.facebook.com//ManulifePH/posts/3148884295142454?__xts__%5B0%5D=68.ARCrwCDXePhqmzlHkR8xapjY2OYQVMyD2csebgmyJp3qWWRjHGzhHU90G2yKuP75TiEaTTeLKzM9_NDmGAXEcvcPUa2-cOAJrYFLoBs_50gRp1pf3vngoN-ju7ptqVAAmgKiZBudzBzgpxpV44UUN9mqGMhjmZRnBgzwpaR1kTB6nLiUyI6IZvaqppvJ0x5i2q9YcueG6KiyAsnUTkFAF8sTl7szB1Tj0kgWulmJUAxiRmoO6wmuHVu3xHSY0WD8G-HCupioHjo5oAWh8vKJzTCowwJF2WLpU_MySagBv4szFq6nH5F4fKb60MMF8cFeCrTMDFU2_zUsqjg6iAXObbNrZA&__tn__=-R,2020-03-27 14:30:01,,"{'Total': '121', 'Like': '105', 'Love': '16'}",{},127
ManulifePH,"No need to go anywhere to pay your premiums. For your convenience, here's are step-by-step guide on how you can pay online. #StayHome and stay safe!",https://web.facebook.com//ManulifePH/posts/3151325284898355?__xts__%5B0%5D=68.ARBA6RptveULg-PPiyc7CbkN3lgfNCH6wRDisNNcgSBnC21H6k2DtNySs0cC60OTFd4vy7OVTxDq2XoylVtM7dQvpv5rXcZ_tXHsCsXeG1BKuFCET5mMfMSv5e9xXtgDUmFiNbXRaaSmMV1RiFEp0eRITBNZb4GcQo07PjEzoKBSwYvkx3SeMNQCApX5DMk98xK2LrobriwvvU4RNDUnS4BYSwMDJyfgSmLQf5iGruZVt_wF0I274J99ANG2UumAabD4B4Rg8zgkRcE-TglDWBuO2i6F-0hezvVTN7hUGOO09WkGCUUyFiuim3LF_Mz5NF27rA0AgRqd6QUiUsGUkrpSjw&__tn__=-R,2020-03-26 04:00:00,,"{'Total': '177', 'Like': '151', 'Love': '25', 'Wow': '1'}","{'Leoilyn Peralta Gumabay': {'text': '#Manulifer', 'post_date': '1585453722'}}",225
ManulifePH,"Please be advised on the updated operating hours of our branches. To help you manage your policies, you may register to Manulife Online at online.manulife.com.ph You may also get in touch with us through our Customer Care Hotline at (02) 8884-7000 Mon-Fri 9am to 3pm. #ManulifeAdvisory",https://web.facebook.com//ManulifePH/photos/a.220064528024460/3148824028481814/?type=3&__xts__%5B0%5D=68.ARDMInYpbvIhGrwEKhf5mU07L_veUgB_sSufHEb-bbka5L-OXIo5kECBymBiqAeWf_zUMMfEXu9XEBYJi_gPGpGwdQsHa1xRF6S8jKSDtV3QGRNCqO8y3rDygFNYP5Msg8if0LLUG15WmmiW5nkFGpwxwnOANZx47rcPN-MDVoYy8-XXB077gx9pgsyHI6Q6T9GBY19e_Tq5rNpASaZ6uSrO37uFjX4RvvfITtl2Peo-RGVsdAe_sxK4kYogxmzR9g9tFy-iGKk7wbCGK4SoFAE98IdZj03XP_Cf5yuagvtnBDwJt0eJLr4p-lhut8IRiNQm23FUlp6ZtuTer0TvVsdeKg&__tn__=-R,2020-03-25 04:30:00,https://scontent.fmnl5-1.fna.fbcdn.net/v/t1.0-9/s1080x2048/90999724_3148824035148480_7656870092453445632_o.jpg?_nc_cat=110&_nc_sid=8024bb&_nc_eui2=AeFbN8nploK2OGbCMI1t3Xl_uR2YyESb37-5HZjIRJvfv0z0gHJX8CpKj4gM_0u1QDVnEhYRPs8N5Xu00PCkNrks&_nc_ohc=sgHTqIBsEX4AX8MEyME&_nc_ht=scontent.fmnl5-1.fna&_nc_tp=7&oh=47a72470725f5e2b607640e8b3cd1551&oe=5EB3B62B,"{'Total': '135', 'Like': '127', 'Love': '8'}",{},57
ManulifePH,"Markets have been volatile as the world continues to battle COVID-19. Given the uncertainties posed by this outbreak, elevated market volatility is likely to stay until positive developments emerge.  Depending on your risk and return objectives, here are some ways you can navigate through the current market cycle to achieve your long-term financial goals. To read more about the market insights of our investment team, click http://ow.ly/tr4050yUYo7 If you wish to schedule a conversation with one of our Wealth Specialists, start here: http://ow.ly/QKIx50yUYpY #ManulifeMoneyMatters #FinancialTips Disclaimer: https://assetmanagement.manulife.com.ph/disclaimer",https://web.facebook.com//ManulifePH/posts/3145802965450587?__xts__%5B0%5D=68.ARD09zFOhBzmASmCfy0rbEunkOfvTPnXaF804IzGxtcekWX7UaWJS9wf8pyN4zUV82ge6hIlYLN0kn-7Nb2H9RLFN_FkqcfxGXpJkkTFONAWmZva77Rw36t2T-w_FJY9Z5PJKy-Yu6ywVmxH4DzUKGDJHKLfQTSoHcclKk2B_kO-sNtE7eAcNSXtFJaoVhq3pRpd6nFvFhcvGRu9g-qbaol1VstzZluJzi2lfGxNL_ZrSy1maGxe22g81cvoAk8L6SUBPpqTmPf2aQKuyvNYIfy1iHMpb8esi0Lrl6_ZJW1WtowwVxnDt1H-khX6kVi6HmjZsXpl64fCmNV8JKqdD3B8dA&__tn__=-R,2020-03-25 04:04:52,https://scontent.fmnl5-1.fna.fbcdn.net/v/t1.0-0/p526x296/90163396_3145802372117313_3097192661942009856_o.jpg?_nc_cat=108&_nc_sid=8024bb&_nc_eui2=AeGn5ST7VSrKryM4tkEbzcRrgW9_sALr9WeBb3-wAuv1Z_tt71y9FUMU30bVAhMzugeQspfICwStpDsjmQoqzohI&_nc_ohc=XYqX14GG9qwAX-JkZSi&_nc_ht=scontent.fmnl5-1.fna&_nc_tp=6&oh=5a5ade225bd302bccf3ff19e9ae86114&oe=5EB2117D,"{'Total': '266', 'Like': '215', 'Love': '50', 'Wow': '1'}",{},338
ManulifePH,"In our effort to support our customers in these trying times, we are providing special coverage to policyholders affected by COVID-19. These special benefits are applicable to individual plans. You may reach out to your Manulife Advisors, or call our Customer Care Hotline at (02) 8884-7000. You may also check our website for the complete list of requirements to file claims at www.manulife.com.ph",https://web.facebook.com//ManulifePH/photos/a.220064528024460/3143649702332580/?type=3&__xts__%5B0%5D=68.ARDOaZmIRND-LIfpmVWAmKWARz5grfy0-AtT6ryXvJ1Kk54EsTrDZyoleC1ZrjnGDnatMdelcskNSf9H4nXjUGNUH6UDaj--V9uvPZfTZ_y2Fxb26J9CNJDov99pc5hf4P13OY4Josi1e5PGFpz91NU4AWjAJcu665WzwEJhg8WllxUbOnHj0PHnXOgtRRXupf-c8gx1iPolMMz0vuPWBTEZ5Y2PVjgPHVqIY56z4xBehSKnR2SfCTq4K2RZHzRQF-6HlgbMwSqOcHpWAsAavu4EPC6_Qew3rWvSjFak552kzzwJU88g4BrT_QvkjkDhtl-eJZHwIqrZ53MZiruFMYgWeg&__tn__=-R,2020-03-24 07:15:00,https://scontent.fmnl5-1.fna.fbcdn.net/v/t1.0-9/s1080x2048/90158311_3143649705665913_1266625094411616256_o.jpg?_nc_cat=101&_nc_sid=8024bb&_nc_eui2=AeFK56mSf0gwe5-AleR03SnmVrt7HKGLzXhWu3scoYvNeB089HJc_-E6g1SpUR-cT70aO84crnr2dUZm3iwF9cs4&_nc_ohc=TSd9DCyyxOUAX9-IAlD&_nc_ht=scontent.fmnl5-1.fna&_nc_tp=7&oh=3ef3051fc7f09de13e26412d6d732c33&oe=5EB1288C,"{'Total': '387', 'Like': '247', 'Love': '128', 'Wow': '12'}","{'Anthony Ramos Bulangkit': {'text': 'Hi manulife. Will this be applicable to policies issued between those dates mentioned.?', 'post_date': '1585037163'}, 'Ma Janet G. Noserale': {'text': 'My due is Apr.8, 2020Do i ned to pay & where please. Bacolod client..', 'post_date': '1585194525'}, 'Ray A. Aquino': {'text': 'Thank you Manulife! More Power! God bless!', 'post_date': '1585037329'}, 'Natalia Lanon': {'text': 'i want to change my agent...Rod Gatchalian...', 'post_date': '1585034280'}, 'Evelyn Vedasto': {'text': 'Hi! Just to clarify, this cover to all policies issued before March 15 only those with hospitalization benefit riders?', 'post_date': '1585103629'}, 'Ferdie Espiritu': {'text': 'Buti nalang nag Manulife na ako!!! thank you mam Tina and God bless!', 'post_date': '1585045437'}, 'Justine Draper': {'text': 'Thank God may Manulife.', 'post_date': '1585050681'}, 'Sheryl Datus Perez': {'text': 'Thank you Manulife üíö', 'post_date': '1585069065'}, 'Lally Jarcia Delos Reyes': {'text': 'Thks manulife. Thanks mam grace', 'post_date': '1585049206'}, 'Robinson Cordero': {'text': 'Applicable po ba ito both for individual policy and group policy?', 'post_date': '1586197758'}, 'Lollibeth Gaitera': {'text': 'Thanks Manulife...', 'post_date': '1585036141'}, 'Stephanie Villano-Vide√±a': {'text': 'Thank you!! Galing!', 'post_date': '1585054287'}, 'Lydia Manalo Villareal': {'text': 'This is noted poThanks', 'post_date': '1585035432'}, 'A√±dls So√±j': {'text': 'Nag log-in po ako sa online piro not available daw. Any advice po?', 'post_date': '1585114799'}, 'Rachel Dienzo': {'text': 'Be safe baks Rykeil Geronüíôüòáüí™', 'post_date': '1585164522'}, 'Botchock Batobato': {'text': 'Mahusay ang Manulife', 'post_date': '1585050279'}, 'Rai Tuazon': {'text': 'Venesa De Guzman SangalangCristine Joy C. RoxasMaritchel Verzosa Cadion', 'post_date': '1585044346'}, 'Tatum Ambroveni Keshwar': {'text': 'Hola! Sarado po ba opisina ng manulife pati yung call centre? I will pay my loan..', 'post_date': '1585211260'}}",741
ManulifePH,"In these trying times, don‚Äôt lose hope. Have faith that better days will come again. #CourageOn #ManulifeWeekends",https://web.facebook.com//ManulifePH/photos/a.220064528024460/3137882386242645/?type=3&__xts__%5B0%5D=68.ARB3MLlD_VqeRRzRjSbmKwNfy5abXMywhFmdX3TsoMdyxctYaJJ4qbR8x1Yxg9zwp_FNtBXVxzxCJRzn75LMs9myI8lnpErFsXQjXk_4xmxNuy_4t5L3vSnymr_vyHDnL61StlhR7tCwb5JNo9hOunIlr71_0mxZGkcHqj6xcWfPrvLuQd__5HMof997y_gBMMrsQ08ueWlmUVFnT4rghx-HtEbJPoTFSYpqE0HHagf7aezkPtvDpjpl8K608qBWwhG2WGqdOVJJKcXwnnPWe9dSDT2KLHbgz93zlEl66vAkRxt0qYjMJz0qDrOSH0wdo5lW1A06X94GmBc5_8TBKwFmlQ&__tn__=-R,2020-03-21 23:00:41,https://scontent.fmnl5-1.fna.fbcdn.net/v/t1.0-9/s1080x2048/90249843_3137882392909311_8866267930216628224_o.jpg?_nc_cat=109&_nc_sid=da1649&_nc_eui2=AeENpz47VCxoIeFGbVDXfyQzqhhoWu206nqqGGha7bTqevbc7w_SviTMhscDsEShQmRm6np94c04j37JgOtYvNlL&_nc_ohc=txusZjM6qucAX9YFFJl&_nc_ht=scontent.fmnl5-1.fna&_nc_tp=7&oh=5179d81c1c6095e6723831a067f9fd2d&oe=5EB13E3C,"{'Total': '517', 'Like': '375', 'Love': '141', 'Wow': '1'}","{'Sarah Mendoza Tinonas': {'text': 'Hope will rise inside usüòäü§ó‚ù§Ô∏è', 'post_date': '1584853700'}}",559
ManulifePH,"As we continue to observe measures to keep the virus at bay - like washing our hands frequently, disinfecting regularly, and practicing social distancing, we also need to find ways to cope with social isolation.  Here are some tips that you and your loved ones may find useful. . .... . . . Source: foxnews.com/lifestyle",https://web.facebook.com//ManulifePH/posts/3133909543306596?__xts__%5B0%5D=68.ARDGptJUVLsBMqZUJn-dkNXAC2brbIYgBe9nMXqQ5uKTYmjgPIZ310Sgum72je8oaW_UcGNBR2ipfrsA6Yk9TpVCtS7Yvzuq4J96tDvRTekH3zKnmzWc9mr4wiogTzaOzIuZKQI29DGW65PnFAy70zBPr7FpI2KEJcdsVcgp6D52tFEJaVgEeUQvXv0YS_gG7lmAugL8zuZsrwB7HNC1TIXwPUTHwnzjf9Y4IATOXIqrZHQoaN1og8i3nL_qnzIKiPEVJ8TznTQdpNIplddXvJoGNNQNqVCsB-Rwx7L6unj2jUpczA7UjA9-zJAdYD_QTQwleN6kK0rd8mC4OjQtO9faHw&__tn__=-R,2020-03-20 08:28:44,https://scontent.fmnl5-1.fna.fbcdn.net/v/t1.0-0/p526x296/90337576_3133908199973397_4051683520672694272_o.jpg?_nc_cat=101&_nc_sid=8024bb&_nc_eui2=AeH4weQnL4q-l-dKktUW9ocXLZkT1aIddKgtmRPVoh10qMW2kv8AlRA9Gqx0J64exvG1Ap7lEngYHnzXrAgawAf9&_nc_ohc=xsOLbHMtPN0AX8eHLAi&_nc_ht=scontent.fmnl5-1.fna&_nc_tp=6&oh=8012a96b2538ad8b0100e70ad4889a46&oe=5EB0EA61,"{'Total': '384', 'Like': '316', 'Love': '68'}","{'Felic Manny Manongsong': {'text': 'thanks', 'post_date': '1584758304'}, 'Arlene M Genove': {'text': 'üòª', 'post_date': '1584772484'}}",446
ManulifePH,"In these trying times, making it easy and more convenient for you is our top priority.   If you have further inquiries, you may reach us through our Customer Care Hotline at (02) 8884-7000 from Monday to Friday 9am to 3pm, or send us a message.",https://web.facebook.com//ManulifePH/photos/a.220064528024460/3146082928755924/?type=3&__xts__%5B0%5D=68.ARCFkS6thYvWWdNkVtAjfCpw7_GfsDjtKK_o1NAoLO7jqrFuWbstP_YUKLie7fYNN7Flb3juUa6T5FUP-IhgniPJN1EuLfN6rm7IjJJbWs3z3mD4WFqHo5W3-fqFtjmCVeDldZmgY5BOO1iFTd11PfIYlKApVcSmJ5oUT3rCyt1Zm-bg97OEzMsPD49pWWMTX2uzE38S-JCIuz3hkt_hfk09ATb42k0yDM5Q6PNB8VhrpJIGcTEWYX4FwJme81rV5n0hucTfwSDURYzbr5neA68rIcA8URpD0R7SEa6FoUYCxVFibdcpZtkvZPM33msIuJwhOzODZHxMWCJiRqg7KAxNKQ&__tn__=-R,2020-03-17 12:00:06,https://scontent.fmnl5-1.fna.fbcdn.net/v/t1.0-9/s1080x2048/91095073_3146082938755923_586801809486512128_o.jpg?_nc_cat=102&_nc_sid=8024bb&_nc_eui2=AeHJjY88NpIJ8fYaOz0kOSvmVPHYQTXM_H5U8dhBNcz8fiYyrQpYL0JSs2hnjeXqPCbUxZvreowWM3S6C6vUscUE&_nc_ohc=ZOmBLsIc3qUAX8j6Xwb&_nc_ht=scontent.fmnl5-1.fna&_nc_tp=7&oh=36ef7a5b8ddde886d42fcaab61e77473&oe=5EB12E2E,"{'Total': '839', 'Like': '627', 'Love': '204', 'Wow': '7'}","{'Dorzprl Macatangay': {'text': 'i thought up to april 30? paasa üòî', 'image': 'https://scontent.fmnl5-1.fna.fbcdn.net/v/t1.0-0/p235x350/90207752_2723238527725867_181278341792268288_o.jpg?_nc_cat=100&_nc_sid=dbeb18&_nc_eui2=AeF6pI1oUtjPccYHuPVXsDI03SeHJ7mEVIPdJ4cnuYRUg_x2I2UqtixPhiu3iFQDq8w8oA5x3rz22Jc60CFhXW0u&_nc_ohc=TstbaV78ce0AX9K9KSI&_nc_ht=scontent.fmnl5-1.fna&_nc_tp=6&oh=e33c5a10ac5439c827fdec0d2dc63472&oe=5EB08FF1', 'post_date': '1584674390'}, 'April Cel': {'text': 'Thank you Manulife! Does this include po kahit yung auto-debit sa card?', 'post_date': '1584581104'}, 'Cass Hanbin Kim': {'text': 'Thank u Manulife', 'post_date': '1584493557'}, 'Ludwig Gualvez': {'text': 'Ang 60 day payt extension po ba means that hnd maglalapse within the 60 day period in case d mkkpagbayad?  Tnx po', 'post_date': '1585378658'}, 'Trissa Anne Gutierrez Baybayan': {'text': 'Hello! My credit card has been charged. Is it not included?', 'post_date': '1586171172'}, 'Nica Canilang': {'text': ""Yesterday, I tried to go to convenient stores to cash in so I can transfer my payment and all services were down. I tried to go to the bank but it's closed. Fortunately, I saw this. Thank you, Manulife! ‚ù§Ô∏è‚ù§Ô∏è‚ù§Ô∏è"", 'post_date': '1584475700'}, 'Aniah Balite': {'text': 'Thank you so much Manulife <3', 'post_date': '1584542612'}, 'Irene Ghan Elishia': {'text': 'Paano po yung plan na autopayment like mine thru metrobank', 'post_date': '1584533143'}, 'Cristina Samonte': {'text': 'Thank you, Manulife!', 'post_date': '1584583608'}, 'Theresa Ballinger': {'text': 'Thank you Manulife', 'post_date': '1584498457'}, 'Jahannae Melecio': {'text': 'Thank u manulife', 'post_date': '1584697251'}, 'Decline Diosta': {'text': 'Thank you manulife...', 'post_date': '1584521715'}, 'Femiczabi San': {'text': 'üôèthank you Manulife!', 'post_date': '1584529041'}, 'Oir Rosatase': {'text': 'Thank u manulife', 'post_date': '1584607593'}, 'Ivan Heinrich Villanueva': {'text': 'Was able to pay this montj', 'post_date': '1584695787'}, 'Quezi Espiritu-Flores': {'text': 'Thank you Manulife', 'post_date': '1584516939'}, 'Joan Asis-Villarta': {'text': 'Thanks Manulife‚ù§Ô∏è', 'post_date': '1584576528'}, 'Tessa Suerte': {'text': 'Thank you, Manulife', 'post_date': '1584698913'}, 'Maricel Calimlim Mancilla': {'text': 'Thank you Manulife', 'post_date': '1584521342'}, 'Aleesha Galleto Collado': {'text': 'Thanks Manulife üôÇ', 'post_date': '1584527587'}, 'Hazel Sesbreno Ungria': {'text': 'Thank you Manulife', 'post_date': '1584602348'}, 'Betcha Cabo': {'text': 'Thank you Manulife!!', 'post_date': '1584511827'}, 'Gemma Abejuro': {'text': 'Thanks you Manulife', 'post_date': '1584711007'}, 'Nelson Ramos': {'text': 'Thank you manulife', 'post_date': '1584528083'}, 'MC Reyes': {'text': 'thank u .. GodBless ‚ù§Ô∏è‚ù§Ô∏è‚ù§Ô∏è', 'post_date': '1584603423'}, 'Lore Logart': {'text': 'Thanks Manulife', 'post_date': '1584527396'}, 'Lhala Peregrino': {'text': 'Much Appreciatedüëç', 'post_date': '1584546888'}, 'Thata Odinep': {'text': 'Thanks Manulife.', 'post_date': '1584528372'}, 'Allyza Mogote Padua': {'text': 'What about for auto debit?', 'post_date': '1584841610'}, 'Seph Palomo': {'text': 'Tnx manulife', 'post_date': '1584607565'}, 'Ana Thess': {'text': 'Tnx po manulife', 'post_date': '1584543778'}, 'Buddy Caramat': {'text': 'Jeff, may I repost this?', 'post_date': '1584492603'}, 'Cherrelyn Conag': {'text': 'Thanks', 'post_date': '1584585338'}, 'Rhejie Yuzon': {'text': 'tY', 'post_date': '1584613253'}, 'Cherry Y. Narciso': {'text': 'Pano pu yung April 2 sir/mam pacncya na po bagonpa po kc ako... salamat sa sasagot.', 'post_date': '1584518414'}, 'Mitchie Aquino': {'text': 'Extended nman pala madam Dahlia', 'post_date': '1584463448'}, 'Maricar Lafrades Buena': {'text': 'Madam Jossamae Salamanque', 'post_date': '1584541129'}, 'Albert Constantino Santos': {'text': 'paano ung due date march 11 nagkaltas na manulife... haysss', 'post_date': '1584469413'}, 'Glecilda Canete Aves': {'text': 'sis Myla Genobiagon Madera kni sis', 'post_date': '1584515167'}, 'Ailish Reyes': {'text': 'ü•∞ü•∞ü•∞', 'post_date': '1584507701'}, 'Bing Parcia Pasgala': {'text': 'üíï', 'post_date': '1584551763'}, 'Joe Cris Jumawid': {'text': 'Paano yung auto debit? Bakit nagbawas pa din march 16?', 'post_date': '1584570397'}, 'Madel Garaygay': {'text': 'Does this include kahit yung auto-debit sa card?', 'post_date': '1585987185'}, 'Cams Destacamento': {'text': 'üòç', 'post_date': '1584496653'}, 'Mark Laurence': {'text': 'Thank you, Manulife!', 'post_date': '1584490963'}, 'Danita Ravelo': {'text': '‚ù§Ô∏è', 'post_date': '1584489402'}, 'Jenefer Lasutan Salcedo': {'text': 'Thank you', 'post_date': '1584488591'}, 'Tin Valentin Paler': {'text': 'Thank you po', 'post_date': '1584486375'}, 'Jay Joaquin': {'text': 'Thank you Manulife ‚Ñ¢Ô∏èüíö', 'post_date': '1584485777'}, 'Erwin-Olive Vivar': {'text': 'Thank you Manulife', 'post_date': '1584484369'}, 'Joann Dimatulac': {'text': 'Thank you manulife', 'post_date': '1584483221'}, 'Rodge Torres': {'text': 'Thank you Manulife', 'post_date': '1584467667'}}",998
ManulifePH,"To ensure your safety, we have implemented certain measures to help facilitate and respond to your needs. For more information, you may visit our website at www.manulife.com.ph",https://web.facebook.com//ManulifePH/posts/3126547664042784?__xts__%5B0%5D=68.ARA4TIJFMYebcg2amgsmsYaaSbPyiOPDOUXak1afgHe2nmRnVGEXw20N3Na_F4-CZhVU__eE1eW0B3VI7NGFlN8-HdrXGkr9t5XzhJ-Pz804A5V3yJI0SX1_BiQDrk1Xyke3qzQfFPXzCCk5u2q_QEwlWKtdgYAzSnlTMag9pQV2inJMEFuEK-tBpcg2jTgJ_te4hPippNQz3ldyCnYPMZ06VJ7P3aSVHZW4OJVlJIiLiNNjTGKrMsebhbWPY1srvetWMY7Hijm-WhjHIllN6p-zVwvccQUiYJl4Zkmw7goKawpKLfyLB5BPrLsBnWukXiNFQLjGB7apJQ5hdl40nj3oxg&__tn__=-R,2020-03-17 07:49:52,https://scontent.fmnl5-1.fna.fbcdn.net/v/t1.0-0/p526x296/91064502_3146085188755698_337079513110282240_o.jpg?_nc_cat=106&_nc_sid=8024bb&_nc_eui2=AeFGBYwUBnGBZz388ALL2t2yoX_Y1zZvH7-hf9jXNm8fvwFTTN5VKluyk1gu-7XEYndq65CmvqvfB-mSKYobY1ag&_nc_ohc=RZ2BAhkyeIgAX9Yeojl&_nc_ht=scontent.fmnl5-1.fna&_nc_tp=6&oh=b5973cf7a1a57bc0f9bfbc029df89704&oe=5EB12104,"{'Total': '353', 'Like': '292', 'Love': '61'}","{'Hidenori Symon Perez Yongco': {'text': 'So walang payment holiday?', 'post_date': '1584431904'}, 'Albert M. Fallorina': {'text': 'Paano po maavail yan kung autodebit ang hulog ko?', 'post_date': '1584445905'}, 'Maxine Mayores': {'text': 'Buti pa sunlife nag extend ng payment due dates.', 'post_date': '1584433607'}, 'Carmi Manaog': {'text': 'Have due on March 26 naka auto debit po s BPI ipapasok po ba ng Manulife un sana po wag munaüò¢', 'post_date': '1584433514'}, 'Jaire May Kuizon Navarro': {'text': 'How about the for autocredit mode of payments will premium still be collected?', 'post_date': '1584455514'}, 'Lovely Imelda': {'text': 'Sana may 91days extension din kayo gaya ng sunlife....', 'post_date': '1584437922'}, 'Cel De Veyra': {'text': 'Can you please extend it to autodebit payment policy holders as well.', 'post_date': '1584535734'}, 'Judy Lopez-Manibay': {'text': 'Hi po.. di ko ata maintindihan ung extended payment.. naka ADA ako unfortunately di daw nag push sabi ng agent and asking me to pay online.. paki explain po mabuti itong extended payment', 'post_date': '1586076807'}, 'Nelson Marcelino Elgera': {'text': 'What if ang duedate is feb 25 tpus my grace period n 1month till march 25 di ba to qualify s 60 days extention?  Di kse mkapag byad misis q dhl s sakuna ng covid..', 'post_date': '1584468464'}, 'Shesam Lu Mesias': {'text': 'what if auto debit  sa credit card  you will not charge us for the next 60 days? tnx', 'post_date': '1584597931'}, 'Gazelle Grace Gesmundo': {'text': 'Wala po bang extension ng payments?', 'post_date': '1584438665'}, 'Lynette B. Pasquin': {'text': 'Thank you Manulife. My due date is on April 12, 2020... üòä so kasama pa din ako sa mga 60 days grace period..', 'post_date': '1584459847'}, 'Japhet Briones': {'text': 'Extension?', 'post_date': '1584440057'}, 'Kristine Marzan': {'text': 'How bout po dun sa autodebit payment?', 'post_date': '1584536121'}, 'Erica Alaso': {'text': 'Alam po ba ng lahat ng branch na extended 60days ang payment?    Kasi po sa account ko kailangan ko daw mag payment till friday?', 'image': 'https://scontent.fmnl5-1.fna.fbcdn.net/v/t1.0-0/p206x206/89697221_2890423667743526_4647361081939853312_o.jpg?_nc_cat=102&_nc_sid=dbeb18&_nc_eui2=AeHxv045_31uK768pvXHWpGfzBD2d8RDgmbMEPZ3xEOCZoMB9u5npc-YMxkcjhvKwZV5kgOTxBR4v6jhW6HVbSJc&_nc_ohc=wO3zmrpr-I4AX_Xjfog&_nc_ht=scontent.fmnl5-1.fna&_nc_tp=6&oh=b0edc6c11710ede437d1e745c289f475&oe=5EB35A64', 'post_date': '1584505428'}, 'Flor Padilla': {'text': 'Manulife meron po akong 3 mos na babayaran po sa inyo, kaya lang po hindi na po ako makalabas para makapagbayad at wala din po akong online. Nagbabayad lang po ako sa robinson bayad center. Paano po kaya un?', 'post_date': '1584514125'}, 'Althea A Pepito': {'text': 'Sana may pa loan manlang po kagaya nitong 1month na walng kita', 'post_date': '1584439614'}}",494
ManulifePH,"We assure our policyholders of our commitment to protecting their health.  For assistance, you may call our Customer Care Hotline at (02) 8884-7000, or reach out to your Manulife Advisor for questions about your policy.",https://web.facebook.com//ManulifePH/photos/a.220064528024460/3126050850759132/?type=3&__xts__%5B0%5D=68.ARCbff8dXxqWxXoixn4FiMRTQGq2M-nrLBSJhm0G64DMRmDdHFx7O8jPuvfnhcqcXVG-G3CmXzP1PUBnKpKoVGpYfFayaYJ8BEhxo67FhXsZRKF9_CUqSnPrLaKR4vGK2lvdSowZIIwNSySGt6Il3p5xc2lApTxg34Bf1x57TE3PoAv0QCL8AQTsGdOuLEQ33-CKvNlemv37T5uICsbOCugJaX41tCqH89nu3XYVeYJ5oPRx1UKW8hqIuqK4-qghb_XElDACqt1GGfZIDkBlCrYJyi6MI2B0t_OmiRKgXif3P5Ap5pwJNZ02WDTiY1t5xCz4p23Wm80dKpxXIb2T5eT8pA&__tn__=-R,2020-03-17 01:47:27,https://scontent.fmnl5-1.fna.fbcdn.net/v/t1.0-9/s1080x2048/90054750_3126050857425798_6719928452914348032_o.jpg?_nc_cat=104&_nc_sid=8024bb&_nc_eui2=AeEL7IB8EKmFdiK1GHJsHfHmUYRZyfkd_xVRhFnJ-R3_FTViclwUic8czp2R8lKJTJHNmmreOJnv5CwIjcVcDCyG&_nc_ohc=nyv0_xY9uiIAX8QiJMq&_nc_ht=scontent.fmnl5-1.fna&_nc_tp=7&oh=0f5edafebad8b16c450479d2d70c1d93&oe=5EB11841,"{'Total': '167', 'Like': '139', 'Love': '28'}","{'Cardi Probinsyano': {'text': 'How about those are in abroad? How to apply?', 'post_date': '1584469834'}, 'Nick Pilapil': {'text': 'Hi! What terms and conditions apply to the application of claims for illnesses arising from COVID-19? Thanks', 'post_date': '1584495569'}, 'Franklin Manuel': {'text': 'Please send me some details how we can claim if we are working abroad. Thank you.', 'post_date': '1584585549'}, 'Mythor Ong': {'text': 'how to claim', 'post_date': '1584963848'}}",173
ManulifePH,"No matter how tough life can get, look out for those little blessings that come your way. And have faith that things will be better one day.#ManulifeWeekends",https://web.facebook.com//ManulifePH/photos/a.220064528024460/3121221807908703/?type=3&__xts__%5B0%5D=68.ARAsBxeRkWZVTi9gqxKTGcn5nhW0w_AkmyQxKxJc4uPLY783WhSDfax5bFGiIYS7sUSIwLi7-fvulSNa9TycjJpaWpWf4huRtiCnphNIowPLzGsMkGNdeAD-DZKBkzG2jT4d6AtlA6AgdSswM36KkS3yEywW07JOiipFhXElhf_FJJOECB_ZGT63Gmic5gvClQn5i9ivyVl6qHNE0ciN5iVHYcD-XZanioZz7wbOOSubsiTNFjZtrN_fGRglQulp7Z6KSIZvgze51Q3ylYJekaYvN4mCWQoLeAyFje_m0lZq1F6aZkgmTzutDKVXbxsezcTwucr4HPeFDuLkWBRNzgj_ug&__tn__=-R,2020-03-14 23:00:27,https://scontent.fmnl5-1.fna.fbcdn.net/v/t1.0-9/s1080x2048/90129515_3121221811242036_500617243378319360_o.jpg?_nc_cat=102&_nc_sid=da1649&_nc_eui2=AeHK73u_EOOZmv47Y6w4VCaXAtSQdRC4ERcC1JB1ELgRFxBT-20CGlo3sSsKeWQviP5qP9i2u6O-5ZVaznEEBXKN&_nc_ohc=dC1X4tQM0zcAX-gh8cP&_nc_ht=scontent.fmnl5-1.fna&_nc_tp=7&oh=9e34220b14ba0fc3a7678dba851233f9&oe=5EB3AC6D,"{'Total': '520', 'Like': '393', 'Love': '125', 'Haha': '2'}","{'Charina Ronquillo': {'text': 'Q', 'post_date': '1584240423'}, 'Alih Melgar II': {'text': 'Pwede ba paliitin ang binabayaran ko sa manulife???', 'post_date': '1584414959'}}",589
ManulifePH,"In light of the COVID-19 situation, we urge our policyholders to practice precautionary measures by avoiding large crowds.  Policyholders may pay their premiums online through bank partners, or via Manulife Online: https://manulife.pub/manulifeonline",https://web.facebook.com//ManulifePH/photos/a.220064528024460/3117530191611198/?type=3&__xts__%5B0%5D=68.ARB6EebEDVkF5KitIbhATcTi5B65z8TNYMimCIR_B_P6JIjiUqyNPegQJxTz4dwlbZWwkmhpjYbnnD2yiiWzh-SzfA32tOqjN6Er49Jj9vpZ4Llz5B4odai1Thd6ya3RJ3gr9aA2Gz1Qw0ycABaamncLjeQXeo52KyqxTOHO-N2QN7wPxPwEgpW3LaGHZ2OObui5tTwcyPyIBiY6jqhoZUtHLMPtIbv6T72NtXUl_Xj9GVGA_lPFqW3KUn5zd11gqUfchV6WftxWVX8Y3Mf-j39YW5EtC2AGWfTbKEzZElP6mNlY1Kttz3URcjH_ctRQbL0Gv4rdf3Uu4ZcZGSJuK70WIw&__tn__=-R,2020-03-14 02:00:36,https://scontent.fmnl5-1.fna.fbcdn.net/v/t1.0-9/s1080x2048/90128473_3117530194944531_4763731399758839808_o.jpg?_nc_cat=104&_nc_sid=8024bb&_nc_eui2=AeHc-agedHhwlpUnwMvXGBRE0V5YglHzNyfRXliCUfM3J5x1EJucIDGIzNxpuhsKSZQ0hlyot3cbHR2c2JAtAdtq&_nc_ohc=x4sCcXinUMIAX8Ndd0w&_nc_ht=scontent.fmnl5-1.fna&_nc_tp=7&oh=815cf4b576734d11df505744911a5642&oe=5EB376E4,"{'Total': '387', 'Like': '328', 'Love': '57', 'Wow': '2'}","{'Carlito Nguyen Bautista': {'text': 'please extend grace period. The due date of my sister ‚Äòs policy is January Feb 25, 2020..', 'post_date': '1585892500'}, 'Beth Estil Chavez': {'text': 'Thank you manulife ‚ù§Ô∏è‚ù§Ô∏è‚ù§Ô∏è  as an policyholders i may be thankful so much ‚ù§Ô∏è‚ù§Ô∏è‚ù§Ô∏è', 'post_date': '1584265050'}, 'April Virlon': {'text': 'Thanks for the badge üíó', 'post_date': '1584286970'}, '„ÇØ„É©„Ç¶„É≥ „É™„ÉÅ„É£„Éº„Éâ': {'text': 'thanks for the badge', 'post_date': '1584263952'}, 'Rentau Romo': {'text': 'Thanks for the badge', 'post_date': '1584236077'}}",554
ManulifePH,"We are truly grateful to these heroes, amid the COVID-19 situation. Thank you from Manulife Philippines!",https://web.facebook.com//ManulifePH/photos/a.220064528024460/3117528238278060/?type=3&__xts__%5B0%5D=68.ARAsivCJV-D8z-ij3W5C56I_RJMyxvpX60YFt2BUdz4xo8yFZ-1n7WJpWQCr6w8ysJbhqE8eBdeW_yITOGJRRzwHhwLgrhpaVhKzQYqGj8u0FK3IMVq0Ra0D_HgEUoxGXmXvUvulo-C7BXapnVgtNfkXUHyILOndCLJSOdzI28JoCfjBTyRjWwSNYWE8U_gOB17GOd4rltmmrcNO-N2Z62DJrVWFGdoEkvJXg0YUI0dKaMlybO_0dIMp_TU6otHp-B3H9S3X1doqSCrsYg4czNFo2UZ5AovsP4ROECv9xdjFO5SyPN4M1pGYBubP7IP0AAikg1PVj4EdZU7pSkt-63rUYQ&__tn__=-R,2020-03-13 09:30:32,https://scontent.fmnl5-1.fna.fbcdn.net/v/t1.0-9/s1080x2048/89048315_3117528248278059_5403415032732057600_o.jpg?_nc_cat=105&_nc_sid=8024bb&_nc_eui2=AeFe93SR0sHNy9LtrYrqoju2glHgEAo_EAeCUeAQCj8QB9u8l0Qcez4pZP0IIaHbU8rfzgkcDAMJD_jPPf2yTmFx&_nc_ohc=TZ5sunh6A1gAX8DWL03&_nc_ht=scontent.fmnl5-1.fna&_nc_tp=7&oh=99cc5304ff3a62f3caa11b4efebeaf4b&oe=5EB1999D,"{'Total': '14K', 'Like': '11K', 'Love': '2.5K', 'Wow': '33'}","{'Jhet Javier': {'text': 'Thank you for your dedication and sacrifices, all health workers and Frontliners! God bless you!  Praying for your safety üôè', 'post_date': '1585578248'}, 'Rye Cabansag': {'text': 'thank you to all of the unsung heroes! The front liners of fighting this virus! my most sincere respect ‚ù§üôè‚ù§üôè', 'post_date': '1584171273'}, 'Shulamitte Lodonia Cempron Lacida': {'text': 'Thank u very much God is good all the time  Salute to all filipino nurses God bless to all of you!üôèüôèüôèüôèüíñüíñüíñüíñ', 'post_date': '1584208621'}, 'Christian Ocampo': {'text': 'Thank you our new heroes, God Bless you all and your family as well. üôèüèªüòä', 'post_date': '1584356150'}, 'Nelly Oller': {'text': 'Godbless,to all the front liner heroes of medical staff,our sincere gratitude of thanks n prayer that you will be fine n in good health to help respond this  virus.thank you for your courages n sacrifices,God be with you.', 'post_date': '1584282968'}, 'Ela Reyes Aguilar': {'text': 'Thank You all who are doing their duties, be safe always, God bless u all', 'post_date': '1584220393'}, 'Corazon Casi√±o Kastiri': {'text': 'Thank you so much. THE LORD IS WITH AND IN all of you today and forever.', 'post_date': '1584255217'}, 'Osie Legaspi-Braceros': {'text': 'Salute to all medical workers! God bless you all', 'post_date': '1584145370'}, 'Cristy Gutierrez Garong': {'text': 'We sincerely thank you guys . Godbless', 'post_date': '1584452047'}, 'Maricor Burgos': {'text': 'Thank You so much..God bless you all!..', 'post_date': '1584175106'}, 'Annaliza Ra√±ada Narra': {'text': 'Thank you very much god bless you all.', 'post_date': '1584252675'}, 'Merlie Libunao': {'text': 'We thank you üòç Godspeedüôèüèª', 'post_date': '1584177758'}, 'Salva Mu√±oz Romero': {'text': 'The LORD bless you and keep youüôè', 'post_date': '1584256115'}, 'Ferdinand Co': {'text': 'Yes Lord protect and bless them', 'post_date': '1584173686'}, 'Alex J. Bandoquillo': {'text': 'Thank you Praying for your safety', 'post_date': '1584187854'}, 'Butch Velez': {'text': 'D‚Äô unsung heroes of the modern Times.', 'post_date': '1584103295'}, 'Mariel Sarreal': {'text': 'Salute! Thank you!', 'post_date': '1584195591'}, 'Dayuhang Balita': {'text': 'I plead the blood of JESUS to keep you  safe and protected', 'post_date': '1584191363'}, 'Edith Gesapine': {'text': 'God bless you. üôèüôèüôèüáµüá≠', 'post_date': '1584232048'}, 'Placida Ballan': {'text': 'God bless you üôè', 'post_date': '1584278047'}, 'Malou Tiangco': {'text': 'Thank youuu!! GOD BLESS', 'post_date': '1584192556'}, 'Pio Talisay': {'text': 'Filipino nurses need to fight for their rights now.', 'post_date': '1584126063'}, 'Sol Advincula': {'text': 'Thank. you. . you are risking your lives for our country.', 'post_date': '1584276183'}, 'Maria Myra B. Tolentino': {'text': 'Praying for them', 'post_date': '1584201913'}, 'Anne Pascua Arandia': {'text': 'thank u lord', 'post_date': '1584195833'}, 'Maelena Silva': {'text': 'Thank you!', 'post_date': '1584269476'}, 'Nora Orzales': {'text': 'Thank you', 'post_date': '1584219919'}, 'Tonels Balibrea Abastillas': {'text': 'Salute ,', 'post_date': '1584235390'}, 'Ronnie Nolasco': {'text': 'Amen', 'post_date': '1584277647'}, 'Dimple D Panganiban': {'text': 'Tnx manulife', 'post_date': '1584193680'}, 'Bayani Marzo': {'text': 'AMEN', 'post_date': '1584219871'}, 'Tablanza Edang John Rodney': {'text': 'Amen', 'post_date': '1584247459'}, 'Edwin Edwin': {'text': 'yess', 'post_date': '1584269946'}, 'Marfel R. Moreno': {'text': 'üëèüëèüëè', 'post_date': '1584271342'}, 'Erly Camitoc': {'text': 'Nkakalungkot lng kc napakababa ng sahod nila dito s sariling Bansa.', 'post_date': '1584153726'}, 'EmilChito Agbayani': {'text': 'Salute to all medical workers. God Bless you all!', 'post_date': '1584263274'}, 'Irene Santos': {'text': 'Salute to all medical workers ! Godbless you all üôèüëºüë®\u200düî¨üë©\u200düî¨üò∑üëÜüíñüíûüáµüá≠', 'post_date': '1584191087'}, 'Antonia Vicente': {'text': 'GOD BLESS TO ALL  MEDICAL WORKERS', 'post_date': '1584264432'}}",2K
ManulifePH,"With the rising popularity of cashless transactions that ensure accuracy, safety and convenience, Manulife has made it easier to manage your insurance plans. https://manulife.pub/39Ago31",https://web.facebook.com//ManulifePH/posts/3108437502520467?__xts__%5B0%5D=68.ARDCUUnePilT_LWLAv0012bpNljaOWMjPC8bVoJMg6PYyLI1z5_1_9ibG0jLMzNB3yMLBwSkNg16dMg4lqYH0ns5N7McoQNErHp9A1eSxWQ12WrDOiy7FtvdU3wn4GFQEs1ukLHMdBnv383UoMXrSvczRI8Y0hdRevA079I-fqj8ZYsrFwPfI9Q6i0nj_pEEEacm-RA9byKc_23tYqRnlbQcFA6CvvdtFJ7s4g24rNIktJ_N0lHzFf9bJAKDe6urrdeZ88Kt-3OyXcnz8ZZgaz9izWCHJTUrLB0wrdb05o7UyVY-l-eUWaKOWIsVjC8M7i-46DYZuayBEVbdc60Z0lztdQ&__tn__=-R,2020-03-13 03:00:47,https://external.fmnl5-1.fna.fbcdn.net/safe_image.php?d=AQARpev-L3w6Pmav&w=540&h=282&url=https%3A%2F%2Fwww.manulife.com.ph%2Fcontent%2Fdam%2Finsurance%2Fph%2Fimages%2Fblog-images%2Ffebruary-2020%2FiStock-530631109.jpg&cfs=1&upscale=1&fallback=news_d_placeholder_publisher&_nc_eui2=AeEsnwczFlkbfnYLk3QBgnVt88VsBY7zGxvzxWwFjvMbGxvp0q_A-0MGZ8BYPmlgQsvQy9_ULFREggwtdZ8tuSFy&_nc_hash=AQDVVJXXzwnWE19q,"{'Total': '204', 'Like': '173', 'Love': '30', 'Sad': '1'}",{},229
ManulifePH,"In these times, prevention is better than cure. Remember to stay calm, and practice good personal hygiene to protect yourself from catching diseases. Share these tips to everyone you care about. #ManulifeWellness",https://web.facebook.com//ManulifePH/posts/3115576685139882?__xts__%5B0%5D=68.ARDAVe0KX3kcI8ULvmhdBNqPRE-5Fpua5Y8YvQ8tSPMpHaC8s4SSvoAInScxJ_k01rA1dHW949xoK8Tc5XmA81wagIEhXIDmU92a6RqukRsTZcikNTN7J_7LzuzmsA-cYNsWRWZBkcO92aVrxDbjeB0BLTdiPth8UXe6wCmlkFtcVjFlOZIE6NMd_VXX66tZ8mprllQlEFSosSN24lpGM35wFNLuguK5r2LI8tpNk5WDiHgaITe5vM3EuzJf8WxcNF1mtoQTF1lxQCBXqecXvkk6lBhQAKrOCTYkD3KjjG0FEACJ8940FHqo_lyrNjQygXiZRpUiqZdKU1go5BlO5-g6xw&__tn__=-R,2020-03-12 12:32:58,https://scontent.fmnl5-1.fna.fbcdn.net/v/t1.0-0/p526x296/89651126_3115575195140031_5509563397106040832_o.jpg?_nc_cat=110&_nc_sid=8024bb&_nc_eui2=AeGmRu8aAUD0suyQmg1v59hF-h3SR5FcEHX6HdJHkVwQdQlVb_rfmqr_xBRrL92DaMuKtN9BEi5_xrTvJmB6cmDL&_nc_ohc=YcqW1rEMwAwAX_CrPij&_nc_ht=scontent.fmnl5-1.fna&_nc_tp=6&oh=7b5103ff5047fb48611e0d8ca8fc3ae6&oe=5EB29F9B,"{'Total': '408', 'Like': '339', 'Love': '69'}",{},681
ManulifePH,"Getting ready for some major purchase in the next 7 to 10 years? Boost your earning potential by investing in various funds, while enjoying life insurance coverage at the same time. Learn more at https://manulife.pub/32C3dMk",https://web.facebook.com//ManulifePH/posts/3108449085852642?__xts__%5B0%5D=68.ARB0OU7GKyy_5bU2Y-Wv-2WFmee_R6Ts_N6zs3yCGtr2QBof-J0gWTe0F3ieMaElgkqdhnAw9C170Uc4-9Yh0hPPvGCREt58uY-swSyJRJSROz0ZYF8YK9hhwHpZkaHsZMcdlo8rcd-O_ktVoO7uzzgLVOkkVqwfieX6SBqeisN1d0PbuZhK6pptJ5uN7zU9o0fUSana3qiqNtx-RQ-VtVD-5QZvT45YKSeYJ3SaXZbb6fQYGva_ctFZ3J4xNNQhz_Qyg-CqBWpBwOQAWPwX0rOWx4xQZzDpZi49FXOkdVfSRw86PUhoOdYJtrdPHvHXMwGxUCMuBPyHQUjffJSWtRPpJQ&__tn__=-R,2020-03-12 03:00:24,,"{'Total': '249', 'Like': '214', 'Love': '35'}","{'Michelle Dela Cruz Tando': {'text': 'Pm me for more details please', 'post_date': '1584049815'}, 'Oliveros Merlina': {'text': 'Pm me for more details po', 'post_date': '1585272691'}, 'Ji Ro Ca': {'text': 'Pm po', 'post_date': '1585385962'}}",284
ManulifePH,Finding it hard to say ‚ÄúI love you‚Äù? Understanding your partner‚Äôs love language matters a lot. Here are five unique ways on how you can get the message across. https://manulife.pub/2IIe3qZ #ManulifeTips,https://web.facebook.com//ManulifePH/posts/3107972595900291?__xts__%5B0%5D=68.ARBfHNKMiK6W1ncW-DclX3ZAhfADFKm8-nLXOQ2nUgfMgq3Ubk_roP9KaOWlNGx1Xn2ojfkGNR5bAKUq01ZeWZmAv4Lg1DjzcN_dy8QTHm6ahLC5iDo0X3mzlOP_LeNC5wlSZZih59MqrlwfAz_Jqnr4Hu5TT70-cgKxFh2LOb28t--jdjCRYejLeY3e_AMTYRyJovKwyypKUmw4uJS6UttDG-p9oY0lY00LHwoWAJhAOKpOUzzOJIh263Rsvk2Go3xzID1w5RGSRsZiVFUU2Ky6SLXRwpop-3RSa7aPQwq_7ArbFaJWzZ5S08UlJox4fCUVOAR07rcTKZALgXS9DRMf4A&__tn__=-R,2020-03-11 03:00:55,https://scontent.fmnl5-1.fna.fbcdn.net/v/t45.1600-4/cp0/q75/spS444/c0.37.525.276a/p235x350/88345999_23844206692560512_1825435193280823296_n.jpg?_nc_cat=107&_nc_sid=67cdda&_nc_eui2=AeG5o31l6e89mT7ESvb0pWihIzUZdtKaEBQjNRl20poQFBslgnhLRUOka7dmwo4_pn4fsSegNUBNqnaILjRv8AoR&_nc_ohc=gb_9HVOVILcAX9jd94i&_nc_ht=scontent.fmnl5-1.fna&oh=f49f5974dacc0810f9d9d80142082b7d&oe=5EB0FE7B,"{'Total': '644', 'Like': '480', 'Love': '160', 'Haha': '4'}","{'Alma Noel Gomez': {'text': 'Words of affirmation and Say it with hug and hold', 'post_date': '1584057595'}, 'Adelfa S Lelis': {'text': 'Hug ...hold....', 'post_date': '1583982626'}, 'Solo Keyser': {'text': 'Bads', 'post_date': '1584101695'}, 'Marilou Gabiana': {'text': '.0', 'post_date': '1584101570'}, 'Martƒ±n': {'text': 'another way of saying ""i love you""', 'image': 'https://scontent.fmnl5-1.fna.fbcdn.net/v/t1.0-0/p526x296/89653179_627983631101664_8323560690237308928_n.jpg?_nc_cat=102&_nc_sid=dbeb18&_nc_eui2=AeEOIwwy3kzaMnzLFZfp006UbF3gktX-c-lsXeCS1f5z6WscommW5rWMVMY9GeVQdInFWtnLiqg-mtexU-3GOW1e&_nc_ohc=fnsWvXQM1UQAX_-LKUV&_nc_ht=scontent.fmnl5-1.fna&_nc_tp=6&oh=504cecf202d2fb1ea1359d94c5c541b7&oe=5EB32E54', 'post_date': '1584236635'}, 'Lee Hope Heaven': {'text': 'Yung sasabihan ko na lng 143 na ibang tao yung mapapangasawa ko na lng', 'post_date': '1584086498'}}",300
ManulifePH,"We assure our policyholders of our commitment to protecting their health. For more details, visit https://manulife.pub/2W1DUSf For assistance, you may call our Customer Care Hotline at (02) 8884-7000, or reach out to your Manulife Advisor for questions about your policy.",https://web.facebook.com//ManulifePH/photos/a.220064528024460/3110782805619270/?type=3&__xts__%5B0%5D=68.ARDPMhHOLmrdC82cbuU0WgrCtFFavJvAQS8GYqXmBWK-C9cxhQmh-n_iPB4tMhV8y0-6Kd97k_Nux32GIF_uKrR9cjqyRc7aBbBnZdTcdJoo7SVXeAQStZ0jUGWp-qiVJJxcY9kowtwgOpZtfxKqSepww2vndqu9BxirW2rpKq3E88si6Ns9iJOQd6aSHqJo5Qlm6LD-DuWzdtTTy4J8vqqyyVfBRVb-PISonoP67r96-cRztPGjBjNejfmgLfBSTHsKO5-b1KjyOAPW-qulbryD8CQEDJz0o7b1ABg4pIS4h3T8lSKb0yO3AZK-J53OW8MFRx2sPCIxANQJV9isK7-gqQ&__tn__=-R,2020-03-10 10:03:03,https://scontent.fmnl5-1.fna.fbcdn.net/v/t1.0-9/s1080x2048/87853967_3110782808952603_5433484549742919680_o.jpg?_nc_cat=108&_nc_sid=8024bb&_nc_eui2=AeFBOMzjdToY6yWyAgsRQ5YoBuhGHMWWYt4G6EYcxZZi3m2gwi1rpcghMB3ELP4TeVOQMZud2KxTuTuuJmIkLerr&_nc_ohc=5fJNddoza4gAX-OxM5b&_nc_ht=scontent.fmnl5-1.fna&_nc_tp=7&oh=89e3a58feff9a686792c00386b8b4721&oe=5EB034CA,"{'Total': '546', 'Like': '370', 'Love': '170', 'Wow': '5'}","{'Cath Lee': {'text': ""Thank you Manulife! Really great that you still have a hotline at this time.  It's more comforting to talk to a real person during a crisis."", 'post_date': '1584709420'}, 'Cristy Gutierrez Garong': {'text': 'What a wonderful support from Manulife . Love it . ..', 'post_date': '1583988196'}, 'Edher Sinlao': {'text': 'hi good day..ask lng po pano po mastop ung payment ko kc nka auto debit ung payment ko pinastop ko n cia last yr p kso ngbabawasan p din ako,..gusto ko n kc ciang itigil dhil indi ko n cia kyang hulugan', 'post_date': '1586164631'}, 'Ayesha Al Ruwaili': {'text': 'Hi Manulife!! Whats your plan for your employees who reside outside Manila? There are no shuttle service,no work from home options,no updates. Whats up? Do You only care for your policyholders and not your employees???', 'post_date': '1584308757'}, 'Anne Asiatico Dacanay': {'text': 'always ready to protect more lives', 'post_date': '1583898352'}, 'Laarni Villaresis': {'text': 'Thanks Manulife..', 'post_date': '1584492425'}, 'Kim Tica': {'text': 'thanks manulife üíï', 'post_date': '1584062054'}, 'Emma Cochesa Elatico': {'text': 'Thank you Manulife', 'post_date': '1584062145'}, 'Michelle Eusebio Gelogo': {'text': 'Thanks Manulife', 'post_date': '1584327892'}, 'Hasan Osman': {'text': 'Thank you Manulife ‚ù§Ô∏è', 'post_date': '1583890716'}, 'Cecilia Lluisma Rodriguez': {'text': 'Thanks', 'post_date': '1583847700'}, 'Helen Malitod Bangoyna': {'text': 'Manulife May Pusoüíöüíöüíö', 'post_date': '1584146522'}, 'Lala Legaspi Garcia': {'text': 'üíöüíöüíö', 'post_date': '1583835532'}, 'Marco Antonio': {'text': 'üíöüíöüíö', 'post_date': '1583939410'}, 'Pelita De Lara Meru': {'post_date': '1583909478'}, 'Lou Requi': {'text': 'üíïüíï', 'post_date': '1584115616'}, 'Kayzee Rosario-Parcon': {'text': 'üíöüíöüíöüíØüíØüíØ', 'post_date': '1584029575'}}",1K
ManulifePH,"Give your child a secured future with MCBL Assure Max, a plan that offers 200% life protection for 20 years, guaranteed cash payouts every 2 years, and a lump sum cash benefit. Visit a China Bank or China Bank Savings branch near you, and speak to a Manulife-China Bank Life Financial Advisor, or click here to learn more: http://bit.ly/mcbl-assuremax",https://web.facebook.com//ManulifePH/photos/a.220064528024460/3112396065457944/?type=3&__xts__%5B0%5D=68.ARDTOr87Db9SIX1VF2AgZ5v2xjgU8nCDcJRPtv51SINuhiDMCZj7WugfAqHaqMfC8lHFdbbLfWaKziVjwYQRcBvWlN8nlrLk9zQhCk1ccNUOyg0FggeF1afWyzliZ5KiuM08EkEKyQCFw5XIL4iYrsQrhryLLkmacFu4erot90t8MK7HTuxlB-tfqDE1gWY5pHu0qjP5Ts9i5tZmPkORk7el3fRikcKZMl2DslIQ5KEEhd_wo6C0XP0Ty8l3vf1eDNE6laygVJkjz7gBrUAtb3tWyCdQDFjMVmAC-v2_jwoebgUL_KwqyTt_ubFcj1yxgx_r_ZB_8QPlkr_Y78gGdsZ_GQ&__tn__=-R,2020-03-10 04:00:00,https://scontent.fmnl5-1.fna.fbcdn.net/v/t1.0-9/s1080x2048/89606605_3112396075457943_3875521318153617408_o.jpg?_nc_cat=108&_nc_sid=8024bb&_nc_eui2=AeH-5v-_O-5fwPvaL_lbRvgBFz8kXuQZmBgXPyRe5BmYGJcjr4bVX7b3GFRiBeuPntTXDgtr-ZROeI7RIMKSA0Fd&_nc_ohc=3A331ra3GOUAX-fmoZt&_nc_ht=scontent.fmnl5-1.fna&_nc_tp=7&oh=1399ad88f95bfa092da3fd7ac2cd7dfb&oe=5EB2C864,"{'Total': '235', 'Like': '200', 'Love': '31', 'Wow': '4'}","{'Michelle Dela Cruz Tando': {'text': 'PM me for more details please', 'post_date': '1584049839'}, 'Rebecca De Dios-Valdez': {'text': 'What is the minimum coverage?', 'post_date': '1583922603'}, 'Sharon Rose Nazaro Montano-keleste': {'text': 'Pm me for more details sir pls', 'post_date': '1584748068'}}",165
ManulifePH,"Hosted by Manulife Philippines and organized by the Fintech Philippines Association, the landmark Insurtech ‚Äô20 event brought together different stakeholders. Insurance companies and insurtech startups shared best practices to help accelerate the digital revolution in the Philippine insurance industry.",https://web.facebook.com//ManulifePH/posts/3110260165671534?__xts__%5B0%5D=68.ARBKXi5YRiDPAAW7QSq9JfClMC9Ikf4xCMtzW_wvw8ZJVp1DJBGQjg0ak-ZgG1csObiKb-i7bPCXFMBNSsFxVCtbo_Qk-JbN8Af0qVJ1BycIRM9Vc2fluGUy8oyJeB7lwB-I_YJi5h8iR8tJrqwp2Vd5LWfSktUyVgPQOKdMyWksc3rU_SVRFKyYAD1sYYddwTOC56M4Sq-sWOmXD736K3Sjv_82e8pdUdF1CP5N-meQitOvqzqn_Hk-dq9uk7AOPLP9BS5ZCsVFHTGBLbT--zw5ze5xoXBEUe5ZIwNPgInYkMWgHrL2ZxxsAgX_m4eeJlkDe1TxiWRgeje8DKT3Djq0AA&__tn__=-R,2020-03-10 03:21:16,https://external.fmnl5-1.fna.fbcdn.net/safe_image.php?d=AQAx5ju4StqiUkzC&w=540&h=282&url=https%3A%2F%2Fdigitallifeasia.com%2Fwp-content%2Fuploads%2F2020%2F03%2FInsurtech-UnionBank-Justo-Ortiz-1024x949.jpg&cfs=1&upscale=1&fallback=news_d_placeholder_publisher&_nc_eui2=AeF4k6Qet-hlQkLewPJ4OyD1C8f6UKulmrYLx_pQq6WathCOsyWkOjGLGS2iOfh4Mt-SM32Rk0wnsZY6RclJmrTD&_nc_hash=AQALq2Y-LMotXL5v,"{'Total': '187', 'Like': '176', 'Love': '9', 'Wow': '2'}",{},107
ManulifePH,"Thinking of how to keep your money safe? Get a Manulife Goalkeeper to enjoy life insurance coverage for 7 or 10 years, and get your initial investment back at the end of the coverage period. Learn more at  https://manulife.pub/398FvJX",https://web.facebook.com//ManulifePH/posts/3107969099233974?__xts__%5B0%5D=68.ARAOcBEMLSRORl6h9KF066UkjNbv9lAwPgUnKhtOS1CkNScnqgnMkz9sMaGYvzFhC3Clkzpmmc-JGsmh-_stE7jqY7KO0gpJ33cms53ftc6RyS96rwDlmjpumV3YISGk9Lndf7RMYDxoav4akdhMn8SCskPUG8FbdJUfNXHDIOonmyG5Gwp-GT45hLPssJWP3zM41eqvf33YeEaTlP7ZEsM65_l45IYuoWQ6uospj5U7Yrn6KYW5xWV6gpPCWn0QlYQsPvtLXcjzc98Tyb6D-G4SgPD9K2i9bc19eAn79VhuZgIiQT_iC5aljYjKUMd9h66xP6J3rJiXDRqCL2fQSU5fww&__tn__=-R,2020-03-09 09:00:39,,"{'Total': '362', 'Like': '315', 'Love': '44', 'Wow': '3'}","{'Dinna Cruzada': {'text': 'how does this work?', 'post_date': '1583757292'}}",405
ManulifePH,"To our policyholders, our branches will still accept payments in cheque, credit or debit cards. You may also register and pay via Manulife Online.  For other easy payment options, check www.manulife.com.ph",https://web.facebook.com//ManulifePH/photos/a.220064528024460/3107964295901121/?type=3&__xts__%5B0%5D=68.ARCNyd3HqcNg8fZfNSaeHA8PCVrdNrImhtyFFhFTvcfHoorpGNJnAkNaeHUb3OEQp2WJzqY8RoyTALyN21e_vMBxTYSsgWgVm_3sFAlwLw54PXnnz1HSWURyfyXi_jfJEwm8COUltg7iuCAD2LpAhT3rsKNAD44oCSV8cQLMEDnuYQevr_ECYv82D-3HUAO-ZpuVel2lxZ3_wGvLJCZxj36xIa5hOY2c0hL_Sw15H6Aeup8pzuohH9ANHKaMtLyl9BiMOMKUS41Wuv5lJCxUtzsJ3YR_QYqB_ogNi0sAPEj7wufsze5cD2Pvmw7B_jBnkss6nYQdLH246lKIH_aVgDvKXQ&__tn__=-R,2020-03-09 02:20:39,https://scontent.fmnl5-1.fna.fbcdn.net/v/t1.0-9/s1080x2048/89230265_3107964302567787_6492530778067435520_o.jpg?_nc_cat=111&_nc_sid=2d5d41&_nc_eui2=AeFH3bc0q0EVPfHyE2nH8dfpOHuJA-a-0Zw4e4kD5r7RnKqqAZM6uvNFHCOg2LUSSxVON052ayVSvv7C0002eTaI&_nc_ohc=Nlxaa0oRabcAX91d0rn&_nc_ht=scontent.fmnl5-1.fna&_nc_tp=7&oh=21aa536552fcc2539e51fc22632a3081&oe=5EB11B1D,"{'Total': '404', 'Like': '364', 'Love': '37', 'Wow': '3'}","{'Laidz': {'text': ""I've been trying to register sa Manulife Online, kaso palaging error. Ano po ba dapat gawin? Please help. Thank you."", 'post_date': '1584883508'}, 'Jocelle Emperado Nogoy': {'text': 'Gcash? Not an option sir?', 'post_date': '1583741271'}, 'A√±dls So√±j': {'text': 'How to pay through Metrobank online?', 'post_date': '1583740182'}, 'Teresa Chin Pua': {'text': 'how about paying to bdo? pwd po ba?', 'post_date': '1585820660'}, 'Bernadette Arboladora': {'text': 'How about paying cash in  accredited bank  po?', 'post_date': '1583840680'}, 'Ismar Alingig Trapal': {'text': 'How about paying via gcash?', 'post_date': '1583832575'}, 'Seph Palomo': {'text': 'How bout bayad center?', 'post_date': '1584607769'}, 'Hazel Ferraris': {'text': 'how about sa bdo?', 'post_date': '1583729321'}, 'Caroline Gumuwang Nabehhet': {'text': 'How about Bayad Center?', 'post_date': '1584487977'}, 'Ialyn Enriquez Pinero': {'text': 'Gnun....', 'post_date': '1583725405'}, 'Lucille Sy': {'text': 'Paymaya?', 'post_date': '1583766697'}, 'Mariefrance Armenta Llantero': {'text': 'Hi applicable p rin ba bayad ctr.', 'post_date': '1585495058'}, 'Tamai Buen': {'text': 'Howabout bayad center po?', 'post_date': '1583844025'}, 'Jelo Reyes': {'text': 'Take Note: Jel SN Culala', 'post_date': '1583848626'}}",573
ManulifePH,Let‚Äôs help create a more gender-equal world. #EachForEqual #ManulifeWeekends,https://web.facebook.com//ManulifePH/photos/a.220064528024460/3105388102825407/?type=3&__xts__%5B0%5D=68.ARB4CS17iCr1VY01wFtiEALFEd48Lm1y4wzAhN-wBbkLrs2qcwWGfJVQSd6DAYHnhsZwbF7Q-pHq5eVacBzotI5eoChbcn_4S90A_6XP9KPbguM24dLw9EFlqUt1_LRvN0zy9KlTEduDk2hvIg1CSJN61FDdNZBKAUbOIbzZ0uYuRW5ntYwUkH6lLEKKZV77bGB8sljYDQXbFyKCPUuBkdAKwy5THmp5Y2JzBHAQABywNfCEA5esoUmT04NYFCZsPjKRW1jO7kOA4hD0yO7IE2bt7Pbc2aNyCgmjbkX_bJ_-GrZbzf-GPscz4-3MxfkDUxgXPxWAAIWgyOV4-qgz0OYwAA&__tn__=-R,2020-03-07 23:00:57,https://scontent.fmnl5-1.fna.fbcdn.net/v/t1.0-9/s1080x2048/89330324_3105388109492073_1331589369571573760_o.jpg?_nc_cat=107&_nc_sid=da1649&_nc_eui2=AeHpNdNsJbQPZKajMYrGCwD_qLKAJEh8nsiosoAkSHyeyDIsVLVfAkhfNYPECGa9Ht4WKUm8zH71OtdmKBaFMa9h&_nc_ohc=8PUlqZovdBYAX92RfBd&_nc_ht=scontent.fmnl5-1.fna&_nc_tp=7&oh=85df2e450806b97a63ebf3865027d016&oe=5EB10900,"{'Total': '396', 'Like': '309', 'Love': '87'}","{'Charlyn Basilio': {'text': 'Amen', 'post_date': '1583650642'}, 'Vida Sencilla': {'text': 'Indeed.', 'post_date': '1583897723'}, 'Alcala Madamay Sasil': {'text': 'Wow.', 'post_date': '1583815217'}}",350
ManulifePH,"Who will reign supreme this season? Don‚Äôt miss the serves, spikes and scores! We‚Äôre a proud sponsor and partner of the UAAP Women‚Äôs Volleyball Season 82!  #ManulifexUAAP #UAAPSeason82",https://web.facebook.com//ManulifePH/photos/a.220064528024460/3101693069861577/?type=3&__xts__%5B0%5D=68.ARAv4vJxbnQgDekwrHa_H1OgevALxF9w-alBellxCbS_egiLKmIeAMjMVuo97BUSiMwabPqBtc-gcu24TCpNKBicZ355AcrdCpL4PGsX01cx0CnHz2oBFVzy1tce8imB22hS6QHbGSENzN5t0CgBTKgt5d9W1UVYtyfmbf3tQ2rJoV2PyWUAaJSJFDxVnCPL_WtpOluQzLzAZBeRPkL_M9yHpLN-Q3IbrPm0s-zXeYNNtfPyhLhoIPyR2p8ueCZX5Iq5XzNGcAgRoMpguzqHrcCoJcr3BDR0OkSnib4MA6yOk14TAfZJCtfa8g8NUDw5jGGfh7Yj1YHDxF6hzQW6PpyDug&__tn__=-R,2020-03-06 07:00:40,https://scontent.fmnl5-1.fna.fbcdn.net/v/t1.0-9/s1080x2048/89261038_3101693073194910_2975177472900857856_o.jpg?_nc_cat=105&_nc_sid=da1649&_nc_eui2=AeElvV-QgxAjVe4xmbdS4bj85cmDVHK7XNzlyYNUcrtc3B6OrYanbP5dWPVHMHi4VbEnsZXk7y1JVs0sH44zslQW&_nc_ohc=7SXVS12PbvoAX86n11G&_nc_ht=scontent.fmnl5-1.fna&_nc_tp=7&oh=b85c6559575bd0c757962714166613f3&oe=5EB398D4,"{'Total': '283', 'Like': '232', 'Love': '44', 'Wow': '7'}",{},210
ManulifePH,"For as little as Php33/day, live your best life knowing you and your family‚Äôs future are secured. Get started today! Learn more at: https://manulife.pub/38JFfRh",https://web.facebook.com//ManulifePH/photos/a.220064528024460/3099526573411560/?type=3&__xts__%5B0%5D=68.ARDOYuL4T3qUG-Si9clguaeOEkFVRZa3kwuyxXN6VxEgiecNh0NP2IUTE16RrCXephD7DZHegSN2rZZdGJHBa5NhCrAT6OTrFFBJgzPelJGDjdF0H7T7WOkJ2Y3UAQEM4TrxONciPLTJwos7k1UC9UdDIfJhjtZe0zeM91zBarGqAMJAc4KkxB6H1DdWd4hg3e5C3B2Bx2yOkKiM1ZsJ_vxeN8DcblS3h09KWngear3mEFwyhy3Y33x-1moOCmY3Pzijn9QM9rJDtMpHcYnYgN2nh1sqfbuWbESd1NUhFEePq92eNz9qJ_7Li7R5wHhQG2k7tpE4zSu-_ddeJh9R09_S5A&__tn__=-R,2020-03-05 09:00:33,https://scontent.fmnl5-1.fna.fbcdn.net/v/t1.0-9/s1080x2048/88196475_3099526576744893_8410859242013065216_o.jpg?_nc_cat=103&_nc_sid=da1649&_nc_eui2=AeG9BFtaJF3d8X8lZlhQS6sfvG5F1JRGfTC8bkXUlEZ9MDwHqab3vZYnPyWXxfKGTubiw7PbQ5ALKsBWMpYQSGIA&_nc_ohc=7VPo8JENAE8AX_jK_z8&_nc_ht=scontent.fmnl5-1.fna&_nc_tp=7&oh=fe50e377347b72d122d6b376d5b8559b&oe=5EB39F5A,"{'Total': '1.1K', 'Like': '989', 'Love': '152', 'Wow': '10'}","{'Mayen Raz Atienza': {'text': 'Details po', 'post_date': '1583667304'}, 'Yumina Idulsa De Guzman': {'text': 'Paano po thanks', 'post_date': '1583697156'}, 'Melissa Huit Parone': {'text': 'Please send details. Thanks', 'post_date': '1583644891'}, 'Charie Marcelo': {'text': 'details pls', 'post_date': '1583863602'}, 'Criss Espina': {'text': 'Details po', 'post_date': '1583977466'}, 'Jhazzy Olivo De Leon': {'text': 'Need some details please....', 'post_date': '1584645535'}, 'Kathleen Gonzales De Silva': {'text': 'Details po.', 'post_date': '1583659142'}, 'Maria Goretti Rodriguez': {'text': 'How', 'post_date': '1583480932'}, 'Wilma Zarraga Conde': {'text': 'Is this microinsurance product ?', 'post_date': '1583975267'}, 'Medz Alivio Lanada Talisik': {'text': 'details po pls', 'post_date': '1583736940'}, 'Michelle Dela Cruz Tando': {'text': 'Pls send me the details e', 'post_date': '1584049928'}, 'Hernandez Marish Naval': {'text': 'Details please', 'post_date': '1583901145'}, 'Julie Ann Meude': {'text': ' Details po', 'post_date': '1583903553'}, 'Lucy Recto Esplago': {'text': 'Pleased the r3tails', 'post_date': '1583649535'}, 'Melinda Leira': {'text': 'Details please', 'post_date': '1583854212'}, 'Annabel Martizano': {'text': 'Details pls', 'post_date': '1583680208'}, 'Gladz Landero': {'text': 'Details pls', 'post_date': '1583743692'}, 'Edna Jhane Habbyieng': {'text': 'How can I avail...??', 'post_date': '1583608102'}, 'Willy Luce': {'text': 'Details pls', 'post_date': '1583867004'}, 'Alps Akiangan': {'text': 'Details please...', 'post_date': '1583663598'}, 'Volter S. Pelipel': {'text': 'details please..', 'post_date': '1583901007'}, 'R A Vi': {'text': 'Details pls', 'post_date': '1583851734'}, 'Christine Pacquiao Roa': {'text': 'May i know po?', 'post_date': '1583736321'}, 'Maria Imperial': {'text': 'Is this life or health insurance?', 'post_date': '1584060169'}, 'Jaja Jen': {'text': 'How to avail', 'post_date': '1583842428'}, 'Cyrus Alojado': {'text': 'Paano po send me some details', 'post_date': '1583802831'}, 'Mariya Luwisa': {'text': 'Interested', 'post_date': '1583810946'}, 'Kaye Gasp': {'text': 'Details', 'post_date': '1583731317'}, 'Marso Bente Otso': {'text': 'Details pls!!', 'post_date': '1583798476'}, 'Floro Alcantara Rachel': {'text': 'How?', 'post_date': '1585545736'}, 'Revi Gie Verallo Mendez': {'text': 'how po', 'post_date': '1583654406'}, 'Rymecede Rafols Banglos': {'text': 'how', 'post_date': '1584025928'}, 'Joseph Francis Puerta': {'text': 'Details', 'post_date': '1583721703'}, 'Imiel Saligumba': {'text': 'Ols send deatils', 'post_date': '1583842877'}, 'Sselbiram Sanchez Egos': {'text': 'Soonest‚ù§Ô∏è', 'post_date': '1583669620'}, 'Marichelle Ilagan Canivel': {'text': 'wala po aq soa this month...', 'post_date': '1583795794'}, 'Ann Cartajena Agcaoili': {'text': 'how', 'post_date': '1583979540'}, 'Melissa Larra Cruz': {'text': 'Inclusion po?', 'post_date': '1583845624'}, 'Perly Vivares': {'text': 'How?', 'post_date': '1583593020'}, 'Shirley Balajadia Doyaoen': {'text': 'Anak greggy kuha ka na insurance niyo hubby mo', 'post_date': '1583793529'}, 'Almyr Gabaton': {'text': 'How', 'post_date': '1583629153'}, 'Vinia Genson-Real': {'image': 'https://external.fmnl5-1.fna.fbcdn.net/safe_image.php?d=AQDPs0sZaybFypYB&w=574&h=400&url=https%3A%2F%2Fmedia1.tenor.co%2Fimages%2Fbda2ac444cbde8e2b44cd326312fd684%2Ftenor.gif%3Fitemid%3D9632851&_nc_eui2=AeGDa6F5YOKOah3fe5nxMtEHkA8YB-Yiq5qQDxgH5iKrmg3RTBJ6Q1r2Ja9A40_RKlUpZUWXEptDlMzcZ9OYlAhw&_nc_hash=AQAALvVUgpMIXOma', 'post_date': '1583793577'}, 'Corazon Tiwan Manodom': {'text': 'Paano anong edad pwede makaavail at ang mga benefits', 'post_date': '1583890917'}, 'Bing Flores': {'text': 'Interested. Details, please.', 'post_date': '1584012513'}, 'Mila Refuerzo': {'text': 'Whats ur landline or cell?  Pls call 0918 9592180.thnx', 'post_date': '1583809336'}, 'Leth Parafina': {'text': 'Ask ko lang po senior citizen na ako 66 yrs old pwede pa ba ako mag avail diyan', 'post_date': '1583820690'}, 'Arlyn Oxales': {'text': 'how', 'post_date': '1583578345'}}",708
ManulifePH,"Whether planning to travel, or making a downpayment for a condo or car, or settling down soon, start saving for those future expenses today. Let us help you #PlanYourBestLife Ask us about Manulife Freedom or learn more at https://manulife.pub/39rpRJy",https://web.facebook.com//ManulifePH/photos/a.220064528024460/3096929620337922/?type=3&__xts__%5B0%5D=68.ARAKMr-776EiqMBrWjwDyLjIhmI6N8erHSDeYtLHyXr0-r5Fzs-Rcabcq_EfFG69-xv4dKzzxjRiwBgqspw1fyVOU-xWPUCO4wPORMaJuJqicJUcuDYU4XR_iRprEpi7GdoK4KHvQ5ni7Z3k0wawtTiH6ciYltO6KHWQYfAnyg4plPrDC5oQpR4O3L5_tE7Ck46qBPtoP4O0FjNVew5w9qkTro3kNYuDS3eihu4BU13ssiOzxDI6sj5ZsdyMwrOv_Jt04BMpV30teULjDcKqHPyBKgquKJDCOyNF4i5py74Z5x_fpifQvj_rfMRqyqlPY5__1nXN9MUt39TazYcsPMTLMQ&__tn__=-R,2020-03-04 07:00:42,https://scontent.fmnl5-1.fna.fbcdn.net/v/t1.0-9/s1080x2048/89124802_3096929627004588_6398306286584201216_o.jpg?_nc_cat=103&_nc_sid=2d5d41&_nc_eui2=AeFTeJ2-dYZGScg11qhjy_7LYDJMNWv33N5gMkw1a_fc3mC1oRcqrYBW-224JI2QEhlChhEWQ8_bDJ2edBEOL9ms&_nc_ohc=Kiu89n5VbU0AX-1bJtt&_nc_ht=scontent.fmnl5-1.fna&_nc_tp=7&oh=e06b91b6783ee5b1de03bfc21327655b&oe=5EB1E6C7,"{'Total': '1.3K', 'Like': '1.1K', 'Love': '166', 'Wow': '8'}","{'Yapitac Catz': {'text': 'What kind of policy?and Hm monthly amortization and how many yrs to pay?', 'post_date': '1583882337'}, 'Leian Luiz De Leon': {'text': 'How much is the minimum monthly?', 'post_date': '1584028854'}, 'Chin Matugas': {'text': 'Details pls', 'post_date': '1585921020'}, 'Go Go Nelz': {'text': 'How', 'post_date': '1583997390'}, 'Luz Pascual': {'text': 'Details po', 'post_date': '1583676099'}, 'Rocky Pimentel': {'text': 'Pwede po bang mag request ng Agent to discuss this?', 'post_date': '1583739104'}, 'Ferrey Joy Anib Suarez': {'text': 'Pwede po ba mag continue?', 'post_date': '1584066205'}, 'Rozemary Mabunga Fellizar': {'text': 'Yumayaman kn tlga Richard,God Bless...', 'post_date': '1583737430'}, 'Deliela Hermano Llanillo': {'text': 'Details pls', 'post_date': '1583738534'}, 'Jennifer Gray': {'text': 'How details pls', 'post_date': '1583722050'}, 'Floro Alcantara Rachel': {'text': 'How?', 'post_date': '1585545981'}, 'Rogelio Solomon': {'text': 'How', 'post_date': '1583849583'}, 'Glen Dianos': {'text': 'Wao', 'post_date': '1583458044'}, 'Relly Moran': {'text': 'Manulife insurance kami...', 'post_date': '1583764979'}, 'Maylin Dayap': {'text': 'Kna2x....', 'post_date': '1583620642'}, 'July Posada Rodriguez Rodriguez': {'post_date': '1583761981'}, 'Vince Cipria': {'text': 'May insurance card po me dati pa po ito kinuhaan ako NG boss ko nung nag work ako sakanila active pa po ba Un? Kasi Sabi lifetime insurance daw po Un. Nandto pa sakin Yung card ask lang po.tnx', 'post_date': '1583720451'}}",856
ManulifePH,,https://web.facebook.com//ManulifePH/photos/a.220064528024460/3095174633846754/?type=3&__xts__%5B0%5D=68.ARD5_zkLhG4mpdECHHdrEDDELemsnDruPivpiQCy5tS-0Z_QSe55XdqRj3BhxSkB9-kaA-VS26KYfuVpxXfqoAN-58oaBMlfzd-bnBt5o0hMswJuV5ZFO7wg_HayLoEJD0rC3P-kjLJedgnXvtMZl-DqgyRuGJCU2cmA0hTlDlzDkgwiB8t99_iPpFUzcnf93V6Xp25IirmRJ5Y-heP0y3Fz3SEED2Va_CxtACa1xNZp4L3aHXWJmPyen20OqFZmfyzEmy6W7JEs7KOdtVdcAgPkIsQa2XEp2nmGJmqxbWULmMxCPzFgSwUkb5yLAAdVZSIl8L_42l79UF63WAIQNcoY6Q&__tn__=-R,2020-03-04 02:00:37,https://scontent.fmnl5-1.fna.fbcdn.net/v/t1.0-9/s1080x2048/89085696_3095174643846753_7983719384306679808_o.jpg?_nc_cat=111&_nc_sid=da1649&_nc_eui2=AeGhiqWzXkF3Vl9Q-Sj_V1Obvv41DpL4XmW-_jUOkvheZbfvAdS9HNwZNEzdYQHhXjuM-qInQzC8Q1CQCLa88dzu&_nc_ohc=PNUx1WUz4qMAX9PKjiO&_nc_ht=scontent.fmnl5-1.fna&_nc_tp=7&oh=e8156d457d8eb05706a1c455a412c791&oe=5EB2BC23,"{'Total': '254', 'Like': '227', 'Love': '26', 'Wow': '1'}","{'Thess Gamboa': {'text': ""Hello, manulife, I have been following up our claim for my hubby's insurance who died in 2009. I submitted all documents we were asked for. Medyo hindi yata napapansin so i decided to call your attention thru this medium. Thanks."", 'post_date': '1583742095'}, 'Prince Per': {'text': 'how', 'post_date': '1583398096'}, 'Richard Tow': {'text': 'how', 'post_date': '1583293121'}}",182
ManulifePH,Have that extra layer of protection to safeguard you from life‚Äôs unforeseen events. We can help.  Ask us about our Protection plans or learn more at https://manulife.pub/32LEcya,https://web.facebook.com//ManulifePH/photos/a.220064528024460/3093544540676430/?type=3&__xts__%5B0%5D=68.ARDAOrughMaqzJt60eyTF3X0qTjmU0R00bcOSlj-q8I2fBNwcBH6ZJ_EFty7sK5oPztImEN-uKGQu4srADxDOdKJ0iIBGQT38gc0Fq9DrHUsjUtgelZ5ZB47F5QXoQl37b_xDT5KXAe2J8oa_4_tSnWPfW3J8ZTwn9bvg3F1gLAYKqbmZ6jsL-1wmS7EuLeQF7AeAVUVib-H0pYylJhfpHzPH59sU_vBPSSDqS-kLvBsAkKrrfQhNuRgbr6YdDQ8P4tYw6PQysmssDJAplr2oaRcCqQ4bqKEQglo56AzBM3MiqDbs9PnzmoWGlqXPEcs1eI8rEpvQqCcCpTScB3C2ZtFkg&__tn__=-R,2020-03-03 09:30:14,https://scontent.fmnl5-1.fna.fbcdn.net/v/t1.0-0/p600x600/89255549_3093544547343096_2085332602188726272_o.jpg?_nc_cat=110&_nc_sid=da1649&_nc_eui2=AeGR24MB64hkTCgHRV6WFoN4jMG1pEDB3guMwbWkQMHeC4pLdsupmaRaO1cjodhGs6hybfyZAd8Kn47kShCErQfF&_nc_ohc=M93M0J4FtiwAX-SGVNZ&_nc_ht=scontent.fmnl5-1.fna&_nc_tp=6&oh=84f2a173743db14528fbd9bb94cf61f3&oe=5EB0AD59,"{'Total': '6.3K', 'Like': '5.7K', 'Love': '529', 'Haha': '42'}","{'Letty Lechuga': {'text': 'Wow congrats ank!', 'post_date': '1583285449'}, 'Maimai Rafanan': {'text': 'CLOY fever! ‚ù§‚ù§‚ù§ #SerisChoice', 'post_date': '1583234933'}, 'Aireen Delcastillo': {'text': 'Try in try', 'post_date': '1583359890'}, 'Sara Magnaye': {'text': 'Ww', 'post_date': '1583376799'}, 'Angel Bren': {'text': '#CLOY#SERi ‚ù§Ô∏è', 'post_date': '1583467072'}, 'Aila DS': {'text': 'CLOY ü§£ü§£ü§£', 'post_date': '1583494996'}, 'Janice Pala√±a Villapa√±a': {'text': 'cloy?', 'post_date': '1583228442'}, 'Joan Alburo': {'text': ""Mary Grace Barroso-Fajardo. Are we doin' paragliding?! ‚ù§"", 'post_date': '1583469673'}, 'Jacob E. Lipana': {'text': 'K', 'post_date': '1583330140'}, 'Fritsceline Villamor': {'text': '#serischoice üëå', 'post_date': '1583333116'}, 'Pamkime Alba': {'text': '#serischoice. hahahha', 'post_date': '1583453114'}, 'Desa Tayting': {'text': 'Dami na talagang signs and symptoms hahahaha Mariane Tagaca', 'post_date': '1583473121'}, 'Cm Chua': {'text': 'sige nga manood ka ng crash landing There Chua', 'post_date': '1584334018'}}",773
